SCENARIO_ID;ARRIVAL_ID;METOCEAN_QUEUE_TIME;BERTH_QUEUE_TIME;CHANNEL_QUEUE_TIME;TOTAL_QUEUE_TIME
2SemDragagem2030;3544;0.0;0.5;0.0;0.5
2SemDragagem2030;3545;0.0;0.0;2.5;2.5
2SemDragagem2030;3546;0.0;5.33;0.0;5.33
2SemDragagem2030;3547;0.08;2.92;0.08;3.08
2SemDragagem2030;3548;0.0;3.58;0.08;3.67
2SemDragagem2030;3549;0.17;5.75;0.0;5.92
2SemDragagem2030;3550;0.0;2.17;1.67;3.83
2SemDragagem2030;3551;0.0;0.0;0.0;0.0
2SemDragagem2030;3552;0.0;0.0;6.33;6.33
2SemDragagem2030;3553;0.0;0.25;0.0;0.25
2SemDragagem2030;3554;19.08;68.83;0.0;87.92
2SemDragagem2030;3555;0.0;0.0;0.0;0.0
2SemDragagem2030;3556;3.0;36.83;0.0;39.83
2SemDragagem2030;3557;0.0;0.0;0.0;0.0
2SemDragagem2030;3558;67.83;0.25;0.0;68.08
2SemDragagem2030;3559;0.0;0.67;0.0;0.67
2SemDragagem2030;3560;0.0;1.17;0.0;1.17
2SemDragagem2030;3561;1.33;25.5;0.0;26.83
2SemDragagem2030;3562;0.0;2.17;0.0;2.17
2SemDragagem2030;3563;0.0;3.0;0.0;3.0
2SemDragagem2030;3564;0.0;0.92;0.0;0.92
2SemDragagem2030;3565;0.0;0.17;0.0;0.17
2SemDragagem2030;3566;0.0;0.33;0.0;0.33
2SemDragagem2030;3567;0.0;0.67;0.0;0.67
2SemDragagem2030;3568;0.0;1.25;0.0;1.25
2SemDragagem2030;3569;39.67;0.0;0.0;39.67
2SemDragagem2030;3570;39.83;2.33;1.17;43.33
2SemDragagem2030;3571;48.08;7.25;1.92;57.25
2SemDragagem2030;3572;0.0;0.0;0.0;0.0
2SemDragagem2030;3573;15.75;43.0;0.0;58.75
2SemDragagem2030;3574;40.25;99.42;0.0;139.67
2SemDragagem2030;3575;0.0;0.0;0.0;0.0
2SemDragagem2030;3576;0.0;0.83;0.0;0.83
2SemDragagem2030;3577;1.42;15.67;0.0;17.08
2SemDragagem2030;3578;0.0;1.25;0.0;1.25
2SemDragagem2030;3579;2.5;42.17;0.0;44.67
2SemDragagem2030;3580;0.0;0.0;0.0;0.0
2SemDragagem2030;3581;0.0;0.0;0.0;0.0
2SemDragagem2030;3582;0.0;2.25;0.0;2.25
2SemDragagem2030;3583;0.08;0.08;0.0;0.17
2SemDragagem2030;3584;39.0;85.25;0.0;124.25
2SemDragagem2030;3585;0.33;4.17;0.0;4.5
2SemDragagem2030;3586;0.0;0.0;0.0;0.0
2SemDragagem2030;3587;0.0;0.5;0.0;0.5
2SemDragagem2030;3588;0.0;0.5;0.0;0.5
2SemDragagem2030;3589;0.0;0.0;0.0;0.0
2SemDragagem2030;3590;0.0;0.0;0.0;0.0
2SemDragagem2030;3591;24.58;9.58;1.92;36.08
2SemDragagem2030;3592;63.17;128.17;0.0;191.33
2SemDragagem2030;3593;81.33;200.0;0.0;281.33
2SemDragagem2030;3594;0.0;0.0;0.0;0.0
2SemDragagem2030;3595;33.0;73.08;0.0;106.08
2SemDragagem2030;3596;1.0;2.25;1.5;4.75
2SemDragagem2030;3597;1.0;0.0;0.5;1.5
2SemDragagem2030;3598;17.33;6.33;0.0;23.67
2SemDragagem2030;3599;49.75;12.17;0.0;61.92
2SemDragagem2030;3600;0.5;0.58;0.0;1.08
2SemDragagem2030;3601;0.0;0.08;0.0;0.08
2SemDragagem2030;3602;0.25;18.33;0.0;18.58
2SemDragagem2030;3603;2.0;19.17;0.0;21.17
2SemDragagem2030;3604;29.0;16.17;0.0;45.17
2SemDragagem2030;3605;13.25;0.92;1.83;16.0
2SemDragagem2030;3606;0.0;0.33;0.0;0.33
2SemDragagem2030;3607;0.0;0.58;0.0;0.58
2SemDragagem2030;3608;1.83;27.5;2.67;32.0
2SemDragagem2030;3609;10.08;35.83;2.75;48.67
2SemDragagem2030;3610;0.0;0.0;0.0;0.0
2SemDragagem2030;3611;0.0;1.83;0.0;1.83
2SemDragagem2030;3612;28.92;69.5;0.0;98.42
2SemDragagem2030;3613;92.0;278.58;0.0;370.58
2SemDragagem2030;3614;237.08;1850.92;0.0;2088.0
2SemDragagem2030;3615;0.0;8.17;0.08;8.25
2SemDragagem2030;3616;17.75;41.0;0.08;58.83
2SemDragagem2030;3617;38.33;84.42;0.08;122.83
2SemDragagem2030;3618;0.0;0.0;0.17;0.17
2SemDragagem2030;3619;0.0;0.17;0.0;0.17
2SemDragagem2030;3620;6.92;18.75;0.0;25.67
2SemDragagem2030;3621;0.0;0.42;0.0;0.42
2SemDragagem2030;3622;19.83;161.83;0.0;181.67
2SemDragagem2030;3623;6.33;35.08;0.0;41.42
2SemDragagem2030;3624;0.0;1.33;0.42;1.75
2SemDragagem2030;3625;1.25;24.67;0.08;26.0
2SemDragagem2030;3626;9.25;38.58;0.08;47.92
2SemDragagem2030;3627;44.33;45.33;0.08;89.75
2SemDragagem2030;3628;77.0;17.5;0.0;94.5
2SemDragagem2030;3629;24.33;61.83;0.0;86.17
2SemDragagem2030;3630;79.83;127.75;0.0;207.58
2SemDragagem2030;3631;0.0;1.0;0.0;1.0
2SemDragagem2030;3632;9.17;41.58;0.0;50.75
2SemDragagem2030;3633;13.92;77.17;0.0;91.08
2SemDragagem2030;3634;12.42;80.25;0.0;92.67
2SemDragagem2030;3635;0.0;13.42;0.0;13.42
2SemDragagem2030;3636;8.75;25.08;0.0;33.83
2SemDragagem2030;3637;0.0;0.0;0.0;0.0
2SemDragagem2030;3638;0.0;2.67;0.0;2.67
2SemDragagem2030;3639;0.0;0.33;0.0;0.33
2SemDragagem2030;3640;0.0;0.17;0.0;0.17
2SemDragagem2030;3641;8.25;29.08;0.17;37.5
2SemDragagem2030;3642;8.25;23.33;0.17;31.75
2SemDragagem2030;3643;53.17;4.0;0.0;57.17
2SemDragagem2030;3644;108.5;309.58;0.0;418.08
2SemDragagem2030;3645;21.33;144.42;0.0;165.75
2SemDragagem2030;3646;8.0;20.0;0.0;28.0
2SemDragagem2030;3647;14.08;82.0;0.0;96.08
2SemDragagem2030;3648;0.0;0.0;0.75;0.75
2SemDragagem2030;3649;0.0;3.5;1.58;5.08
2SemDragagem2030;3650;8.25;15.33;0.0;23.58
2SemDragagem2030;3651;9.92;38.67;0.0;48.58
2SemDragagem2030;3652;8.08;17.58;1.67;27.33
2SemDragagem2030;3653;0.0;0.0;0.0;0.0
2SemDragagem2030;3654;18.92;43.83;0.0;62.75
2SemDragagem2030;3655;8.0;16.17;1.25;25.42
2SemDragagem2030;3656;8.0;31.58;0.0;39.58
2SemDragagem2030;3657;14.42;80.42;0.0;94.83
2SemDragagem2030;3658;12.17;22.08;0.0;34.25
2SemDragagem2030;3659;7.83;34.25;0.0;42.08
2SemDragagem2030;3660;0.0;4.42;0.0;4.42
2SemDragagem2030;3661;8.08;26.92;0.0;35.0
2SemDragagem2030;3662;10.33;60.42;0.0;70.75
2SemDragagem2030;3663;17.33;74.42;0.0;91.75
2SemDragagem2030;3664;0.0;2.42;0.0;2.42
2SemDragagem2030;3665;0.0;0.5;0.0;0.5
2SemDragagem2030;3666;0.0;0.0;0.0;0.0
2SemDragagem2030;3667;24.33;40.17;0.0;64.5
2SemDragagem2030;3668;0.0;0.0;0.0;0.0
2SemDragagem2030;3669;12.33;17.75;0.0;30.08
2SemDragagem2030;3670;0.0;0.08;0.0;0.08
2SemDragagem2030;3671;8.08;87.75;0.0;95.83
2SemDragagem2030;3672;112.5;315.33;0.0;427.83
2SemDragagem2030;3673;16.0;171.33;0.0;187.33
2SemDragagem2030;3674;61.08;173.08;0.0;234.17
2SemDragagem2030;3675;2.67;45.0;0.0;47.67
2SemDragagem2030;3676;3.17;43.25;0.0;46.42
2SemDragagem2030;3677;1.58;22.42;0.0;24.0
2SemDragagem2030;3678;1.33;27.92;0.0;29.25
2SemDragagem2030;3679;6.58;63.58;0.0;70.17
2SemDragagem2030;3680;9.17;84.92;0.0;94.08
2SemDragagem2030;3681;34.58;9.17;0.0;43.75
2SemDragagem2030;3682;13.5;149.75;0.0;163.25
2SemDragagem2030;3683;31.0;70.25;0.0;101.25
2SemDragagem2030;3684;10.58;94.5;0.0;105.08
2SemDragagem2030;3685;0.0;0.17;0.0;0.17
2SemDragagem2030;3686;11.33;119.08;0.0;130.42
2SemDragagem2030;3687;2.5;4.0;34.75;41.25
2SemDragagem2030;3688;11.0;100.83;0.08;111.92
2SemDragagem2030;3689;8.92;84.83;0.0;93.75
2SemDragagem2030;3690;98.75;21.25;0.0;120.0
2SemDragagem2030;3691;34.25;81.17;0.0;115.42
2SemDragagem2030;3692;149.33;122.33;0.0;271.67
2SemDragagem2030;3693;1.33;36.5;0.0;37.83
2SemDragagem2030;3694;6.58;61.58;0.0;68.17
2SemDragagem2030;3695;13.58;94.33;0.0;107.92
2SemDragagem2030;3696;7.83;62.08;0.0;69.92
2SemDragagem2030;3697;1.92;33.08;0.0;35.0
2SemDragagem2030;3698;3.83;43.58;0.0;47.42
2SemDragagem2030;3699;54.67;38.75;0.0;93.42
2SemDragagem2030;3700;0.0;0.0;0.0;0.0
2SemDragagem2030;3701;0.0;1.42;0.0;1.42
2SemDragagem2030;3702;0.0;0.0;0.0;0.0
2SemDragagem2030;3703;1.42;10.0;0.0;11.42
2SemDragagem2030;3704;0.0;0.0;0.0;0.0
2SemDragagem2030;3705;3.25;6.83;0.0;10.08
2SemDragagem2030;3706;10.17;8.17;0.0;18.33
2SemDragagem2030;3707;12.25;193.92;0.0;206.17
2SemDragagem2030;3708;19.67;323.67;0.0;343.33
2SemDragagem2030;3709;21.67;269.75;0.0;291.42
2SemDragagem2030;3710;81.67;252.75;0.08;334.5
2SemDragagem2030;3711;5.58;38.67;0.0;44.25
2SemDragagem2030;3712;8.42;54.08;0.0;62.5
2SemDragagem2030;3713;14.75;170.17;0.0;184.92
2SemDragagem2030;3714;12.08;119.58;0.0;131.67
2SemDragagem2030;3715;45.33;96.08;0.0;141.42
2SemDragagem2030;3716;4.58;10.75;21.33;36.67
2SemDragagem2030;3717;13.5;147.5;0.17;161.17
2SemDragagem2030;3718;90.58;33.25;0.0;123.83
2SemDragagem2030;3719;23.92;49.08;0.0;73.0
2SemDragagem2030;3720;4.5;48.42;0.0;52.92
2SemDragagem2030;3721;7.5;57.25;0.0;64.75
2SemDragagem2030;3722;0.17;1.17;0.0;1.33
2SemDragagem2030;3723;16.08;95.17;0.0;111.25
2SemDragagem2030;3724;10.25;61.17;0.0;71.42
2SemDragagem2030;3725;13.75;113.92;0.0;127.67
2SemDragagem2030;3726;77.92;50.0;0.0;127.92
2SemDragagem2030;3727;5.25;25.42;0.0;30.67
2SemDragagem2030;3728;0.0;1.42;0.0;1.42
2SemDragagem2030;3729;32.33;429.33;0.0;461.67
2SemDragagem2030;3730;118.67;299.0;0.08;417.75
2SemDragagem2030;3731;127.67;321.75;0.08;449.5
2SemDragagem2030;3732;99.42;276.25;0.08;375.75
2SemDragagem2030;3733;7.67;46.67;0.0;54.33
2SemDragagem2030;3734;9.42;49.0;0.0;58.42
2SemDragagem2030;3735;47.5;128.33;0.0;175.83
2SemDragagem2030;3736;53.67;159.83;0.08;213.58
2SemDragagem2030;3737;44.08;96.58;0.0;140.67
2SemDragagem2030;3738;65.83;209.17;0.08;275.08
2SemDragagem2030;3739;3.92;16.75;0.0;20.67
2SemDragagem2030;3740;6.42;10.75;17.58;34.75
2SemDragagem2030;3741;8.5;71.58;0.17;80.25
2SemDragagem2030;3742;123.0;214.17;0.0;337.17
2SemDragagem2030;3743;6.5;41.08;0.0;47.58
2SemDragagem2030;3744;8.67;66.67;0.0;75.33
2SemDragagem2030;3745;23.58;171.33;0.0;194.92
2SemDragagem2030;3746;21.08;135.92;0.0;157.0
2SemDragagem2030;3747;28.58;210.83;0.0;239.42
2SemDragagem2030;3748;17.58;20.25;0.0;37.83
2SemDragagem2030;3749;0.0;1.17;0.0;1.17
2SemDragagem2030;3750;0.0;0.33;0.0;0.33
2SemDragagem2030;3751;0.0;0.0;1.08;1.08
2SemDragagem2030;3752;0.33;0.0;0.08;0.42
2SemDragagem2030;3753;15.92;8.67;0.08;24.67
2SemDragagem2030;3754;30.83;1.0;0.0;31.83
2SemDragagem2030;3755;12.75;182.08;0.0;194.83
2SemDragagem2030;3756;113.67;305.17;0.08;418.92
2SemDragagem2030;3757;4.17;35.92;0.0;40.08
2SemDragagem2030;3758;0.67;0.08;0.0;0.75
2SemDragagem2030;3759;10.83;169.92;0.0;180.75
2SemDragagem2030;3760;72.33;236.67;0.08;309.08
2SemDragagem2030;3761;6.42;78.75;0.0;85.17
2SemDragagem2030;3762;71.25;35.25;0.0;106.5
2SemDragagem2030;3763;33.08;89.75;0.0;122.83
2SemDragagem2030;3764;24.08;37.67;0.0;61.75
2SemDragagem2030;3765;188.08;354.33;0.0;542.42
2SemDragagem2030;3766;161.75;267.5;0.0;429.25
2SemDragagem2030;3767;12.08;86.42;0.0;98.5
2SemDragagem2030;3768;8.5;71.83;0.0;80.33
2SemDragagem2030;3769;1.08;0.42;0.0;1.5
2SemDragagem2030;3770;53.67;82.42;0.0;136.08
2SemDragagem2030;3771;0.25;0.0;0.0;0.25
2SemDragagem2030;3772;0.0;3.75;0.0;3.75
2SemDragagem2030;3773;0.0;0.25;0.0;0.25
2SemDragagem2030;3774;2.0;1.92;0.0;3.92
2SemDragagem2030;3775;2.33;5.17;0.0;7.5
2SemDragagem2030;3776;115.0;324.33;0.08;439.42
2SemDragagem2030;3777;135.58;434.08;0.08;569.75
2SemDragagem2030;3778;11.25;204.92;0.0;216.17
2SemDragagem2030;3779;16.58;237.08;0.0;253.67
2SemDragagem2030;3780;2.25;0.0;23.0;25.25
2SemDragagem2030;3781;3.5;52.67;0.08;56.25
2SemDragagem2030;3782;49.5;57.25;0.0;106.75
2SemDragagem2030;3783;22.25;65.42;0.0;87.67
2SemDragagem2030;3784;205.83;430.17;0.0;636.0
2SemDragagem2030;3785;2.67;46.75;0.0;49.42
2SemDragagem2030;3786;1.25;27.17;0.0;28.42
2SemDragagem2030;3787;4.0;44.5;0.0;48.5
2SemDragagem2030;3788;5.17;77.33;0.0;82.5
2SemDragagem2030;3789;56.25;111.33;0.0;167.58
2SemDragagem2030;3790;0.0;0.08;0.0;0.08
2SemDragagem2030;3791;0.0;0.08;0.0;0.08
2SemDragagem2030;3792;0.0;0.83;0.0;0.83
2SemDragagem2030;3793;1.83;29.33;0.0;31.17
2SemDragagem2030;3794;1.83;22.08;0.0;23.92
2SemDragagem2030;3795;21.08;17.0;0.0;38.08
2SemDragagem2030;3796;30.17;511.33;0.0;541.5
2SemDragagem2030;3797;176.5;520.08;0.08;696.67
2SemDragagem2030;3798;156.75;482.5;0.08;639.33
2SemDragagem2030;3799;36.92;419.92;0.08;456.92
2SemDragagem2030;3800;49.08;595.25;0.08;644.42
2SemDragagem2030;3801;122.42;378.5;0.0;500.92
2SemDragagem2030;3802;136.25;438.75;0.0;575.0
2SemDragagem2030;3803;0.0;0.58;0.0;0.58
2SemDragagem2030;3804;34.08;146.33;0.08;180.5
2SemDragagem2030;3805;50.58;185.67;0.08;236.33
2SemDragagem2030;3806;5.42;118.58;0.0;124.0
2SemDragagem2030;3807;32.17;439.75;0.0;471.92
2SemDragagem2030;3808;31.33;350.17;0.0;381.5
2SemDragagem2030;3809;2.5;10.75;34.17;47.42
2SemDragagem2030;3810;5.0;89.83;0.08;94.92
2SemDragagem2030;3811;5.0;107.67;0.08;112.75
2SemDragagem2030;3812;60.75;66.58;0.08;127.42
2SemDragagem2030;3813;32.92;149.83;0.08;182.83
2SemDragagem2030;3814;33.33;152.17;0.0;185.5
2SemDragagem2030;3815;385.08;364.33;0.0;749.42
2SemDragagem2030;3816;3.5;72.0;0.0;75.5
2SemDragagem2030;3817;8.0;84.0;0.0;92.0
2SemDragagem2030;3818;24.42;206.0;0.0;230.42
2SemDragagem2030;3819;0.0;13.33;0.0;13.33
2SemDragagem2030;3820;0.0;0.92;0.0;0.92
2SemDragagem2030;3821;79.08;151.58;0.0;230.67
2SemDragagem2030;3822;4.33;44.08;0.0;48.42
2SemDragagem2030;3823;0.0;2.25;0.0;2.25
2SemDragagem2030;3824;1.83;36.25;0.0;38.08
2SemDragagem2030;3825;1.83;20.0;0.0;21.83
2SemDragagem2030;3826;12.83;15.5;0.0;28.33
2SemDragagem2030;3827;174.5;522.83;0.08;697.42
2SemDragagem2030;3828;184.5;564.08;0.08;748.67
2SemDragagem2030;3829;164.08;500.0;0.0;664.08
2SemDragagem2030;3830;1.08;22.17;0.0;23.25
2SemDragagem2030;3831;0.0;4.75;0.0;4.75
2SemDragagem2030;3832;0.0;0.83;0.0;0.83
2SemDragagem2030;3833;0.0;4.58;0.0;4.58
2SemDragagem2030;3834;1.58;22.67;0.0;24.25
2SemDragagem2030;3835;1.33;17.67;0.0;19.0
2SemDragagem2030;3836;12.83;12.67;0.0;25.5
2SemDragagem2030;3837;17.5;254.0;0.17;271.67
2SemDragagem2030;3838;28.42;277.17;0.17;305.75
2SemDragagem2030;3839;6.25;125.0;0.17;131.42
2SemDragagem2030;3840;5.0;107.0;0.17;112.17
2SemDragagem2030;3841;0.0;16.17;0.0;16.17
2SemDragagem2030;3842;4.17;119.75;0.0;123.92
2SemDragagem2030;3843;2.67;44.17;0.0;46.83
2SemDragagem2030;3844;4.0;72.25;0.0;76.25
2SemDragagem2030;3845;4.67;93.0;0.0;97.67
2SemDragagem2030;3846;29.42;245.0;0.08;274.5
2SemDragagem2030;3847;26.92;217.0;0.0;243.92
2SemDragagem2030;3848;3.83;56.83;0.0;60.67
2SemDragagem2030;3849;39.83;42.92;0.0;82.75
2SemDragagem2030;3850;0.0;0.67;0.0;0.67
2SemDragagem2030;3851;0.0;0.5;0.0;0.5
2SemDragagem2030;3852;0.0;2.67;0.0;2.67
2SemDragagem2030;3853;4.33;44.33;0.0;48.67
2SemDragagem2030;3854;0.0;0.0;0.0;0.0
2SemDragagem2030;3855;1.83;22.08;0.0;23.92
2SemDragagem2030;3856;41.33;515.58;0.08;557.0
2SemDragagem2030;3857;55.67;645.5;0.08;701.25
2SemDragagem2030;3858;179.0;570.67;0.08;749.75
2SemDragagem2030;3859;3.17;43.58;0.0;46.75
2SemDragagem2030;3860;1.58;25.42;0.0;27.0
2SemDragagem2030;3861;2.67;41.17;0.0;43.83
2SemDragagem2030;3862;4.0;63.0;0.0;67.0
2SemDragagem2030;3863;1.33;19.75;0.0;21.08
2SemDragagem2030;3864;1.67;28.58;0.0;30.25
2SemDragagem2030;3865;26.83;30.33;0.0;57.17
2SemDragagem2030;3866;0.0;1.33;0.0;1.33
2SemDragagem2030;3867;31.0;316.25;0.17;347.42
2SemDragagem2030;3868;75.67;213.67;0.08;289.42
2SemDragagem2030;3869;28.42;297.0;0.17;325.58
2SemDragagem2030;3870;6.5;154.25;0.0;160.75
2SemDragagem2030;3871;3.75;1.5;56.5;61.75
2SemDragagem2030;3872;6.25;123.92;0.17;130.33
2SemDragagem2030;3873;7.5;144.0;0.17;151.67
2SemDragagem2030;3874;6.25;115.92;0.17;122.33
2SemDragagem2030;3875;95.75;52.92;0.08;148.75
2SemDragagem2030;3876;497.75;445.17;0.0;942.92
2SemDragagem2030;3877;423.67;399.33;0.0;823.0
2SemDragagem2030;3878;4.0;69.83;0.0;73.83
2SemDragagem2030;3879;5.83;106.25;0.0;112.08
2SemDragagem2030;3880;40.0;249.67;0.08;289.75
2SemDragagem2030;3881;5.75;61.42;0.0;67.17
2SemDragagem2030;3882;7.67;97.33;0.0;105.0
2SemDragagem2030;3883;3.17;58.08;0.0;61.25
2SemDragagem2030;3884;125.42;114.25;0.0;239.67
2SemDragagem2030;3885;0.33;0.08;0.0;0.42
2SemDragagem2030;3886;0.0;0.0;1.83;1.83
2SemDragagem2030;3887;0.0;2.67;0.0;2.67
2SemDragagem2030;3888;1.83;17.58;0.08;19.5
2SemDragagem2030;3889;1.17;4.5;0.08;5.75
2SemDragagem2030;3890;33.75;573.83;0.0;607.58
2SemDragagem2030;3891;175.67;549.58;0.08;725.33
2SemDragagem2030;3892;118.0;746.58;0.17;864.75
2SemDragagem2030;3893;211.75;588.25;0.08;800.08
2SemDragagem2030;3894;3.17;37.08;0.0;40.25
2SemDragagem2030;3895;4.75;55.92;0.0;60.67
2SemDragagem2030;3896;10.67;161.08;0.0;171.75
2SemDragagem2030;3897;29.83;315.08;0.17;345.08
2SemDragagem2030;3898;95.42;271.42;0.08;366.92
2SemDragagem2030;3899;10.58;184.42;0.0;195.0
2SemDragagem2030;3900;9.42;138.42;0.17;148.0
2SemDragagem2030;3901;10.67;146.33;0.17;157.17
2SemDragagem2030;3902;6.33;100.67;0.0;107.0
2SemDragagem2030;3903;8.58;175.58;0.0;184.17
2SemDragagem2030;3904;7.0;128.58;0.0;135.58
2SemDragagem2030;3905;40.0;253.0;0.08;293.08
2SemDragagem2030;3906;45.0;288.25;0.08;333.33
2SemDragagem2030;3907;4.0;40.42;0.0;44.42
2SemDragagem2030;3908;1.58;15.33;0.0;16.92
2SemDragagem2030;3909;149.58;121.0;0.0;270.58
2SemDragagem2030;3910;0.0;2.0;0.0;2.0
2SemDragagem2030;3911;0.0;0.42;0.0;0.42
2SemDragagem2030;3912;0.0;1.58;0.0;1.58
2SemDragagem2030;3913;2.83;44.58;0.0;47.42
2SemDragagem2030;3914;190.5;553.75;0.08;744.33
2SemDragagem2030;3915;240.08;571.5;0.08;811.67
2SemDragagem2030;3916;2.67;31.75;0.0;34.42
2SemDragagem2030;3917;2.67;52.25;0.0;54.92
2SemDragagem2030;3918;4.0;73.67;0.0;77.67
2SemDragagem2030;3919;28.92;16.58;0.0;45.5
2SemDragagem2030;3920;31.25;333.17;0.17;364.58
2SemDragagem2030;3921;113.83;354.17;0.0;468.0
2SemDragagem2030;3922;153.58;247.33;0.08;401.0
2SemDragagem2030;3923;21.92;234.75;0.0;256.67
2SemDragagem2030;3924;9.42;130.33;0.17;139.92
2SemDragagem2030;3925;10.67;140.33;0.17;151.17
2SemDragagem2030;3926;379.0;626.33;0.0;1005.33
2SemDragagem2030;3927;402.25;721.08;0.0;1123.33
2SemDragagem2030;3928;10.08;146.33;0.0;156.42
2SemDragagem2030;3929;60.0;419.0;0.08;479.08
2SemDragagem2030;3930;45.0;292.25;0.08;337.33
2SemDragagem2030;3931;60.0;420.08;0.08;480.17
2SemDragagem2030;3932;3.17;51.42;0.0;54.58
2SemDragagem2030;3933;0.0;0.0;0.0;0.0
2SemDragagem2030;3934;4.33;43.25;0.0;47.58
2SemDragagem2030;3935;0.0;0.08;0.0;0.08
2SemDragagem2030;3936;0.0;0.17;0.0;0.17
2SemDragagem2030;3937;15.67;0.67;1.83;18.17
2SemDragagem2030;3938;15.67;0.67;2.75;19.08
2SemDragagem2030;3939;42.83;520.0;0.08;562.92
2SemDragagem2030;3940;32.67;359.75;0.0;392.42
2SemDragagem2030;3941;252.5;606.92;0.17;859.58
2SemDragagem2030;3942;3.17;28.25;0.0;31.42
2SemDragagem2030;3943;54.67;11.75;0.08;66.5
2SemDragagem2030;3944;127.42;372.92;0.0;500.33
2SemDragagem2030;3945;148.83;411.5;0.0;560.33
2SemDragagem2030;3946;23.0;263.75;0.0;286.75
2SemDragagem2030;3947;9.42;122.0;0.0;131.42
2SemDragagem2030;3948;30.83;111.83;0.08;142.75
2SemDragagem2030;3949;30.08;109.0;0.0;139.08
2SemDragagem2030;3950;428.17;786.92;0.0;1215.08
2SemDragagem2030;3951;1.33;22.25;0.0;23.58
2SemDragagem2030;3952;10.08;164.25;0.0;174.33
2SemDragagem2030;3953;65.83;462.58;0.08;528.5
2SemDragagem2030;3954;0.0;0.0;0.17;0.17
2SemDragagem2030;3955;102.5;174.17;0.0;276.67
2SemDragagem2030;3956;3.83;7.33;0.0;11.17
2SemDragagem2030;3957;12.83;0.0;1.17;14.0
2SemDragagem2030;3958;13.83;1.5;0.0;15.33
2SemDragagem2030;3959;287.5;631.83;0.08;919.42
2SemDragagem2030;3960;258.17;586.25;0.08;844.5
2SemDragagem2030;3961;0.75;2.5;0.0;3.25
2SemDragagem2030;3962;24.0;287.75;0.0;311.75
2SemDragagem2030;3963;3.75;5.5;47.58;56.83
2SemDragagem2030;3964;8.17;110.67;0.08;118.92
2SemDragagem2030;3965;93.58;32.58;0.0;126.17
2SemDragagem2030;3966;64.58;147.75;0.08;212.42
2SemDragagem2030;3967;466.0;841.58;0.0;1307.58
2SemDragagem2030;3968;489.92;941.42;0.08;1431.42
2SemDragagem2030;3969;18.42;170.92;0.0;189.33
2SemDragagem2030;3970;0.42;0.0;0.0;0.42
2SemDragagem2030;3971;2.58;31.25;0.0;33.83
2SemDragagem2030;3972;110.08;199.67;0.0;309.75
2SemDragagem2030;3973;0.0;0.0;0.0;0.0
2SemDragagem2030;3974;0.0;3.0;0.0;3.0
2SemDragagem2030;3975;2.17;39.42;0.0;41.58
2SemDragagem2030;3976;0.0;4.0;2.0;6.0
2SemDragagem2030;3977;1.83;40.67;2.0;44.5
2SemDragagem2030;3978;1.83;38.0;0.92;40.75
2SemDragagem2030;3979;30.67;6.17;0.0;36.83
2SemDragagem2030;3980;233.42;536.67;0.08;770.17
2SemDragagem2030;3981;406.92;512.33;0.08;919.33
2SemDragagem2030;3982;259.83;584.67;0.08;844.58
2SemDragagem2030;3983;129.0;839.92;0.25;969.17
2SemDragagem2030;3984;131.83;882.83;0.33;1015.0
2SemDragagem2030;3985;272.25;604.67;0.17;877.08
2SemDragagem2030;3986;127.58;813.92;0.25;941.75
2SemDragagem2030;3987;0.0;18.67;0.0;18.67
2SemDragagem2030;3988;106.33;318.75;0.08;425.17
2SemDragagem2030;3989;123.92;357.75;0.08;481.75
2SemDragagem2030;3990;27.33;364.75;0.0;392.08
2SemDragagem2030;3991;47.92;558.25;0.08;606.25
2SemDragagem2030;3992;8.17;9.17;101.75;119.08
2SemDragagem2030;3993;8.17;9.17;101.08;118.42
2SemDragagem2030;3994;8.17;126.17;0.08;134.42
2SemDragagem2030;3995;15.67;139.08;0.17;154.92
2SemDragagem2030;3996;122.33;38.5;0.08;160.92
2SemDragagem2030;3997;82.08;223.25;0.08;305.42
2SemDragagem2030;3998;16.67;178.58;0.0;195.25
2SemDragagem2030;3999;0.0;17.42;0.0;17.42
2SemDragagem2030;4000;20.5;213.17;0.0;233.67
2SemDragagem2030;4001;72.08;497.67;0.08;569.83
2SemDragagem2030;4002;60.83;438.58;0.08;499.5
2SemDragagem2030;4003;5.75;63.08;0.0;68.83
2SemDragagem2030;4004;27.33;371.33;0.0;398.67
2SemDragagem2030;4005;0.0;0.0;0.0;0.0
2SemDragagem2030;4006;0.0;7.92;0.0;7.92
2SemDragagem2030;4007;3.75;37.17;0.0;40.92
2SemDragagem2030;4008;5.58;54.08;1.92;61.58
2SemDragagem2030;4009;5.58;44.5;0.0;50.08
2SemDragagem2030;4010;47.25;12.42;1.25;60.92
2SemDragagem2030;4011;299.83;670.83;0.08;970.75
2SemDragagem2030;4012;307.75;708.75;0.08;1016.58
2SemDragagem2030;4013;308.42;725.25;0.25;1033.92
2SemDragagem2030;4014;3.0;31.67;0.0;34.67
2SemDragagem2030;4015;0.0;16.5;0.08;16.58
2SemDragagem2030;4016;3.5;32.83;0.17;36.5
2SemDragagem2030;4017;4.58;44.83;0.17;49.58
2SemDragagem2030;4018;1.33;23.17;0.17;24.67
2SemDragagem2030;4019;5.25;38.67;0.17;44.08
2SemDragagem2030;4020;6.92;102.42;0.0;109.33
2SemDragagem2030;4021;140.5;375.5;0.08;516.08
2SemDragagem2030;4022;49.08;512.83;0.08;562.0
2SemDragagem2030;4023;18.75;143.42;0.17;162.33
2SemDragagem2030;4024;110.5;45.42;0.08;156.0
2SemDragagem2030;4025;92.0;282.08;0.0;374.08
2SemDragagem2030;4026;769.17;752.42;0.08;1521.67
2SemDragagem2030;4027;4.58;45.5;0.0;50.08
2SemDragagem2030;4028;1.33;20.25;0.0;21.58
2SemDragagem2030;4029;21.67;231.83;0.0;253.5
2SemDragagem2030;4030;72.08;482.33;0.08;554.5
2SemDragagem2030;4031;5.75;36.0;0.0;41.75
2SemDragagem2030;4032;1.58;16.67;0.0;18.25
2SemDragagem2030;4033;5.08;40.67;0.0;45.75
2SemDragagem2030;4034;6.67;62.33;0.0;69.0
2SemDragagem2030;4035;0.0;0.0;0.0;0.0
2SemDragagem2030;4036;0.0;0.25;0.0;0.25
2SemDragagem2030;4037;5.58;41.67;1.92;49.17
2SemDragagem2030;4038;44.92;568.92;0.0;613.83
2SemDragagem2030;4039;136.83;934.33;0.33;1071.5
2SemDragagem2030;4040;327.75;788.75;0.25;1116.75
2SemDragagem2030;4041;5.25;40.17;0.0;45.42
2SemDragagem2030;4042;3.5;33.5;0.0;37.0
2SemDragagem2030;4043;5.92;61.58;0.0;67.5
2SemDragagem2030;4044;6.92;55.92;0.0;62.83
2SemDragagem2030;4045;4.58;40.58;0.0;45.17
2SemDragagem2030;4046;12.17;80.42;0.0;92.58
2SemDragagem2030;4047;80.33;35.25;0.0;115.58
2SemDragagem2030;4048;0.0;0.0;0.0;0.0
2SemDragagem2030;4049;16.25;111.75;0.0;128.0
2SemDragagem2030;4050;147.0;406.5;0.08;553.58
2SemDragagem2030;4051;50.58;536.0;0.08;586.67
2SemDragagem2030;4052;29.25;377.0;0.0;406.25
2SemDragagem2030;4053;10.67;27.5;58.08;96.25
2SemDragagem2030;4054;16.25;28.33;68.08;112.67
2SemDragagem2030;4055;18.75;142.0;0.17;160.92
2SemDragagem2030;4056;18.75;145.67;0.25;164.67
2SemDragagem2030;4057;835.17;858.42;0.0;1693.58
2SemDragagem2030;4058;808.17;808.83;0.08;1617.08
2SemDragagem2030;4059;835.0;859.58;0.0;1694.58
2SemDragagem2030;4060;4.58;49.17;0.0;53.75
2SemDragagem2030;4061;78.42;516.92;0.08;595.42
2SemDragagem2030;4062;19.58;100.33;0.0;119.92
2SemDragagem2030;4063;13.17;78.58;0.0;91.75
2SemDragagem2030;4064;5.75;48.33;0.0;54.08
2SemDragagem2030;4065;0.0;0.33;0.0;0.33
2SemDragagem2030;4066;0.0;0.0;0.0;0.0
2SemDragagem2030;4067;0.0;1.5;0.0;1.5
2SemDragagem2030;4068;0.0;5.5;0.0;5.5
2SemDragagem2030;4069;19.75;26.42;1.0;47.17
2SemDragagem2030;4070;13.58;21.33;1.08;36.0
2SemDragagem2030;4071;93.92;628.17;0.0;722.08
2SemDragagem2030;4072;102.67;578.5;0.08;681.25
2SemDragagem2030;4073;302.5;706.0;0.08;1008.58
2SemDragagem2030;4074;344.58;812.33;0.25;1157.17
2SemDragagem2030;4075;7.0;58.17;0.0;65.17
2SemDragagem2030;4076;7.75;60.92;0.0;68.67
2SemDragagem2030;4077;14.75;78.17;0.08;93.0
2SemDragagem2030;4078;60.75;546.42;0.0;607.17
2SemDragagem2030;4079;71.0;556.17;0.0;627.17
2SemDragagem2030;4080;106.83;560.92;0.0;667.75
2SemDragagem2030;4081;15.58;135.25;0.25;151.08
2SemDragagem2030;4082;16.83;145.67;0.33;162.83
2SemDragagem2030;4083;1.58;23.17;0.0;24.75
2SemDragagem2030;4084;169.25;249.17;0.0;418.42
2SemDragagem2030;4085;114.08;93.0;0.0;207.08
2SemDragagem2030;4086;0.0;0.0;0.0;0.0
2SemDragagem2030;4087;80.83;500.25;0.08;581.17
2SemDragagem2030;4088;0.0;4.33;0.0;4.33
2SemDragagem2030;4089;3.83;42.0;0.0;45.83
2SemDragagem2030;4090;7.33;1.67;0.0;9.0
2SemDragagem2030;4091;0.0;0.0;0.0;0.0
2SemDragagem2030;4092;0.0;0.25;0.0;0.25
2SemDragagem2030;4093;14.42;84.67;0.0;99.08
2SemDragagem2030;4094;0.0;2.5;0.0;2.5
2SemDragagem2030;4095;5.58;5.83;0.0;11.42
2SemDragagem2030;4096;301.58;709.75;0.08;1011.42
2SemDragagem2030;4097;316.42;749.83;0.08;1066.33
2SemDragagem2030;4098;12.83;59.58;0.08;72.5
2SemDragagem2030;4099;14.42;81.5;0.17;96.08
2SemDragagem2030;4100;14.75;84.0;0.17;98.92
2SemDragagem2030;4101;0.0;0.42;0.0;0.42
2SemDragagem2030;4102;103.33;546.67;0.0;650.0
2SemDragagem2030;4103;214.33;472.17;0.0;686.5
2SemDragagem2030;4104;241.42;508.08;0.0;749.5
2SemDragagem2030;4105;106.17;577.33;0.0;683.5
2SemDragagem2030;4106;13.08;41.75;30.33;85.17
2SemDragagem2030;4107;87.92;55.83;0.33;144.08
2SemDragagem2030;4108;35.08;50.17;0.0;85.25
2SemDragagem2030;4109;547.42;1095.0;0.0;1642.42
2SemDragagem2030;4110;1.33;26.25;0.0;27.58
2SemDragagem2030;4111;137.33;574.08;0.08;711.5
2SemDragagem2030;4112;129.83;509.08;0.08;639.0
2SemDragagem2030;4113;129.83;509.25;0.08;639.17
2SemDragagem2030;4114;0.0;4.42;0.0;4.42
2SemDragagem2030;4115;1.58;21.92;0.0;23.5
2SemDragagem2030;4116;0.0;0.25;0.0;0.25
2SemDragagem2030;4117;0.0;0.33;0.0;0.33
2SemDragagem2030;4118;16.42;3.25;0.42;20.08
2SemDragagem2030;4119;24.67;5.42;1.42;31.5
2SemDragagem2030;4120;10.25;2.67;0.0;12.92
2SemDragagem2030;4121;103.25;706.83;0.0;810.08
2SemDragagem2030;4122;106.92;597.92;0.08;704.92
2SemDragagem2030;4123;360.33;879.75;0.25;1240.33
2SemDragagem2030;4124;349.92;827.0;0.25;1177.17
2SemDragagem2030;4125;39.75;32.5;0.0;72.25
2SemDragagem2030;4126;217.75;485.0;0.0;702.75
2SemDragagem2030;4127;26.25;359.0;0.0;385.25
2SemDragagem2030;4128;34.33;433.25;0.0;467.58
2SemDragagem2030;4129;15.58;118.0;0.25;133.83
2SemDragagem2030;4130;12.83;58.25;0.08;71.17
2SemDragagem2030;4131;44.92;101.17;0.0;146.08
2SemDragagem2030;4132;538.58;1078.75;0.0;1617.33
2SemDragagem2030;4133;17.42;173.5;0.0;190.92
2SemDragagem2030;4134;20.92;241.83;0.0;262.75
2SemDragagem2030;4135;12.08;33.75;0.0;45.83
2SemDragagem2030;4136;15.75;68.0;0.0;83.75
2SemDragagem2030;4137;96.58;222.08;0.0;318.67
2SemDragagem2030;4138;0.0;0.0;0.0;0.0
2SemDragagem2030;4139;9.33;7.58;2.0;18.92
2SemDragagem2030;4140;27.75;15.58;1.08;44.42
2SemDragagem2030;4141;330.25;792.67;0.08;1123.0
2SemDragagem2030;4142;302.42;735.58;0.08;1038.08
2SemDragagem2030;4143;349.33;912.42;0.25;1262.0
2SemDragagem2030;4144;4.75;21.5;47.33;73.58
2SemDragagem2030;4145;7.25;115.5;0.25;123.0
2SemDragagem2030;4146;65.5;60.67;0.25;126.42
2SemDragagem2030;4147;87.08;63.42;0.25;150.75
2SemDragagem2030;4148;103.25;359.42;0.0;462.67
2SemDragagem2030;4149;49.25;197.17;0.0;246.42
2SemDragagem2030;4150;518.92;1069.08;0.0;1588.0
2SemDragagem2030;4151;124.25;529.58;0.0;653.83
2SemDragagem2030;4152;5.42;58.0;0.0;63.42
2SemDragagem2030;4153;5.75;88.5;0.0;94.25
2SemDragagem2030;4154;139.42;311.25;0.0;450.67
2SemDragagem2030;4155;162.0;194.25;0.0;356.25
2SemDragagem2030;4156;0.0;0.0;0.0;0.0
2SemDragagem2030;4157;3.58;2.0;0.0;5.58
2SemDragagem2030;4158;1.83;28.58;1.0;31.42
2SemDragagem2030;4159;3.67;50.58;1.0;55.25
2SemDragagem2030;4160;1.83;20.17;2.0;24.0
2SemDragagem2030;4161;99.58;817.0;0.0;916.58
2SemDragagem2030;4162;506.67;701.42;0.08;1208.17
2SemDragagem2030;4163;336.67;819.67;0.08;1156.42
2SemDragagem2030;4164;317.42;766.17;0.08;1083.67
2SemDragagem2030;4165;153.5;1171.5;0.25;1325.25
2SemDragagem2030;4166;158.0;1213.25;0.25;1371.5
2SemDragagem2030;4167;393.58;1006.83;0.25;1400.67
2SemDragagem2030;4168;0.0;0.08;0.0;0.08
2SemDragagem2030;4169;3.17;59.17;0.17;62.5
2SemDragagem2030;4170;221.5;496.0;0.0;717.5
2SemDragagem2030;4171;0.0;0.0;0.0;0.0
2SemDragagem2030;4172;34.5;462.42;0.0;496.92
2SemDragagem2030;4173;2.5;51.0;0.0;53.5
2SemDragagem2030;4174;6.25;31.33;80.58;118.17
2SemDragagem2030;4175;7.5;42.0;92.5;142.0
2SemDragagem2030;4176;14.58;267.33;0.42;282.33
2SemDragagem2030;4177;48.25;206.58;0.42;255.25
2SemDragagem2030;4178;187.33;66.42;0.33;254.08
2SemDragagem2030;4179;170.0;412.42;0.0;582.42
2SemDragagem2030;4180;8.33;237.42;0.0;245.75
2SemDragagem2030;4181;0.0;18.67;0.0;18.67
2SemDragagem2030;4182;17.17;321.83;0.0;339.0
2SemDragagem2030;4183;133.0;591.42;0.0;724.42
2SemDragagem2030;4184;10.0;119.25;0.0;129.25
2SemDragagem2030;4185;5.75;83.5;0.0;89.25
2SemDragagem2030;4186;83.92;501.67;0.08;585.67
2SemDragagem2030;4187;0.0;0.08;0.0;0.08
2SemDragagem2030;4188;0.0;1.5;0.0;1.5
2SemDragagem2030;4189;1.83;24.67;0.0;26.5
2SemDragagem2030;4190;3.67;41.42;0.0;45.08
2SemDragagem2030;4191;6.33;48.25;0.0;54.58
2SemDragagem2030;4192;338.5;870.92;0.0;1209.42
2SemDragagem2030;4193;348.67;908.75;0.0;1257.42
2SemDragagem2030;4194;168.58;1296.58;0.25;1465.42
2SemDragagem2030;4195;3.25;68.42;0.0;71.67
2SemDragagem2030;4196;0.0;15.5;0.0;15.5
2SemDragagem2030;4197;3.33;40.42;0.42;44.17
2SemDragagem2030;4198;2.67;41.08;1.67;45.42
2SemDragagem2030;4199;5.0;80.0;2.0;87.0
2SemDragagem2030;4200;3.33;54.58;2.0;59.92
2SemDragagem2030;4201;39.67;32.92;0.25;72.83
2SemDragagem2030;4202;105.67;624.33;0.0;730.0
2SemDragagem2030;4203;228.5;526.0;0.0;754.5
2SemDragagem2030;4204;6.25;27.08;81.67;115.0
2SemDragagem2030;4205;13.33;242.25;0.5;256.08
2SemDragagem2030;4206;3.83;50.33;0.08;54.25
2SemDragagem2030;4207;12.75;329.42;0.0;342.17
2SemDragagem2030;4208;753.0;800.83;0.0;1553.83
2SemDragagem2030;4209;2.67;61.42;0.0;64.08
2SemDragagem2030;4210;1.33;26.92;0.0;28.25
2SemDragagem2030;4211;1.0;1.42;0.0;2.42
2SemDragagem2030;4212;130.5;564.75;0.0;695.25
2SemDragagem2030;4213;7.67;96.17;0.0;103.83
2SemDragagem2030;4214;0.0;13.75;0.08;13.83
2SemDragagem2030;4215;3.17;59.58;0.08;62.83
2SemDragagem2030;4216;315.83;298.0;0.0;613.83
2SemDragagem2030;4217;0.0;0.0;0.0;0.0
2SemDragagem2030;4218;0.0;5.42;1.5;6.92
2SemDragagem2030;4219;0.0;0.33;0.0;0.33
2SemDragagem2030;4220;19.92;14.58;0.0;34.5
2SemDragagem2030;4221;368.42;937.75;0.0;1306.17
2SemDragagem2030;4222;350.33;908.92;0.0;1259.25
2SemDragagem2030;4223;170.0;1314.67;0.25;1484.92
2SemDragagem2030;4224;415.83;1110.42;0.25;1526.5
2SemDragagem2030;4225;3.17;32.92;1.92;38.0
2SemDragagem2030;4226;5.33;90.25;1.92;97.5
2SemDragagem2030;4227;4.0;71.83;1.92;77.75
2SemDragagem2030;4228;29.83;85.92;2.25;118.0
2SemDragagem2030;4229;5.0;74.42;1.92;81.33
2SemDragagem2030;4230;170.08;38.25;0.25;208.58
2SemDragagem2030;4231;0.0;0.5;0.0;0.5
2SemDragagem2030;4232;108.58;638.33;0.08;747.0
2SemDragagem2030;4233;234.33;546.42;0.08;780.83
2SemDragagem2030;4234;81.75;447.0;0.0;528.75
2SemDragagem2030;4235;6.25;42.83;64.83;113.92
2SemDragagem2030;4236;7.5;53.58;72.58;133.67
2SemDragagem2030;4237;13.33;236.75;0.42;250.5
2SemDragagem2030;4238;13.33;234.08;0.42;247.83
2SemDragagem2030;4239;14.58;257.17;0.42;272.17
2SemDragagem2030;4240;215.5;50.5;0.25;266.25
2SemDragagem2030;4241;738.92;788.75;0.0;1527.67
2SemDragagem2030;4242;738.33;787.25;0.0;1525.58
2SemDragagem2030;4243;4.0;58.5;0.0;62.5
2SemDragagem2030;4244;20.92;305.08;0.08;326.08
2SemDragagem2030;4245;136.92;603.08;0.0;740.0
2SemDragagem2030;4246;9.58;110.67;0.0;120.25
2SemDragagem2030;4247;9.58;116.83;0.0;126.42
2SemDragagem2030;4248;376.92;328.67;0.0;705.58
2SemDragagem2030;4249;343.33;302.25;0.0;645.58
2SemDragagem2030;4250;2.17;9.25;0.0;11.42
2SemDragagem2030;4251;0.0;0.0;0.0;0.0
2SemDragagem2030;4252;0.0;0.25;0.0;0.25
2SemDragagem2030;4253;1.83;12.92;0.0;14.75
2SemDragagem2030;4254;6.17;20.5;0.0;26.67
2SemDragagem2030;4255;19.0;15.17;0.0;34.17
2SemDragagem2030;4256;390.42;983.92;0.0;1374.33
2SemDragagem2030;4257;404.08;1044.58;0.0;1448.67
2SemDragagem2030;4258;174.92;1324.17;0.25;1499.33
2SemDragagem2030;4259;9.33;178.42;0.0;187.75
2SemDragagem2030;4260;6.67;80.67;1.75;89.08
2SemDragagem2030;4261;173.08;33.58;0.0;206.67
2SemDragagem2030;4262;109.08;688.5;0.08;797.67
2SemDragagem2030;4263;242.5;597.17;0.08;839.75
2SemDragagem2030;4264;118.33;774.17;0.08;892.58
2SemDragagem2030;4265;12.08;54.17;138.5;204.75
2SemDragagem2030;4266;14.58;260.25;0.25;275.08
2SemDragagem2030;4267;219.42;50.92;0.08;270.42
2SemDragagem2030;4268;177.67;422.5;0.0;600.17
2SemDragagem2030;4269;4.0;61.58;0.0;65.58
2SemDragagem2030;4270;134.42;578.42;0.0;712.83
2SemDragagem2030;4271;141.92;654.67;0.0;796.58
2SemDragagem2030;4272;141.92;659.33;0.0;801.25
2SemDragagem2030;4273;3.17;43.5;0.0;46.67
2SemDragagem2030;4274;386.75;349.5;0.0;736.25
2SemDragagem2030;4275;0.0;4.67;0.0;4.67
2SemDragagem2030;4276;0.0;1.83;0.0;1.83
2SemDragagem2030;4277;2.5;50.83;0.0;53.33
2SemDragagem2030;4278;97.17;553.92;0.08;651.17
2SemDragagem2030;4279;178.25;1294.08;0.0;1472.33
2SemDragagem2030;4280;178.25;1295.08;0.0;1473.33
2SemDragagem2030;4281;6.67;75.08;1.75;83.5
2SemDragagem2030;4282;5.33;86.58;1.75;93.67
2SemDragagem2030;4283;1.58;18.67;0.0;20.25
2SemDragagem2030;4284;265.83;644.58;0.08;910.5
2SemDragagem2030;4285;389.33;534.25;0.08;923.67
2SemDragagem2030;4286;236.5;560.5;0.08;797.08
2SemDragagem2030;4287;126.25;832.42;0.08;958.75
2SemDragagem2030;4288;9.42;156.42;0.0;165.83
2SemDragagem2030;4289;18.33;250.25;0.25;268.83
2SemDragagem2030;4290;1.58;23.67;0.0;25.25
2SemDragagem2030;4291;482.17;991.25;0.0;1473.42
2SemDragagem2030;4292;4.0;67.67;0.0;71.67
2SemDragagem2030;4293;19.75;302.0;0.08;321.83
2SemDragagem2030;4294;150.17;702.17;0.0;852.33
2SemDragagem2030;4295;147.67;693.33;0.0;841.0
2SemDragagem2030;4296;0.0;0.0;0.25;0.25
2SemDragagem2030;4297;4.75;55.92;0.0;60.67
2SemDragagem2030;4298;6.5;49.67;0.0;56.17
2SemDragagem2030;4299;0.0;1.67;0.0;1.67
2SemDragagem2030;4300;2.33;49.42;0.0;51.75
2SemDragagem2030;4301;0.0;0.08;1.42;1.5
2SemDragagem2030;4302;12.08;0.33;1.83;14.25
2SemDragagem2030;4303;112.5;1.58;3.0;117.08
2SemDragagem2030;4304;176.75;1267.33;0.0;1444.08
2SemDragagem2030;4305;176.75;1269.42;0.0;1446.17
2SemDragagem2030;4306;9.5;184.83;0.0;194.33
2SemDragagem2030;4307;4.75;62.33;1.75;68.83
2SemDragagem2030;4308;47.83;354.33;0.0;402.17
2SemDragagem2030;4309;114.08;734.42;0.08;848.58
2SemDragagem2030;4310;10.83;56.67;110.83;178.33
2SemDragagem2030;4311;18.33;227.92;0.17;246.42
2SemDragagem2030;4312;6.33;81.25;0.0;87.58
2SemDragagem2030;4313;69.17;126.0;0.0;195.17
2SemDragagem2030;4314;475.75;970.25;0.0;1446.0
2SemDragagem2030;4315;20.92;319.92;0.08;340.92
2SemDragagem2030;4316;152.67;731.33;0.0;884.0
2SemDragagem2030;4317;2.5;16.0;0.0;18.5
2SemDragagem2030;4318;5.75;66.58;0.0;72.33
2SemDragagem2030;4319;272.42;474.33;0.0;746.75
2SemDragagem2030;4320;0.0;0.0;0.0;0.0
2SemDragagem2030;4321;0.33;0.33;0.0;0.67
2SemDragagem2030;4322;6.5;97.83;0.0;104.33
2SemDragagem2030;4323;96.33;3.83;1.67;101.83
2SemDragagem2030;4324;175.25;1243.58;0.0;1418.83
2SemDragagem2030;4325;175.25;1243.75;0.0;1419.0
2SemDragagem2030;4326;86.67;3.42;0.33;90.42
2SemDragagem2030;4327;10.58;43.0;116.25;169.83
2SemDragagem2030;4328;13.5;60.42;128.67;202.58
2SemDragagem2030;4329;181.42;89.58;0.08;271.08
2SemDragagem2030;4330;167.92;76.0;0.08;244.0
2SemDragagem2030;4331;213.42;46.17;0.08;259.67
2SemDragagem2030;4332;67.58;218.08;0.0;285.67
2SemDragagem2030;4333;471.33;948.67;0.0;1420.0
2SemDragagem2030;4334;152.0;717.5;0.0;869.5
2SemDragagem2030;4335;84.08;2.58;0.33;87.0
2SemDragagem2030;4336;5.0;77.17;0.0;82.17
2SemDragagem2030;4337;282.67;496.08;0.0;778.75
2SemDragagem2030;4338;2.17;37.83;0.0;40.0
2SemDragagem2030;4339;0.0;2.5;0.0;2.5
2SemDragagem2030;4340;3.67;55.25;0.0;58.92
2SemDragagem2030;4341;103.5;3.58;2.0;109.08
2SemDragagem2030;4342;173.75;1240.17;0.0;1413.92
2SemDragagem2030;4343;169.25;1243.42;0.25;1412.92
2SemDragagem2030;4344;14.33;208.5;0.0;222.83
2SemDragagem2030;4345;3.33;43.0;1.58;47.92
2SemDragagem2030;4346;283.08;646.83;0.08;930.0
2SemDragagem2030;4347;15.83;69.75;139.5;225.08
2SemDragagem2030;4348;15.83;222.5;0.17;238.5
2SemDragagem2030;4349;469.42;946.5;0.0;1415.92
2SemDragagem2030;4350;1.33;39.67;0.0;41.0
2SemDragagem2030;4351;10.42;116.92;0.0;127.33
2SemDragagem2030;4352;0.0;0.67;0.0;0.67
2SemDragagem2030;4353;3.67;45.25;0.17;49.08
2SemDragagem2030;4354;113.92;14.08;2.17;130.17
2SemDragagem2030;4355;167.83;1217.58;0.25;1385.67
2SemDragagem2030;4356;167.83;1217.58;0.25;1385.67
2SemDragagem2030;4357;1.58;34.25;1.67;37.5
2SemDragagem2030;4358;2.67;42.33;3.08;48.08
2SemDragagem2030;4359;15.83;57.92;137.83;211.58
2SemDragagem2030;4360;18.33;242.75;0.17;261.25
2SemDragagem2030;4361;18.33;246.17;0.17;264.67
2SemDragagem2030;4362;1.33;36.5;0.0;37.83
2SemDragagem2030;4363;76.33;307.83;0.08;384.25
2SemDragagem2030;4364;157.0;744.17;0.0;901.17
2SemDragagem2030;4365;10.42;125.83;0.0;136.25
2SemDragagem2030;4366;3.83;43.0;0.0;46.83
2SemDragagem2030;4367;0.33;0.25;0.0;0.58
2SemDragagem2030;4368;4.33;61.08;0.0;65.42
2SemDragagem2030;4369;30.75;58.08;3.33;92.17
2SemDragagem2030;4370;6.33;68.08;2.25;76.67
2SemDragagem2030;4371;170.75;1187.83;0.0;1358.58
2SemDragagem2030;4372;3.17;35.25;1.42;39.83
2SemDragagem2030;4373;1.67;17.08;1.42;20.17
2SemDragagem2030;4374;2.92;40.5;1.42;44.83
2SemDragagem2030;4375;5.83;74.5;1.42;81.75
2SemDragagem2030;4376;89.0;17.5;0.0;106.5
2SemDragagem2030;4377;282.83;610.08;0.08;893.0
2SemDragagem2030;4378;97.25;518.83;0.08;616.17
2SemDragagem2030;4379;15.83;61.92;131.92;209.67
2SemDragagem2030;4380;17.08;234.83;0.17;252.08
2SemDragagem2030;4381;300.83;63.75;0.67;365.25
2SemDragagem2030;4382;12.92;230.33;0.0;243.25
2SemDragagem2030;4383;676.67;680.92;0.0;1357.58
2SemDragagem2030;4384;2.92;42.08;0.0;45.0
2SemDragagem2030;4385;2.0;32.75;0.0;34.75
2SemDragagem2030;4386;157.25;726.83;0.0;884.08
2SemDragagem2030;4387;410.33;366.17;0.0;776.5
2SemDragagem2030;4388;0.0;1.75;0.0;1.75
2SemDragagem2030;4389;0.0;0.0;0.0;0.0
2SemDragagem2030;4390;9.67;113.0;0.0;122.67
2SemDragagem2030;4391;28.17;39.08;3.25;70.5
2SemDragagem2030;4392;75.5;21.67;2.17;99.33
2SemDragagem2030;4393;169.25;1163.25;0.0;1332.5
2SemDragagem2030;4394;165.0;1166.08;0.25;1331.33
2SemDragagem2030;4395;5.58;55.17;0.0;60.75
2SemDragagem2030;4396;4.0;32.42;0.0;36.42
2SemDragagem2030;4397;0.0;4.08;0.42;4.5
2SemDragagem2030;4398;282.58;621.83;0.08;904.5
2SemDragagem2030;4399;15.83;72.67;114.92;203.42
2SemDragagem2030;4400;18.67;213.0;0.17;231.83
2SemDragagem2030;4401;280.17;68.17;1.5;349.83
2SemDragagem2030;4402;251.42;277.67;0.0;529.08
2SemDragagem2030;4403;452.42;880.08;0.0;1332.5
2SemDragagem2030;4404;3.5;40.67;0.0;44.17
2SemDragagem2030;4405;0.0;7.25;1.5;8.75
2SemDragagem2030;4406;8.67;2.08;0.0;10.75
2SemDragagem2030;4407;0.0;0.0;0.0;0.0
2SemDragagem2030;4408;0.0;0.17;0.0;0.17
2SemDragagem2030;4409;5.67;59.33;2.0;67.0
2SemDragagem2030;4410;43.0;49.67;1.67;94.33
2SemDragagem2030;4411;72.25;29.83;0.17;102.25
2SemDragagem2030;4412;167.08;1138.25;0.0;1305.33
2SemDragagem2030;4413;373.25;929.58;0.25;1303.08
2SemDragagem2030;4414;373.25;929.58;0.25;1303.08
2SemDragagem2030;4415;0.75;12.5;0.0;13.25
2SemDragagem2030;4416;13.25;17.17;0.0;30.42
2SemDragagem2030;4417;3.17;49.83;0.0;53.0
2SemDragagem2030;4418;5.33;74.17;0.0;79.5
2SemDragagem2030;4419;46.58;14.5;0.0;61.08
2SemDragagem2030;4420;73.08;243.25;0.0;316.33
2SemDragagem2030;4421;17.67;85.0;100.67;203.33
2SemDragagem2030;4422;25.25;195.58;0.08;220.92
2SemDragagem2030;4423;1.75;24.5;0.0;26.25
2SemDragagem2030;4424;443.25;862.08;0.0;1305.33
2SemDragagem2030;4425;74.5;277.17;0.08;351.75
2SemDragagem2030;4426;156.42;733.33;0.0;889.75
2SemDragagem2030;4427;4.0;40.0;0.0;44.0
2SemDragagem2030;4428;423.67;360.33;0.0;784.0
2SemDragagem2030;4429;5.5;45.67;2.0;53.17
2SemDragagem2030;4430;59.58;21.42;1.58;82.58
2SemDragagem2030;4431;62.42;29.08;0.17;91.67
2SemDragagem2030;4432;165.42;1110.67;0.0;1276.08
2SemDragagem2030;4433;364.33;911.42;0.25;1276.0
2SemDragagem2030;4434;3.17;44.0;0.0;47.17
2SemDragagem2030;4435;92.0;476.67;0.0;568.67
2SemDragagem2030;4436;273.83;606.67;0.08;880.58
2SemDragagem2030;4437;74.17;259.83;0.0;334.0
2SemDragagem2030;4438;106.42;653.5;0.0;759.92
2SemDragagem2030;4439;22.08;169.33;0.0;191.42
2SemDragagem2030;4440;25.83;191.08;0.0;216.92
2SemDragagem2030;4441;67.67;220.58;0.0;288.25
2SemDragagem2030;4442;431.08;848.0;0.0;1279.08
2SemDragagem2030;4443;156.42;729.42;0.0;885.83
2SemDragagem2030;4444;11.42;70.83;0.0;82.25
2SemDragagem2030;4445;13.33;92.58;0.0;105.92
2SemDragagem2030;4446;3.17;38.25;0.0;41.42
2SemDragagem2030;4447;307.83;507.33;0.0;815.17
2SemDragagem2030;4448;10.08;83.83;0.0;93.92
2SemDragagem2030;4449;0.25;10.42;0.0;10.67
2SemDragagem2030;4450;70.08;32.75;0.92;103.75
2SemDragagem2030;4451;56.0;24.17;0.92;81.08
2SemDragagem2030;4452;63.42;28.75;0.92;93.08
2SemDragagem2030;4453;163.92;1086.0;0.0;1249.92
2SemDragagem2030;4454;163.92;1086.83;0.0;1250.75
2SemDragagem2030;4455;1.0;6.83;0.0;7.83
2SemDragagem2030;4456;120.0;763.92;0.08;884.0
2SemDragagem2030;4457;24.58;67.17;79.33;171.08
2SemDragagem2030;4458;24.58;163.42;0.0;188.0
2SemDragagem2030;4459;217.83;81.5;1.5;300.83
2SemDragagem2030;4460;231.08;57.42;1.5;290.0
2SemDragagem2030;4461;96.08;157.58;0.0;253.67
2SemDragagem2030;4462;419.83;832.17;0.0;1252.0
2SemDragagem2030;4463;2.0;6.33;0.0;8.33
2SemDragagem2030;4464;11.08;107.92;0.0;119.0
2SemDragagem2030;4465;7.67;41.08;0.0;48.75
2SemDragagem2030;4466;0.0;1.17;0.0;1.17
2SemDragagem2030;4467;0.0;1.42;0.0;1.42
2SemDragagem2030;4468;25.92;66.0;3.92;95.83
2SemDragagem2030;4469;102.33;764.83;0.0;867.17
2SemDragagem2030;4470;162.42;1083.5;0.0;1245.92
2SemDragagem2030;4471;354.5;890.08;0.25;1244.83
2SemDragagem2030;4472;8.08;106.58;0.0;114.67
2SemDragagem2030;4473;4.25;31.58;0.0;35.83
2SemDragagem2030;4474;92.75;492.5;0.0;585.25
2SemDragagem2030;4475;96.5;490.5;72.75;659.75
2SemDragagem2030;4476;24.58;110.58;54.75;189.92
2SemDragagem2030;4477;613.58;633.33;0.0;1246.92
2SemDragagem2030;4478;74.75;265.33;0.08;340.17
2SemDragagem2030;4479;15.25;127.67;0.08;143.0
2SemDragagem2030;4480;0.0;0.0;0.0;0.0
2SemDragagem2030;4481;0.58;3.83;0.0;4.42
2SemDragagem2030;4482;11.08;84.33;5.25;100.67
2SemDragagem2030;4483;160.92;1056.83;0.0;1217.75
2SemDragagem2030;4484;344.17;872.17;0.25;1216.58
2SemDragagem2030;4485;3.58;9.25;0.0;12.83
2SemDragagem2030;4486;3.75;13.33;0.0;17.08
2SemDragagem2030;4487;5.33;26.42;0.0;31.75
2SemDragagem2030;4488;30.42;65.42;76.75;172.58
2SemDragagem2030;4489;67.92;151.08;0.0;219.0
2SemDragagem2030;4490;189.5;443.92;0.0;633.42
2SemDragagem2030;4491;2.58;2.33;0.0;4.92
2SemDragagem2030;4492;154.5;723.5;0.0;878.0
2SemDragagem2030;4493;3.58;11.25;0.0;14.83
2SemDragagem2030;4494;2.33;0.92;0.0;3.25
2SemDragagem2030;4495;428.17;387.0;0.0;815.17
2SemDragagem2030;4496;0.0;0.5;0.0;0.5
2SemDragagem2030;4497;5.5;68.17;5.25;78.92
2SemDragagem2030;4498;5.5;58.17;5.25;68.92
2SemDragagem2030;4499;155.67;1033.92;0.0;1189.58
2SemDragagem2030;4500;0.0;6.42;0.0;6.42
2SemDragagem2030;4501;1.33;35.17;0.08;36.58
2SemDragagem2030;4502;1.67;20.17;0.0;21.83
2SemDragagem2030;4503;0.0;11.25;0.0;11.25
2SemDragagem2030;4504;3.33;43.83;0.08;47.25
2SemDragagem2030;4505;116.17;737.75;0.08;854.0
2SemDragagem2030;4506;115.0;758.75;0.08;873.83
2SemDragagem2030;4507;64.17;89.33;69.92;223.42
2SemDragagem2030;4508;66.67;198.08;1.5;266.25
2SemDragagem2030;4509;68.25;206.33;1.5;276.08
2SemDragagem2030;4510;235.67;58.08;1.5;295.25
2SemDragagem2030;4511;250.0;121.42;0.0;371.42
2SemDragagem2030;4512;583.75;608.92;0.0;1192.67
2SemDragagem2030;4513;0.0;8.75;0.0;8.75
2SemDragagem2030;4514;153.25;731.92;0.0;885.17
2SemDragagem2030;4515;3.17;56.67;0.0;59.83
2SemDragagem2030;4516;0.17;0.25;0.0;0.42
2SemDragagem2030;4517;7.92;59.25;0.08;67.25
2SemDragagem2030;4518;18.25;54.25;0.08;72.58
2SemDragagem2030;4519;103.75;609.58;0.0;713.33
2SemDragagem2030;4520;333.67;829.42;0.25;1163.33
2SemDragagem2030;4521;15.25;76.08;0.0;91.33
2SemDragagem2030;4522;1.33;33.67;0.0;35.0
2SemDragagem2030;4523;55.92;16.67;0.0;72.58
2SemDragagem2030;4524;105.92;0.0;684.08;790.0
2SemDragagem2030;4525;117.67;753.17;0.08;870.92
2SemDragagem2030;4526;71.67;203.5;1.5;276.67
2SemDragagem2030;4527;71.67;223.5;1.5;296.67
2SemDragagem2030;4528;211.83;463.5;0.0;675.33
2SemDragagem2030;4529;384.92;779.58;0.0;1164.5
2SemDragagem2030;4530;0.0;9.67;0.0;9.67
2SemDragagem2030;4531;0.08;0.0;0.0;0.08
2SemDragagem2030;4532;0.0;0.5;0.0;0.5
2SemDragagem2030;4533;10.75;26.17;0.0;36.92
2SemDragagem2030;4534;0.0;0.67;0.0;0.67
2SemDragagem2030;4535;0.0;0.0;0.08;0.08
2SemDragagem2030;4536;124.33;8.33;1.33;134.0
2SemDragagem2030;4537;152.67;984.67;0.0;1137.33
2SemDragagem2030;4538;152.67;982.5;0.0;1135.17
2SemDragagem2030;4539;152.67;982.58;0.0;1135.25
2SemDragagem2030;4540;328.58;806.25;0.25;1135.08
2SemDragagem2030;4541;0.0;0.0;0.0;0.0
2SemDragagem2030;4542;1.58;24.67;0.08;26.33
2SemDragagem2030;4543;1.33;28.75;0.08;30.17
2SemDragagem2030;4544;1.67;23.25;0.08;25.0
2SemDragagem2030;4545;128.25;10.58;0.75;139.58
2SemDragagem2030;4546;376.42;490.75;0.08;867.25
2SemDragagem2030;4547;273.92;618.67;0.08;892.67
2SemDragagem2030;4548;70.42;191.75;1.5;263.67
2SemDragagem2030;4549;222.33;64.92;1.5;288.75
2SemDragagem2030;4550;13.17;42.25;0.0;55.42
2SemDragagem2030;4551;70.92;208.33;0.0;279.25
2SemDragagem2030;4552;151.17;715.75;0.0;866.92
2SemDragagem2030;4553;16.17;51.0;0.08;67.25
2SemDragagem2030;4554;400.17;396.17;0.0;796.33
2SemDragagem2030;4555;424.25;433.0;0.0;857.25
2SemDragagem2030;4556;14.08;15.08;0.0;29.17
2SemDragagem2030;4557;109.08;2.17;2.92;114.17
2SemDragagem2030;4558;124.75;10.92;2.92;138.58
2SemDragagem2030;4559;151.17;957.92;0.0;1109.08
2SemDragagem2030;4560;324.67;783.17;0.17;1108.0
2SemDragagem2030;4561;105.92;0.0;680.92;786.83
2SemDragagem2030;4562;288.08;647.67;0.08;935.83
2SemDragagem2030;4563;126.5;773.33;0.08;899.92
2SemDragagem2030;4564;134.67;800.83;0.08;935.58
2SemDragagem2030;4565;66.0;67.25;72.25;205.5
2SemDragagem2030;4566;69.17;73.17;82.67;225.0
2SemDragagem2030;4567;74.5;222.17;1.58;298.25
2SemDragagem2030;4568;208.67;60.5;1.5;270.67
2SemDragagem2030;4569;0.0;0.25;0.0;0.25
2SemDragagem2030;4570;160.83;709.75;0.0;870.58
2SemDragagem2030;4571;60.75;60.75;0.08;121.58
2SemDragagem2030;4572;0.0;2.08;0.17;2.25
2SemDragagem2030;4573;5.17;10.25;0.0;15.42
2SemDragagem2030;4574;330.5;605.0;0.0;935.5
2SemDragagem2030;4575;0.75;0.92;0.0;1.67
2SemDragagem2030;4576;48.92;37.0;0.0;85.92
2SemDragagem2030;4577;4.83;10.83;12.75;28.42
2SemDragagem2030;4578;107.83;13.92;2.92;124.67
2SemDragagem2030;4579;97.42;742.5;0.0;839.92
2SemDragagem2030;4580;95.5;620.08;0.0;715.58
2SemDragagem2030;4581;138.67;942.42;0.0;1081.08
2SemDragagem2030;4582;311.17;770.67;0.17;1082.0
2SemDragagem2030;4583;110.67;789.67;0.0;900.33
2SemDragagem2030;4584;58.75;75.0;84.58;218.33
2SemDragagem2030;4585;62.83;217.75;1.58;282.17
2SemDragagem2030;4586;279.08;105.92;1.67;386.67
2SemDragagem2030;4587;318.25;75.0;1.5;394.75
2SemDragagem2030;4588;138.0;267.42;0.0;405.42
2SemDragagem2030;4589;357.0;727.0;0.0;1084.0
2SemDragagem2030;4590;153.58;731.83;0.0;885.42
2SemDragagem2030;4591;73.17;0.83;0.08;74.08
2SemDragagem2030;4592;0.75;21.25;0.0;22.0
2SemDragagem2030;4593;52.25;96.58;0.0;148.83
2SemDragagem2030;4594;0.0;0.17;0.0;0.17
2SemDragagem2030;4595;23.08;11.58;12.58;47.25
2SemDragagem2030;4596;105.92;876.25;0.0;982.17
2SemDragagem2030;4597;137.58;942.42;0.0;1080.0
2SemDragagem2030;4598;309.0;765.67;0.17;1074.83
2SemDragagem2030;4599;0.0;0.0;0.5;0.5
2SemDragagem2030;4600;0.0;10.17;0.0;10.17
2SemDragagem2030;4601;0.0;0.67;0.0;0.67
2SemDragagem2030;4602;74.67;404.17;0.0;478.83
2SemDragagem2030;4603;62.42;232.17;1.58;296.17
2SemDragagem2030;4604;0.0;0.0;0.0;0.0
2SemDragagem2030;4605;60.25;205.42;0.0;265.67
2SemDragagem2030;4606;52.25;98.25;0.0;150.5
2SemDragagem2030;4607;46.17;5.5;0.0;51.67
2SemDragagem2030;4608;41.83;8.58;3.42;53.83
2SemDragagem2030;4609;126.83;921.58;0.17;1048.58
2SemDragagem2030;4610;300.08;749.42;0.17;1049.67
2SemDragagem2030;4611;17.75;0.42;1.5;19.67
2SemDragagem2030;4612;40.83;7.25;1.58;49.67
2SemDragagem2030;4613;274.25;648.33;0.08;922.67
2SemDragagem2030;4614;56.33;74.0;128.25;258.58
2SemDragagem2030;4615;57.42;219.92;1.67;279.0
2SemDragagem2030;4616;507.92;541.92;0.0;1049.83
2SemDragagem2030;4617;39.75;22.75;0.0;62.5
2SemDragagem2030;4618;153.33;736.42;0.0;889.75
2SemDragagem2030;4619;51.25;109.42;0.0;160.67
2SemDragagem2030;4620;39.83;2.25;0.0;42.08
2SemDragagem2030;4621;483.83;509.0;0.0;992.83
2SemDragagem2030;4622;15.75;9.42;0.0;25.17
2SemDragagem2030;4623;18.5;38.17;2.08;58.75
2SemDragagem2030;4624;34.17;44.0;2.08;80.25
2SemDragagem2030;4625;62.83;26.17;2.08;91.08
2SemDragagem2030;4626;13.58;17.42;0.0;31.0
2SemDragagem2030;4627;15.17;36.25;0.0;51.42
2SemDragagem2030;4628;16.92;60.67;0.0;77.58
2SemDragagem2030;4629;18.42;30.08;0.0;48.5
2SemDragagem2030;4630;18.33;49.17;0.0;67.5
2SemDragagem2030;4631;94.67;802.5;0.08;897.25
2SemDragagem2030;4632;96.67;833.42;0.08;930.17
2SemDragagem2030;4633;33.33;72.0;127.58;232.92
2SemDragagem2030;4634;34.58;228.5;1.67;264.75
2SemDragagem2030;4635;34.58;235.58;1.67;271.83
2SemDragagem2030;4636;271.75;355.58;0.0;627.33
2SemDragagem2030;4637;24.83;110.08;0.0;134.92
2SemDragagem2030;4638;483.67;541.0;0.0;1024.67
2SemDragagem2030;4639;18.08;45.0;0.0;63.08
2SemDragagem2030;4640;134.42;801.75;0.0;936.17
2SemDragagem2030;4641;17.33;24.25;0.0;41.58
2SemDragagem2030;4642;13.92;41.75;0.0;55.67
2SemDragagem2030;4643;25.25;48.5;0.0;73.75
2SemDragagem2030;4644;35.33;55.83;0.0;91.17
2SemDragagem2030;4645;51.67;659.25;0.08;711.0
2SemDragagem2030;4646;258.08;736.08;0.17;994.33
2SemDragagem2030;4647;3.17;41.83;0.0;45.0
2SemDragagem2030;4648;4.75;58.17;0.0;62.92
2SemDragagem2030;4649;0.0;7.33;0.0;7.33
2SemDragagem2030;4650;245.67;687.83;0.08;933.58
2SemDragagem2030;4651;3.58;78.75;0.0;82.33
2SemDragagem2030;4652;19.08;237.33;1.08;257.5
2SemDragagem2030;4653;263.5;81.5;0.92;345.92
2SemDragagem2030;4654;172.08;527.42;0.0;699.5
2SemDragagem2030;4655;297.75;698.75;0.0;996.5
2SemDragagem2030;4656;17.08;214.0;0.0;231.08
2SemDragagem2030;4657;0.0;5.83;0.0;5.83
2SemDragagem2030;4658;457.5;535.83;0.0;993.33
2SemDragagem2030;4659;420.33;460.33;0.0;880.67
2SemDragagem2030;4660;0.0;6.25;0.0;6.25
2SemDragagem2030;4661;11.67;91.58;0.0;103.25
2SemDragagem2030;4662;0.0;0.0;0.0;0.0
2SemDragagem2030;4663;8.25;66.25;0.0;74.5
2SemDragagem2030;4664;43.42;48.75;0.0;92.17
2SemDragagem2030;4665;63.08;703.58;0.08;766.75
2SemDragagem2030;4666;90.0;879.33;0.0;969.33
2SemDragagem2030;4667;252.67;714.25;0.17;967.08
2SemDragagem2030;4668;253.5;715.5;0.17;969.17
2SemDragagem2030;4669;0.0;0.25;0.0;0.25
2SemDragagem2030;4670;4.92;47.83;0.0;52.75
2SemDragagem2030;4671;6.75;61.83;0.0;68.58
2SemDragagem2030;4672;9.08;87.17;0.0;96.25
2SemDragagem2030;4673;2.67;40.17;0.0;42.83
2SemDragagem2030;4674;4.75;46.08;0.0;50.83
2SemDragagem2030;4675;19.08;56.92;170.17;246.17
2SemDragagem2030;4676;17.83;93.5;114.17;225.5
2SemDragagem2030;4677;17.83;219.17;0.17;237.17
2SemDragagem2030;4678;292.17;678.25;0.0;970.42
2SemDragagem2030;4679;292.17;678.25;0.0;970.42
2SemDragagem2030;4680;123.75;827.33;0.0;951.08
2SemDragagem2030;4681;121.25;810.42;0.0;931.67
2SemDragagem2030;4682;4.75;49.92;0.0;54.67
2SemDragagem2030;4683;450.58;518.75;0.0;969.33
2SemDragagem2030;4684;0.0;4.0;0.0;4.0
2SemDragagem2030;4685;6.42;44.42;0.08;50.92
2SemDragagem2030;4686;37.17;21.33;0.08;58.58
2SemDragagem2030;4687;76.0;825.75;0.08;901.83
2SemDragagem2030;4688;6.08;45.08;0.0;51.17
2SemDragagem2030;4689;39.08;32.25;0.0;71.33
2SemDragagem2030;4690;47.17;0.0;615.42;662.58
2SemDragagem2030;4691;82.0;813.42;0.08;895.5
2SemDragagem2030;4692;83.75;854.75;0.08;938.58
2SemDragagem2030;4693;17.83;54.58;152.67;225.08
2SemDragagem2030;4694;17.83;204.17;0.17;222.17
2SemDragagem2030;4695;224.17;59.75;0.0;283.92
2SemDragagem2030;4696;175.58;81.5;0.0;257.08
2SemDragagem2030;4697;285.33;659.92;0.0;945.25
2SemDragagem2030;4698;9.75;58.0;0.0;67.75
2SemDragagem2030;4699;11.58;87.33;0.0;98.92
2SemDragagem2030;4700;16.83;117.75;0.0;134.58
2SemDragagem2030;4701;7.17;4.58;0.0;11.75
2SemDragagem2030;4702;283.83;658.33;0.0;942.17
2SemDragagem2030;4703;59.0;56.0;0.0;115.0
2SemDragagem2030;4704;19.92;11.33;0.0;31.25
2SemDragagem2030;4705;5.0;36.67;0.17;41.83
2SemDragagem2030;4706;45.17;18.0;0.0;63.17
2SemDragagem2030;4707;34.67;18.92;0.08;53.67
2SemDragagem2030;4708;68.75;725.0;0.08;793.83
2SemDragagem2030;4709;85.42;828.17;0.0;913.58
2SemDragagem2030;4710;232.25;671.5;0.08;903.83
2SemDragagem2030;4711;6.75;74.17;0.0;80.92
2SemDragagem2030;4712;15.83;74.42;128.42;218.67
2SemDragagem2030;4713;206.42;93.75;0.17;300.33
2SemDragagem2030;4714;222.58;103.67;0.17;326.42
2SemDragagem2030;4715;230.83;60.58;0.0;291.42
2SemDragagem2030;4716;7.08;3.5;0.0;10.58
2SemDragagem2030;4717;422.75;493.25;0.0;916.0
2SemDragagem2030;4718;0.0;0.0;0.0;0.0
2SemDragagem2030;4719;14.25;132.83;0.0;147.08
2SemDragagem2030;4720;0.25;7.92;0.0;8.17
2SemDragagem2030;4721;0.67;9.67;0.0;10.33
2SemDragagem2030;4722;6.0;62.67;0.25;68.92
2SemDragagem2030;4723;77.67;828.25;0.08;906.0
2SemDragagem2030;4724;80.92;827.83;0.08;908.83
2SemDragagem2030;4725;369.08;539.75;0.08;908.92
2SemDragagem2030;4726;3.75;11.25;9.92;24.92
2SemDragagem2030;4727;4.83;58.17;0.0;63.0
2SemDragagem2030;4728;10.42;152.58;0.0;163.0
2SemDragagem2030;4729;18.25;83.0;160.67;261.92
2SemDragagem2030;4730;253.58;72.0;0.0;325.58
2SemDragagem2030;4731;3.5;25.08;0.0;28.58
2SemDragagem2030;4732;104.67;695.33;0.0;800.0
2SemDragagem2030;4733;19.08;191.17;0.0;210.25
2SemDragagem2030;4734;0.0;0.0;0.0;0.0
2SemDragagem2030;4735;3.83;57.5;0.17;61.5
2SemDragagem2030;4736;74.42;805.25;0.08;879.75
2SemDragagem2030;4737;77.33;804.25;0.08;881.67
2SemDragagem2030;4738;215.83;664.67;0.08;880.58
2SemDragagem2030;4739;0.0;15.5;0.0;15.5
2SemDragagem2030;4740;31.42;13.5;0.0;44.92
2SemDragagem2030;4741;14.83;70.75;149.83;235.42
2SemDragagem2030;4742;22.0;312.08;1.17;335.25
2SemDragagem2030;4743;18.58;302.58;1.08;322.25
2SemDragagem2030;4744;1.33;25.0;0.0;26.33
2SemDragagem2030;4745;2.83;49.25;0.0;52.08
2SemDragagem2030;4746;0.0;8.42;0.0;8.42
2SemDragagem2030;4747;13.08;144.33;0.0;157.42
2SemDragagem2030;4748;1.92;34.0;0.0;35.92
2SemDragagem2030;4749;394.58;485.08;0.0;879.67
2SemDragagem2030;4750;0.0;0.0;0.0;0.0
2SemDragagem2030;4751;5.25;41.0;0.08;46.33
2SemDragagem2030;4752;36.83;8.83;0.0;45.67
2SemDragagem2030;4753;78.75;774.83;0.0;853.58
2SemDragagem2030;4754;78.75;774.83;0.0;853.58
2SemDragagem2030;4755;0.17;11.67;0.0;11.83
2SemDragagem2030;4756;4.92;48.08;0.0;53.0
2SemDragagem2030;4757;4.25;54.58;0.0;58.83
2SemDragagem2030;4758;1.5;29.08;0.0;30.58
2SemDragagem2030;4759;130.33;17.92;0.0;148.25
2SemDragagem2030;4760;207.42;647.08;0.08;854.58
2SemDragagem2030;4761;17.33;81.5;185.17;284.0
2SemDragagem2030;4762;21.75;298.92;1.17;321.83
2SemDragagem2030;4763;23.5;305.5;1.17;330.17
2SemDragagem2030;4764;271.25;71.25;0.08;342.58
2SemDragagem2030;4765;380.17;473.42;0.0;853.58
2SemDragagem2030;4766;4.25;50.0;0.0;54.25
2SemDragagem2030;4767;2.17;20.58;0.0;22.75
2SemDragagem2030;4768;113.33;745.33;0.0;858.67
2SemDragagem2030;4769;0.0;1.83;1.5;3.33
2SemDragagem2030;4770;0.0;0.33;0.0;0.33
2SemDragagem2030;4771;0.0;0.0;0.0;0.0
2SemDragagem2030;4772;0.0;1.33;1.5;2.83
2SemDragagem2030;4773;5.08;40.33;0.0;45.42
2SemDragagem2030;4774;9.92;25.17;0.0;35.08
2SemDragagem2030;4775;40.42;3.25;0.0;43.67
2SemDragagem2030;4776;74.33;751.92;0.08;826.33
2SemDragagem2030;4777;2.25;10.25;0.0;12.5
2SemDragagem2030;4778;4.58;31.92;0.0;36.5
2SemDragagem2030;4779;4.75;49.33;0.08;54.17
2SemDragagem2030;4780;201.5;625.83;0.08;827.42
2SemDragagem2030;4781;11.92;203.42;0.0;215.33
2SemDragagem2030;4782;19.33;92.83;173.17;285.33
2SemDragagem2030;4783;23.33;299.33;1.17;323.83
2SemDragagem2030;4784;149.0;480.0;0.0;629.0
2SemDragagem2030;4785;1.67;7.58;0.0;9.25
2SemDragagem2030;4786;4.08;50.33;0.0;54.42
2SemDragagem2030;4787;3.75;22.92;0.0;26.67
2SemDragagem2030;4788;3.0;29.17;0.0;32.17
2SemDragagem2030;4789;8.67;101.92;0.0;110.58
2SemDragagem2030;4790;0.0;5.08;0.0;5.08
2SemDragagem2030;4791;10.25;27.5;2.08;39.83
2SemDragagem2030;4792;10.08;28.67;2.08;40.83
2SemDragagem2030;4793;55.5;750.92;0.0;806.42
2SemDragagem2030;4794;74.17;726.17;0.0;800.33
2SemDragagem2030;4795;194.5;606.58;0.08;801.17
2SemDragagem2030;4796;0.0;6.75;0.0;6.75
2SemDragagem2030;4797;9.42;172.17;0.0;181.58
2SemDragagem2030;4798;1.33;28.92;0.08;30.33
2SemDragagem2030;4799;2.67;43.5;0.17;46.33
2SemDragagem2030;4800;4.0;61.83;0.25;66.08
2SemDragagem2030;4801;5.0;54.17;0.25;59.42
2SemDragagem2030;4802;0.0;0.83;0.0;0.83
2SemDragagem2030;4803;45.08;444.25;72.75;562.08
2SemDragagem2030;4804;23.33;295.08;1.17;319.58
2SemDragagem2030;4805;251.42;71.33;0.17;322.92
2SemDragagem2030;4806;16.92;79.75;0.08;96.75
2SemDragagem2030;4807;2.67;55.17;0.0;57.83
2SemDragagem2030;4808;106.92;692.33;0.0;799.25
2SemDragagem2030;4809;106.92;695.42;0.0;802.33
2SemDragagem2030;4810;1.58;25.58;0.0;27.17
2SemDragagem2030;4811;351.83;449.5;0.0;801.33
2SemDragagem2030;4812;0.0;0.67;0.0;0.67
2SemDragagem2030;4813;63.33;1.67;3.5;68.5
2SemDragagem2030;4814;64.83;0.58;3.0;68.42
2SemDragagem2030;4815;72.67;700.42;0.0;773.08
2SemDragagem2030;4816;1.58;4.92;0.08;6.58
2SemDragagem2030;4817;64.75;5.08;0.0;69.83
2SemDragagem2030;4818;189.5;583.58;0.0;773.08
2SemDragagem2030;4819;192.0;581.08;0.0;773.08
2SemDragagem2030;4820;10.5;205.5;0.0;216.0
2SemDragagem2030;4821;64.92;713.17;0.08;778.17
2SemDragagem2030;4822;23.33;305.67;1.25;330.25
2SemDragagem2030;4823;22.08;290.17;1.17;313.42
2SemDragagem2030;4824;167.0;522.92;0.0;689.92
2SemDragagem2030;4825;216.33;561.0;0.0;777.33
2SemDragagem2030;4826;3.5;54.75;0.0;58.25
2SemDragagem2030;4827;10.33;100.25;0.0;110.58
2SemDragagem2030;4828;0.0;7.25;0.25;7.5
2SemDragagem2030;4829;4.75;71.58;0.0;76.33
2SemDragagem2030;4830;216.0;558.08;0.0;774.08
2SemDragagem2030;4831;2.17;3.75;0.0;5.92
2SemDragagem2030;4832;34.42;4.33;0.0;38.75
2SemDragagem2030;4833;71.83;11.75;3.5;87.08
2SemDragagem2030;4834;55.0;3.42;3.0;61.42
2SemDragagem2030;4835;66.0;679.08;0.08;745.17
2SemDragagem2030;4836;71.17;675.83;0.0;747.0
2SemDragagem2030;4837;183.92;562.0;0.08;746.0
2SemDragagem2030;4838;185.83;559.17;0.0;745.0
2SemDragagem2030;4839;61.17;684.58;0.0;745.75
2SemDragagem2030;4840;22.08;73.5;194.42;290.0
2SemDragagem2030;4841;23.33;290.92;1.25;315.5
2SemDragagem2030;4842;224.42;99.17;0.33;323.92
2SemDragagem2030;4843;247.08;103.92;0.33;351.33
2SemDragagem2030;4844;51.83;160.17;0.08;212.08
2SemDragagem2030;4845;25.75;104.33;0.08;130.17
2SemDragagem2030;4846;2.67;28.0;0.0;30.67
2SemDragagem2030;4847;12.25;119.33;0.0;131.58
2SemDragagem2030;4848;0.0;2.25;0.0;2.25
2SemDragagem2030;4849;0.0;10.92;0.0;10.92
2SemDragagem2030;4850;78.83;12.67;4.75;96.25
2SemDragagem2030;4851;69.67;674.25;0.0;743.92
2SemDragagem2030;4852;67.25;671.5;0.08;738.83
2SemDragagem2030;4853;8.5;172.92;0.0;181.42
2SemDragagem2030;4854;0.0;2.5;0.08;2.58
2SemDragagem2030;4855;56.42;0.0;652.92;709.33
2SemDragagem2030;4856;2.92;62.75;0.0;65.67
2SemDragagem2030;4857;62.42;674.0;0.08;736.5
2SemDragagem2030;4858;123.5;168.5;0.08;292.08
2SemDragagem2030;4859;3.42;48.83;0.0;52.25
2SemDragagem2030;4860;99.42;644.5;0.0;743.92
2SemDragagem2030;4861;0.0;10.67;0.0;10.67
2SemDragagem2030;4862;4.42;35.0;9.42;48.83
2SemDragagem2030;4863;68.17;643.5;0.0;711.67
2SemDragagem2030;4864;65.83;646.75;0.0;712.58
2SemDragagem2030;4865;179.25;533.33;0.0;712.58
2SemDragagem2030;4866;0.0;1.5;0.0;1.5
2SemDragagem2030;4867;0.0;0.83;0.0;0.83
2SemDragagem2030;4868;20.83;79.25;181.58;281.67
2SemDragagem2030;4869;20.83;280.0;1.17;302.0
2SemDragagem2030;4870;259.75;89.83;0.25;349.83
2SemDragagem2030;4871;3.42;55.58;0.0;59.0
2SemDragagem2030;4872;3.08;55.5;0.0;58.58
2SemDragagem2030;4873;0.0;1.42;0.0;1.42
2SemDragagem2030;4874;0.0;0.17;0.0;0.17
2SemDragagem2030;4875;8.42;89.08;0.0;97.5
2SemDragagem2030;4876;322.92;388.67;0.0;711.58
2SemDragagem2030;4877;0.0;0.0;0.0;0.0
2SemDragagem2030;4878;0.0;7.67;0.0;7.67
2SemDragagem2030;4879;0.0;10.42;0.0;10.42
2SemDragagem2030;4880;65.92;619.58;0.0;685.5
2SemDragagem2030;4881;0.0;6.5;0.0;6.5
2SemDragagem2030;4882;1.33;20.58;0.08;22.0
2SemDragagem2030;4883;18.17;7.92;1.75;27.83
2SemDragagem2030;4884;59.17;626.17;0.08;685.42
2SemDragagem2030;4885;20.08;90.58;171.25;281.92
2SemDragagem2030;4886;4.17;122.42;0.0;126.58
2SemDragagem2030;4887;3.5;75.5;0.0;79.0
2SemDragagem2030;4888;9.58;103.75;0.0;113.33
2SemDragagem2030;4889;0.0;6.25;0.0;6.25
2SemDragagem2030;4890;65.25;27.33;9.17;101.75
2SemDragagem2030;4891;64.42;596.08;0.0;660.5
2SemDragagem2030;4892;62.25;597.08;0.0;659.33
2SemDragagem2030;4893;167.83;490.42;0.0;658.25
2SemDragagem2030;4894;13.92;176.5;0.0;190.42
2SemDragagem2030;4895;3.17;53.92;0.0;57.08
2SemDragagem2030;4896;193.67;466.83;0.0;660.5
2SemDragagem2030;4897;4.67;98.08;0.0;102.75
2SemDragagem2030;4898;0.0;4.5;0.0;4.5
2SemDragagem2030;4899;0.0;7.08;0.0;7.08
2SemDragagem2030;4900;0.25;0.08;0.0;0.33
2SemDragagem2030;4901;11.17;19.08;3.67;33.92
2SemDragagem2030;4902;17.0;5.92;3.33;26.25
2SemDragagem2030;4903;162.25;470.92;0.0;633.17
2SemDragagem2030;4904;19.92;296.25;0.0;316.17
2SemDragagem2030;4905;17.17;235.58;0.0;252.75
2SemDragagem2030;4906;0.0;0.0;0.0;0.0
2SemDragagem2030;4907;56.67;0.0;576.67;633.33
2SemDragagem2030;4908;162.25;471.08;0.0;633.33
2SemDragagem2030;4909;163.92;468.33;0.0;632.25
2SemDragagem2030;4910;17.58;225.33;0.42;243.33
2SemDragagem2030;4911;201.75;61.08;0.25;263.08
2SemDragagem2030;4912;110.08;73.92;0.0;184.0
2SemDragagem2030;4913;291.17;343.25;0.0;634.42
2SemDragagem2030;4914;88.67;545.67;0.0;634.33
2SemDragagem2030;4915;0.0;0.0;0.0;0.0
2SemDragagem2030;4916;0.0;4.75;0.0;4.75
2SemDragagem2030;4917;0.0;1.5;0.0;1.5
2SemDragagem2030;4918;43.83;22.17;4.08;70.08
2SemDragagem2030;4919;24.33;6.33;1.5;32.17
2SemDragagem2030;4920;52.33;15.5;3.0;70.83
2SemDragagem2030;4921;21.67;9.33;2.08;33.08
2SemDragagem2030;4922;57.42;552.75;0.08;610.25
2SemDragagem2030;4923;0.0;0.75;0.0;0.75
2SemDragagem2030;4924;1.58;23.08;0.08;24.75
2SemDragagem2030;4925;0.0;1.0;0.0;1.0
2SemDragagem2030;4926;6.17;3.17;0.08;9.42
2SemDragagem2030;4927;59.42;545.67;0.0;605.08
2SemDragagem2030;4928;59.42;547.75;0.0;607.17
2SemDragagem2030;4929;16.33;42.42;140.42;199.17
2SemDragagem2030;4930;17.58;63.08;140.75;221.42
2SemDragagem2030;4931;20.67;248.33;0.42;269.42
2SemDragagem2030;4932;20.67;257.75;0.42;278.83
2SemDragagem2030;4933;210.42;81.0;0.25;291.67
2SemDragagem2030;4934;180.0;429.25;0.0;609.25
2SemDragagem2030;4935;0.0;2.0;0.0;2.0
2SemDragagem2030;4936;86.17;520.0;0.0;606.17
2SemDragagem2030;4937;7.42;53.25;0.0;60.67
2SemDragagem2030;4938;8.25;59.5;0.0;67.75
2SemDragagem2030;4939;1.58;24.5;0.0;26.08
2SemDragagem2030;4940;2.17;6.67;0.0;8.83
2SemDragagem2030;4941;1.42;3.0;0.0;4.42
2SemDragagem2030;4942;40.17;36.25;4.08;80.5
2SemDragagem2030;4943;56.08;22.08;3.0;81.17
2SemDragagem2030;4944;74.92;25.75;4.0;104.67
2SemDragagem2030;4945;59.75;517.58;0.0;577.33
2SemDragagem2030;4946;0.0;0.58;0.0;0.58
2SemDragagem2030;4947;0.83;19.0;0.0;19.83
2SemDragagem2030;4948;0.0;0.92;0.0;0.92
2SemDragagem2030;4949;23.17;20.67;0.0;43.83
2SemDragagem2030;4950;0.92;19.33;0.0;20.25
2SemDragagem2030;4951;0.0;0.08;0.0;0.08
2SemDragagem2030;4952;54.17;530.83;0.08;585.08
2SemDragagem2030;4953;18.17;73.25;126.92;218.33
2SemDragagem2030;4954;20.42;87.0;161.83;269.25
2SemDragagem2030;4955;20.67;254.17;0.42;275.25
2SemDragagem2030;4956;191.75;110.33;0.25;302.33
2SemDragagem2030;4957;207.0;116.17;0.25;323.42
2SemDragagem2030;4958;339.83;97.0;0.25;437.08
2SemDragagem2030;4959;360.58;99.33;0.25;460.17
2SemDragagem2030;4960;15.25;230.25;0.0;245.5
2SemDragagem2030;4961;296.42;153.67;0.0;450.08
2SemDragagem2030;4962;1.33;9.0;0.0;10.33
2SemDragagem2030;4963;7.25;61.08;0.0;68.33
2SemDragagem2030;4964;83.17;494.83;0.0;578.0
2SemDragagem2030;4965;8.08;63.25;0.0;71.33
2SemDragagem2030;4966;9.08;67.92;0.0;77.0
2SemDragagem2030;4967;1.92;11.75;0.0;13.67
2SemDragagem2030;4968;6.0;59.5;0.0;65.5
2SemDragagem2030;4969;10.08;78.25;2.17;90.5
2SemDragagem2030;4970;6.83;56.83;2.17;65.83
2SemDragagem2030;4971;58.42;517.5;0.0;575.92
2SemDragagem2030;4972;56.58;514.17;0.0;570.75
2SemDragagem2030;4973;144.92;425.83;0.0;570.75
2SemDragagem2030;4974;0.0;19.67;0.0;19.67
2SemDragagem2030;4975;6.58;38.25;0.25;45.08
2SemDragagem2030;4976;25.92;35.33;0.0;61.25
2SemDragagem2030;4977;56.58;517.33;0.0;573.92
2SemDragagem2030;4978;12.83;170.08;0.0;182.92
2SemDragagem2030;4979;20.67;93.83;172.08;286.58
2SemDragagem2030;4980;30.58;294.33;0.42;325.33
2SemDragagem2030;4981;36.0;339.67;0.42;376.08
2SemDragagem2030;4982;21.08;268.67;0.42;290.17
2SemDragagem2030;4983;140.33;432.5;0.0;572.83
2SemDragagem2030;4984;81.17;494.75;0.0;575.92
2SemDragagem2030;4985;81.17;494.75;0.0;575.92
2SemDragagem2030;4986;81.17;494.75;0.0;575.92
2SemDragagem2030;4987;7.0;46.92;0.0;53.92
2SemDragagem2030;4988;169.08;406.83;0.0;575.92
2SemDragagem2030;4989;8.67;66.17;0.0;74.83
2SemDragagem2030;4990;0.0;2.17;0.0;2.17
2SemDragagem2030;4991;0.0;6.0;0.0;6.0
2SemDragagem2030;4992;8.42;78.0;0.08;86.5
2SemDragagem2030;4993;55.0;490.75;0.0;545.75
2SemDragagem2030;4994;55.0;490.75;0.0;545.75
2SemDragagem2030;4995;3.17;35.08;1.83;40.08
2SemDragagem2030;4996;5.83;53.83;1.83;61.5
2SemDragagem2030;4997;60.67;23.25;0.0;83.92
2SemDragagem2030;4998;133.33;411.42;0.0;544.75
2SemDragagem2030;4999;53.17;491.58;0.0;544.75
2SemDragagem2030;5000;25.67;94.25;170.5;290.42
2SemDragagem2030;5001;28.42;297.0;0.33;325.75
2SemDragagem2030;5002;32.75;317.83;0.33;350.92
2SemDragagem2030;5003;0.0;3.92;0.0;3.92
2SemDragagem2030;5004;242.33;305.5;0.0;547.83
2SemDragagem2030;5005;7.58;92.5;0.0;100.08
2SemDragagem2030;5006;77.0;472.83;0.0;549.83
2SemDragagem2030;5007;3.42;14.33;0.0;17.75
2SemDragagem2030;5008;45.83;502.0;0.0;547.83
2SemDragagem2030;5009;240.67;305.08;0.0;545.75
2SemDragagem2030;5010;0.0;0.0;0.0;0.0
2SemDragagem2030;5011;26.25;50.92;0.0;77.17
2SemDragagem2030;5012;52.0;465.58;0.0;517.58
2SemDragagem2030;5013;52.0;465.58;0.0;517.58
2SemDragagem2030;5014;2.75;31.58;0.0;34.33
2SemDragagem2030;5015;1.67;29.75;0.0;31.42
2SemDragagem2030;5016;124.17;395.5;0.0;519.67
2SemDragagem2030;5017;25.67;269.08;0.33;295.08
2SemDragagem2030;5018;195.08;325.5;0.0;520.58
2SemDragagem2030;5019;0.0;0.17;0.0;0.17
2SemDragagem2030;5020;0.0;1.75;0.5;2.25
2SemDragagem2030;5021;7.17;65.42;0.0;72.58
2SemDragagem2030;5022;11.75;31.25;0.0;43.0
2SemDragagem2030;5023;15.67;33.0;0.0;48.67
2SemDragagem2030;5024;38.83;457.67;0.0;496.5
2SemDragagem2030;5025;48.83;441.5;0.0;490.33
2SemDragagem2030;5026;48.83;441.42;0.0;490.25
2SemDragagem2030;5027;20.5;221.83;0.0;242.33
2SemDragagem2030;5028;9.58;172.75;0.0;182.33
2SemDragagem2030;5029;25.75;101.58;0.0;127.33
2SemDragagem2030;5030;6.08;85.58;0.0;91.67
2SemDragagem2030;5031;70.5;419.92;0.0;490.42
2SemDragagem2030;5032;11.58;111.83;0.0;123.42
2SemDragagem2030;5033;207.33;283.08;0.0;490.42
2SemDragagem2030;5034;5.5;53.92;0.83;60.25
2SemDragagem2030;5035;9.08;28.17;0.0;37.25
2SemDragagem2030;5036;44.42;421.75;0.08;466.25
2SemDragagem2030;5037;46.0;419.25;0.0;465.25
2SemDragagem2030;5038;107.92;357.25;0.0;465.17
2SemDragagem2030;5039;0.0;4.25;0.0;4.25
2SemDragagem2030;5040;1.33;24.92;0.0;26.25
2SemDragagem2030;5041;108.08;357.25;0.0;465.33
2SemDragagem2030;5042;46.0;419.33;0.0;465.33
2SemDragagem2030;5043;108.08;357.25;0.0;465.33
2SemDragagem2030;5044;42.83;420.33;0.0;463.17
2SemDragagem2030;5045;31.08;148.58;0.0;179.67
2SemDragagem2030;5046;18.0;213.83;0.0;231.83
2SemDragagem2030;5047;122.42;342.92;0.0;465.33
2SemDragagem2030;5048;66.58;396.58;0.0;463.17
2SemDragagem2030;5049;87.0;5.75;0.0;92.75
2SemDragagem2030;5050;0.0;0.58;0.0;0.58
2SemDragagem2030;5051;0.0;0.67;0.0;0.67
2SemDragagem2030;5052;54.75;17.25;1.17;73.17
2SemDragagem2030;5053;54.42;9.58;1.17;65.17
2SemDragagem2030;5054;20.5;1.58;0.0;22.08
2SemDragagem2030;5055;34.42;5.17;0.17;39.75
2SemDragagem2030;5056;46.08;390.0;0.0;436.08
2SemDragagem2030;5057;0.0;0.0;0.0;0.0
2SemDragagem2030;5058;1.58;22.5;0.0;24.08
2SemDragagem2030;5059;55.0;16.67;0.0;71.67
2SemDragagem2030;5060;18.83;1.42;0.0;20.25
2SemDragagem2030;5061;41.58;394.58;0.0;436.17
2SemDragagem2030;5062;103.17;336.0;0.0;439.17
2SemDragagem2030;5063;21.92;92.0;110.17;224.08
2SemDragagem2030;5064;21.92;90.83;110.17;222.92
2SemDragagem2030;5065;27.25;235.75;0.08;263.08
2SemDragagem2030;5066;27.42;239.92;0.08;267.42
2SemDragagem2030;5067;97.08;342.08;0.0;439.17
2SemDragagem2030;5068;117.58;321.5;0.0;439.08
2SemDragagem2030;5069;0.0;0.42;0.0;0.42
2SemDragagem2030;5070;4.0;38.08;0.0;42.08
2SemDragagem2030;5071;0.0;2.5;0.0;2.5
2SemDragagem2030;5072;1.92;14.42;0.0;16.33
2SemDragagem2030;5073;0.0;3.08;0.0;3.08
2SemDragagem2030;5074;0.0;0.67;0.0;0.67
2SemDragagem2030;5075;3.08;24.17;4.58;31.83
2SemDragagem2030;5076;38.33;23.5;1.33;63.17
2SemDragagem2030;5077;41.33;16.5;1.17;59.0
2SemDragagem2030;5078;41.75;371.17;0.08;413.0
2SemDragagem2030;5079;44.58;365.42;0.0;410.0
2SemDragagem2030;5080;96.67;312.17;0.0;408.83
2SemDragagem2030;5081;0.67;20.08;1.5;22.25
2SemDragagem2030;5082;1.33;1.75;0.25;3.33
2SemDragagem2030;5083;2.67;21.83;1.5;26.0
2SemDragagem2030;5084;37.08;12.92;0.0;50.0
2SemDragagem2030;5085;0.75;1.08;0.0;1.83
2SemDragagem2030;5086;0.0;3.33;0.0;3.33
2SemDragagem2030;5087;24.83;98.42;95.08;218.33
2SemDragagem2030;5088;27.17;115.33;104.92;247.42
2SemDragagem2030;5089;27.75;228.08;0.08;255.92
2SemDragagem2030;5090;29.08;244.25;0.17;273.5
2SemDragagem2030;5091;247.08;97.75;0.08;344.92
2SemDragagem2030;5092;246.08;99.17;0.08;345.33
2SemDragagem2030;5093;287.5;80.33;0.08;367.92
2SemDragagem2030;5094;52.5;165.33;0.0;217.83
2SemDragagem2030;5095;1.33;22.58;0.0;23.92
2SemDragagem2030;5096;4.58;60.25;0.0;64.83
2SemDragagem2030;5097;6.67;94.08;0.0;100.75
2SemDragagem2030;5098;2.0;0.0;0.0;2.0
2SemDragagem2030;5099;3.5;29.42;0.0;32.92
2SemDragagem2030;5100;3.17;28.58;0.0;31.75
2SemDragagem2030;5101;97.75;25.5;0.0;123.25
2SemDragagem2030;5102;112.92;298.08;0.0;411.0
2SemDragagem2030;5103;3.5;10.92;0.0;14.42
2SemDragagem2030;5104;28.25;57.17;2.5;87.92
2SemDragagem2030;5105;4.25;57.67;4.5;66.42
2SemDragagem2030;5106;43.08;358.75;0.0;401.83
2SemDragagem2030;5107;41.75;361.0;0.0;402.75
2SemDragagem2030;5108;95.5;307.25;0.0;402.75
2SemDragagem2030;5109;5.33;67.75;0.08;73.17
2SemDragagem2030;5110;2.17;42.67;0.42;45.25
2SemDragagem2030;5111;5.58;73.5;0.42;79.5
2SemDragagem2030;5112;95.92;310.0;0.0;405.92
2SemDragagem2030;5113;23.58;211.17;0.0;234.75
2SemDragagem2030;5114;29.33;120.08;137.25;286.67
2SemDragagem2030;5115;29.33;129.92;128.5;287.75
2SemDragagem2030;5116;30.58;281.92;0.17;312.67
2SemDragagem2030;5117;284.33;83.5;0.08;367.92
2SemDragagem2030;5118;174.42;232.5;0.0;406.92
2SemDragagem2030;5119;7.67;115.75;0.0;123.42
2SemDragagem2030;5120;59.08;348.83;0.0;407.92
2SemDragagem2030;5121;6.33;70.75;0.08;77.17
2SemDragagem2030;5122;0.0;0.5;0.0;0.5
2SemDragagem2030;5123;0.58;4.33;0.0;4.92
2SemDragagem2030;5124;0.58;2.67;0.0;3.25
2SemDragagem2030;5125;0.58;1.5;0.0;2.08
2SemDragagem2030;5126;4.25;57.83;0.0;62.08
2SemDragagem2030;5127;38.5;337.25;0.08;375.83
2SemDragagem2030;5128;41.58;336.17;0.0;377.75
2SemDragagem2030;5129;91.08;286.5;0.0;377.58
2SemDragagem2030;5130;5.33;65.08;0.08;70.5
2SemDragagem2030;5131;5.58;71.0;0.0;76.58
2SemDragagem2030;5132;91.08;286.67;0.0;377.75
2SemDragagem2030;5133;91.08;286.67;0.0;377.75
2SemDragagem2030;5134;31.83;117.0;182.17;331.0
2SemDragagem2030;5135;33.08;337.33;0.25;370.67
2SemDragagem2030;5136;37.83;341.75;0.25;379.83
2SemDragagem2030;5137;281.17;97.5;0.08;378.75
2SemDragagem2030;5138;87.33;292.5;0.0;379.83
2SemDragagem2030;5139;1.75;21.0;0.0;22.75
2SemDragagem2030;5140;56.58;326.25;0.0;382.83
2SemDragagem2030;5141;4.42;57.75;0.08;62.25
2SemDragagem2030;5142;35.33;344.5;0.0;379.83
2SemDragagem2030;5143;0.0;4.67;0.0;4.67
2SemDragagem2030;5144;0.0;0.33;0.0;0.33
2SemDragagem2030;5145;0.0;2.58;0.0;2.58
2SemDragagem2030;5146;37.17;313.33;0.08;350.58
2SemDragagem2030;5147;2.67;50.42;0.08;53.17
2SemDragagem2030;5148;2.67;39.17;0.08;41.92
2SemDragagem2030;5149;48.75;24.75;0.0;73.5
2SemDragagem2030;5150;36.0;315.58;0.0;351.58
2SemDragagem2030;5151;36.0;316.42;0.25;352.67
2SemDragagem2030;5152;139.25;213.42;0.0;352.67
2SemDragagem2030;5153;156.33;195.33;0.0;351.67
2SemDragagem2030;5154;5.75;58.08;0.08;63.92
2SemDragagem2030;5155;0.0;0.0;0.0;0.0
2SemDragagem2030;5156;0.0;8.17;0.0;8.17
2SemDragagem2030;5157;3.33;11.17;0.0;14.5
2SemDragagem2030;5158;38.0;284.42;0.0;322.42
2SemDragagem2030;5159;38.0;284.42;0.0;322.42
2SemDragagem2030;5160;11.17;61.0;0.0;72.17
2SemDragagem2030;5161;3.75;46.08;0.0;49.83
2SemDragagem2030;5162;33.67;290.83;0.0;324.5
2SemDragagem2030;5163;95.17;229.33;0.0;324.5
2SemDragagem2030;5164;1.17;15.75;0.0;16.92
2SemDragagem2030;5165;0.0;4.58;0.0;4.58
2SemDragagem2030;5166;0.0;6.92;0.5;7.42
2SemDragagem2030;5167;147.67;174.75;0.0;322.42
2SemDragagem2030;5168;0.0;7.0;0.0;7.0
2SemDragagem2030;5169;3.83;7.75;1.25;12.83
2SemDragagem2030;5170;36.5;258.75;0.0;295.25
2SemDragagem2030;5171;36.5;258.75;0.0;295.25
2SemDragagem2030;5172;78.58;218.67;0.0;297.25
2SemDragagem2030;5173;16.83;78.75;1.67;97.25
2SemDragagem2030;5174;11.58;37.83;0.08;49.5
2SemDragagem2030;5175;33.5;261.83;0.0;295.33
2SemDragagem2030;5176;78.92;219.42;0.0;298.33
2SemDragagem2030;5177;35.5;262.83;0.0;298.33
2SemDragagem2030;5178;33.5;261.67;0.0;295.17
2SemDragagem2030;5179;33.5;261.5;0.25;295.25
2SemDragagem2030;5180;89.58;208.83;0.0;298.42
2SemDragagem2030;5181;10.33;32.08;0.0;42.42
2SemDragagem2030;5182;9.58;31.58;0.0;41.17
2SemDragagem2030;5183;48.5;249.83;0.0;298.33
2SemDragagem2030;5184;6.75;0.42;0.17;7.33
2SemDragagem2030;5185;0.25;1.33;2.0;3.58
2SemDragagem2030;5186;11.0;0.17;0.0;11.17
2SemDragagem2030;5187;26.67;4.17;2.75;33.58
2SemDragagem2030;5188;32.5;4.83;2.75;40.08
2SemDragagem2030;5189;75.83;5.92;0.0;81.75
2SemDragagem2030;5190;34.58;235.58;0.0;270.17
2SemDragagem2030;5191;8.0;2.75;0.5;11.25
2SemDragagem2030;5192;17.58;58.92;1.67;78.17
2SemDragagem2030;5193;73.25;29.42;1.25;103.92
2SemDragagem2030;5194;8.92;15.33;0.0;24.25
2SemDragagem2030;5195;71.08;198.0;0.0;269.08
2SemDragagem2030;5196;33.67;235.42;0.0;269.08
2SemDragagem2030;5197;22.17;162.5;0.0;184.67
2SemDragagem2030;5198;31.83;237.08;0.25;269.17
2SemDragagem2030;5199;31.83;237.08;0.25;269.17
2SemDragagem2030;5200;31.83;237.08;0.25;269.17
2SemDragagem2030;5201;213.42;55.67;0.08;269.17
2SemDragagem2030;5202;81.08;190.0;0.0;271.08
2SemDragagem2030;5203;10.83;33.83;0.0;44.67
2SemDragagem2030;5204;0.25;0.42;0.0;0.67
2SemDragagem2030;5205;9.5;12.92;0.0;22.42
2SemDragagem2030;5206;0.0;6.92;0.17;7.08
2SemDragagem2030;5207;0.0;1.17;0.0;1.17
2SemDragagem2030;5208;0.58;0.0;0.0;0.58
2SemDragagem2030;5209;0.67;4.42;2.0;7.08
2SemDragagem2030;5210;27.83;7.08;3.67;38.58
2SemDragagem2030;5211;89.17;10.0;0.0;99.17
2SemDragagem2030;5212;56.58;184.25;0.0;240.83
2SemDragagem2030;5213;0.33;0.17;0.0;0.5
2SemDragagem2030;5214;1.58;8.33;0.0;9.92
2SemDragagem2030;5215;14.33;12.92;0.08;27.33
2SemDragagem2030;5216;9.75;10.17;0.0;19.92
2SemDragagem2030;5217;73.17;25.08;1.17;99.42
2SemDragagem2030;5218;58.08;184.92;0.0;243.0
2SemDragagem2030;5219;22.33;225.08;0.0;247.42
2SemDragagem2030;5220;22.33;74.42;145.33;242.08
2SemDragagem2030;5221;22.33;74.33;145.33;242.0
2SemDragagem2030;5222;22.33;219.5;0.25;242.08
2SemDragagem2030;5223;22.33;219.42;0.25;242.0
2SemDragagem2030;5224;165.5;76.42;0.08;242.0
2SemDragagem2030;5225;186.33;55.67;0.08;242.08
2SemDragagem2030;5226;186.25;55.67;0.08;242.0
2SemDragagem2030;5227;39.17;116.0;0.0;155.17
2SemDragagem2030;5228;9.17;69.75;0.0;78.92
2SemDragagem2030;5229;5.75;44.75;0.0;50.5
2SemDragagem2030;5230;0.0;1.33;0.0;1.33
2SemDragagem2030;5231;2.0;5.83;0.0;7.83
2SemDragagem2030;5232;0.0;0.0;0.0;0.0
2SemDragagem2030;5233;6.83;55.08;0.0;61.92
2SemDragagem2030;5234;0.0;0.0;0.0;0.0
2SemDragagem2030;5235;63.42;180.58;0.0;244.0
2SemDragagem2030;5236;0.0;6.08;0.0;6.08
2SemDragagem2030;5237;15.67;16.25;0.0;31.92
2SemDragagem2030;5238;96.42;12.33;0.0;108.75
2SemDragagem2030;5239;23.58;214.33;0.0;237.92
2SemDragagem2030;5240;22.75;214.17;0.0;236.92
2SemDragagem2030;5241;91.58;145.33;0.0;236.92
2SemDragagem2030;5242;6.25;44.33;1.67;52.25
2SemDragagem2030;5243;7.08;57.5;1.67;66.25
2SemDragagem2030;5244;7.58;59.92;0.0;67.5
2SemDragagem2030;5245;55.83;184.08;0.0;239.92
2SemDragagem2030;5246;18.17;215.75;0.0;233.92
2SemDragagem2030;5247;21.08;73.58;144.25;238.92
2SemDragagem2030;5248;21.08;217.58;0.25;238.92
2SemDragagem2030;5249;21.08;218.58;0.25;239.92
2SemDragagem2030;5250;182.17;55.67;0.08;237.92
2SemDragagem2030;5251;10.42;93.83;0.0;104.25
2SemDragagem2030;5252;33.42;206.5;0.0;239.92
2SemDragagem2030;5253;33.42;206.5;0.0;239.92
2SemDragagem2030;5254;2.08;27.42;0.0;29.5
2SemDragagem2030;5255;0.0;2.0;0.0;2.0
2SemDragagem2030;5256;16.92;18.67;0.0;35.58
2SemDragagem2030;5257;0.0;2.25;0.0;2.25
2SemDragagem2030;5258;7.92;41.33;0.0;49.25
2SemDragagem2030;5259;131.92;14.17;0.08;146.17
2SemDragagem2030;5260;21.92;184.67;0.0;206.58
2SemDragagem2030;5261;21.17;188.42;0.0;209.58
2SemDragagem2030;5262;47.25;162.42;0.0;209.67
2SemDragagem2030;5263;8.92;76.83;1.58;87.33
2SemDragagem2030;5264;11.58;79.33;1.58;92.5
2SemDragagem2030;5265;19.67;190.0;0.0;209.67
2SemDragagem2030;5266;21.17;188.58;0.0;209.75
2SemDragagem2030;5267;19.67;69.58;121.5;210.75
2SemDragagem2030;5268;19.67;190.83;0.25;210.75
2SemDragagem2030;5269;159.5;51.17;0.08;210.75
2SemDragagem2030;5270;4.83;21.75;0.0;26.58
2SemDragagem2030;5271;83.58;125.17;0.0;208.75
2SemDragagem2030;5272;2.75;11.58;0.0;14.33
2SemDragagem2030;5273;30.75;184.08;0.0;214.83
2SemDragagem2030;5274;0.0;0.08;0.0;0.08
2SemDragagem2030;5275;83.5;125.17;0.0;208.67
2SemDragagem2030;5276;83.5;125.17;0.0;208.67
2SemDragagem2030;5277;0.0;1.08;1.58;2.67
2SemDragagem2030;5278;3.17;23.42;0.0;26.58
2SemDragagem2030;5279;17.5;164.0;0.0;181.5
2SemDragagem2030;5280;17.5;164.08;0.0;181.58
2SemDragagem2030;5281;3.33;29.0;0.0;32.33
2SemDragagem2030;5282;7.33;81.33;0.17;88.83
2SemDragagem2030;5283;2.92;17.33;0.0;20.25
2SemDragagem2030;5284;15.5;44.5;121.5;181.5
2SemDragagem2030;5285;15.5;165.75;0.25;181.5
2SemDragagem2030;5286;70.67;111.92;0.0;182.58
2SemDragagem2030;5287;0.0;0.25;2.5;2.75
2SemDragagem2030;5288;2.92;17.92;0.0;20.83
2SemDragagem2030;5289;3.67;50.08;0.0;53.75
2SemDragagem2030;5290;2.5;20.0;0.08;22.58
2SemDragagem2030;5291;10.58;149.92;0.0;160.5
2SemDragagem2030;5292;14.67;140.75;0.0;155.42
2SemDragagem2030;5293;31.25;124.08;0.0;155.33
2SemDragagem2030;5294;3.92;78.17;0.0;82.08
2SemDragagem2030;5295;11.75;148.75;0.0;160.5
2SemDragagem2030;5296;0.0;0.08;0.0;0.08
2SemDragagem2030;5297;3.33;46.42;0.0;49.75
2SemDragagem2030;5298;2.33;14.5;0.0;16.83
2SemDragagem2030;5299;2.58;16.67;0.0;19.25
2SemDragagem2030;5300;3.83;34.25;0.0;38.08
2SemDragagem2030;5301;3.67;32.75;1.25;37.67
2SemDragagem2030;5302;1.83;11.33;1.83;15.0
2SemDragagem2030;5303;60.42;7.75;0.08;68.25
2SemDragagem2030;5304;25.58;103.67;0.0;129.25
2SemDragagem2030;5305;10.0;118.17;0.0;128.17
2SemDragagem2030;5306;3.17;38.25;0.17;41.58
2SemDragagem2030;5307;3.33;36.83;0.17;40.33
2SemDragagem2030;5308;4.0;59.17;0.17;63.33
2SemDragagem2030;5309;12.0;118.33;0.0;130.33
2SemDragagem2030;5310;10.0;120.33;0.0;130.33
2SemDragagem2030;5311;11.0;32.25;84.0;127.25
2SemDragagem2030;5312;11.0;117.08;0.17;128.25
2SemDragagem2030;5313;7.67;121.08;0.0;128.75
2SemDragagem2030;5314;28.58;100.75;0.0;129.33
2SemDragagem2030;5315;0.0;3.42;0.0;3.42
2SemDragagem2030;5316;18.33;111.0;0.0;129.33
2SemDragagem2030;5317;0.0;0.42;0.0;0.42
2SemDragagem2030;5318;0.0;0.08;0.0;0.08
2SemDragagem2030;5319;1.83;9.5;0.0;11.33
2SemDragagem2030;5320;38.42;5.75;0.08;44.25
2SemDragagem2030;5321;52.33;38.33;1.92;92.58
2SemDragagem2030;5322;43.42;22.92;1.92;68.25
2SemDragagem2030;5323;11.0;90.08;0.0;101.08
2SemDragagem2030;5324;8.92;89.08;0.0;98.0
2SemDragagem2030;5325;3.33;38.0;0.08;41.42
2SemDragagem2030;5326;3.17;33.58;0.08;36.83
2SemDragagem2030;5327;43.5;30.42;0.0;73.92
2SemDragagem2030;5328;9.75;92.5;0.0;102.25
2SemDragagem2030;5329;20.25;80.83;0.0;101.08
2SemDragagem2030;5330;9.75;96.42;0.0;106.17
2SemDragagem2030;5331;9.75;91.25;0.17;101.17
2SemDragagem2030;5332;9.75;91.25;0.17;101.17
2SemDragagem2030;5333;60.25;40.83;0.08;101.17
2SemDragagem2030;5334;21.17;81.92;0.0;103.08
2SemDragagem2030;5335;21.33;82.83;0.0;104.17
2SemDragagem2030;5336;1.33;20.75;0.0;22.08
2SemDragagem2030;5337;2.33;38.08;0.0;40.42
2SemDragagem2030;5338;2.5;19.33;0.0;21.83
2SemDragagem2030;5339;1.92;10.0;0.0;11.92
2SemDragagem2030;5340;20.67;81.5;0.0;102.17
2SemDragagem2030;5341;0.0;0.0;0.0;0.0
2SemDragagem2030;5342;0.0;0.25;0.0;0.25
2SemDragagem2030;5343;15.83;27.25;1.92;45.0
2SemDragagem2030;5344;31.5;39.08;1.92;72.5
2SemDragagem2030;5345;7.17;68.17;0.0;75.33
2SemDragagem2030;5346;9.5;64.75;0.0;74.25
2SemDragagem2030;5347;4.75;46.5;0.0;51.25
2SemDragagem2030;5348;3.17;30.08;0.0;33.25
2SemDragagem2030;5349;8.83;65.17;0.0;74.0
2SemDragagem2030;5350;29.83;44.17;0.0;74.0
2SemDragagem2030;5351;15.25;24.08;0.0;39.33
2SemDragagem2030;5352;8.25;64.75;0.0;73.0
2SemDragagem2030;5353;13.25;59.25;0.0;72.5
2SemDragagem2030;5354;8.5;10.75;54.75;74.0
2SemDragagem2030;5355;8.5;10.75;54.75;74.0
2SemDragagem2030;5356;8.5;65.42;0.17;74.08
2SemDragagem2030;5357;8.25;64.58;0.17;73.0
2SemDragagem2030;5358;29.83;44.17;0.08;74.08
2SemDragagem2030;5359;34.08;39.83;0.08;74.0
2SemDragagem2030;5360;13.0;62.0;0.0;75.0
2SemDragagem2030;5361;11.75;61.08;0.0;72.83
2SemDragagem2030;5362;15.25;60.75;0.0;76.0
2SemDragagem2030;5363;4.0;46.92;0.0;50.92
2SemDragagem2030;5364;1.33;19.92;0.0;21.25
2SemDragagem2030;5365;11.17;61.17;0.0;72.33
2SemDragagem2030;5366;14.17;17.33;0.0;31.5
2SemDragagem2030;5367;1.83;22.42;0.0;24.25
2SemDragagem2030;5368;0.0;0.0;0.0;0.0
2SemDragagem2030;5369;0.33;2.75;0.0;3.08
2SemDragagem2030;5370;0.0;8.25;0.0;8.25
2SemDragagem2030;5371;1.83;39.0;1.92;42.75
2SemDragagem2030;5372;7.5;58.42;0.0;65.92
2SemDragagem2030;5373;7.75;63.17;0.0;70.92
2SemDragagem2030;5374;19.83;51.08;0.0;70.92
2SemDragagem2030;5375;0.0;0.33;0.0;0.33
2SemDragagem2030;5376;7.5;63.42;0.0;70.92
2SemDragagem2030;5377;7.5;63.42;0.0;70.92
2SemDragagem2030;5378;7.75;62.17;0.0;69.92
2SemDragagem2030;5379;7.75;62.17;0.0;69.92
2SemDragagem2030;5380;7.25;57.25;0.0;64.5
2SemDragagem2030;5381;7.25;10.75;53.92;71.92
2SemDragagem2030;5382;7.25;64.5;0.17;71.92
2SemDragagem2030;5383;7.25;62.5;0.08;69.83
2SemDragagem2030;5384;11.75;59.17;0.0;70.92
2SemDragagem2030;5385;7.5;64.42;0.0;71.92
2SemDragagem2030;5386;10.83;61.08;0.0;71.92
2SemDragagem2030;5387;10.83;61.08;0.0;71.92
2SemDragagem2030;5388;0.0;20.92;0.0;20.92
2SemDragagem2030;5389;0.0;1.0;0.0;1.0
2SemDragagem2030;5390;0.0;3.33;0.0;3.33
2SemDragagem2030;5391;0.0;1.58;0.0;1.58
2SemDragagem2030;5392;7.17;36.58;0.0;43.75
2SemDragagem2030;5393;6.17;33.5;0.0;39.67
2SemDragagem2030;5394;6.5;34.17;0.0;40.67
2SemDragagem2030;5395;6.33;35.33;0.0;41.67
2SemDragagem2030;5396;6.17;35.5;0.0;41.67
2SemDragagem2030;5397;6.17;35.5;0.0;41.67
2SemDragagem2030;5398;0.0;3.5;0.0;3.5
2SemDragagem2030;5399;9.25;31.5;0.0;40.75
2SemDragagem2030;5400;6.0;31.5;0.0;37.5
2SemDragagem2030;5401;6.0;36.67;0.08;42.75
2SemDragagem2030;5402;6.0;36.67;0.08;42.75
2SemDragagem2030;5403;19.92;23.83;0.08;43.83
2SemDragagem2030;5404;8.75;34.0;0.0;42.75
2SemDragagem2030;5405;16.0;25.83;0.0;41.83
2SemDragagem2030;5406;0.17;8.08;0.0;8.25
2SemDragagem2030;5407;1.92;31.42;0.0;33.33
2SemDragagem2030;5408;2.25;32.33;0.0;34.58
2SemDragagem2030;5409;15.25;24.33;0.0;39.58
2SemDragagem2030;5410;0.0;0.33;0.0;0.33
2SemDragagem2030;5411;0.0;2.25;0.0;2.25
2SemDragagem2030;5412;0.17;4.08;1.58;5.83
2SemDragagem2030;5413;4.67;8.92;0.0;13.58
2SemDragagem2030;5414;5.0;8.58;0.0;13.58
2SemDragagem2030;5415;5.0;7.5;0.0;12.5
2SemDragagem2030;5416;4.83;8.67;0.0;13.5
2SemDragagem2030;5417;9.08;4.42;0.0;13.5
2SemDragagem2030;5418;0.0;0.0;0.0;0.0
2SemDragagem2030;5419;4.75;0.0;8.75;13.5
2SemDragagem2030;5420;9.08;4.33;0.08;13.5
2SemDragagem2030;5421;4.83;10.75;0.0;15.58
2SemDragagem2030;5422;5.33;9.17;0.0;14.5
2SemDragagem2030;5423;8.08;4.42;0.0;12.5
2SemDragagem2030;5424;0.0;0.33;0.0;0.33
