SCENARIO_ID;ARRIVAL_ID;ROUTE_ID;START_TIME;END_TIME;FORWARD
S005;1;0;1220;1220;1
S005;1;1;1245;1265;1
S005;1;2;1265;1270;1
S005;1;3;1270;1275;1
S005;1;4;1275;1280;1
S005;1;5;;;1
S005;1;6;1280;1285;1
S005;1;7;1285;1290;1
S005;1;8;;;1
S005;1;9;;;1
S005;1;10;;;1
S005;1;11;1290;1295;1
S005;1;62;1295;1325;1
S005;1;62;2570;2580;0
S005;1;11;2580;2585;0
S005;1;7;2585;2590;0
S005;1;6;2590;2595;0
S005;1;4;2595;2600;0
S005;1;3;2600;2605;0
S005;1;2;2605;2610;0
S005;1;1;2610;2630;0
S005;2;0;184;184;1
S005;2;1;185;205;1
S005;2;2;205;210;1
S005;2;3;210;215;1
S005;2;19;215;245;1
S005;2;19;4150;4160;0
S005;2;3;4160;4165;0
S005;2;2;4165;4170;0
S005;2;1;4170;4190;0
S005;3;0;1218;1218;1
S005;3;1;1220;1240;1
S005;3;2;1240;1245;1
S005;3;3;1245;1250;1
S005;3;4;1250;1255;1
S005;3;5;;;1
S005;3;6;1255;1260;1
S005;3;7;1260;1265;1
S005;3;8;;;1
S005;3;9;;;1
S005;3;10;;;1
S005;3;11;1265;1270;1
S005;3;12;1270;1275;1
S005;3;66;1275;1285;1
S005;3;66;1790;1820;0
S005;3;12;1820;1825;0
S005;3;11;1825;1830;0
S005;3;7;1830;1835;0
S005;3;6;1835;1840;0
S005;3;4;1840;1845;0
S005;3;3;1845;1850;0
S005;3;2;1850;1855;0
S005;3;1;1855;1875;0
S005;4;0;480;480;1
S005;4;1;485;505;1
S005;4;2;505;510;1
S005;4;3;510;515;1
S005;4;21;515;525;1
S005;4;21;2020;2050;0
S005;4;3;2050;2055;0
S005;4;2;2055;2060;0
S005;4;1;2060;2080;0
S005;5;0;1170;1170;1
S005;5;1;1175;1195;1
S005;5;2;1195;1200;1
S005;5;3;1200;1205;1
S005;5;4;1205;1210;1
S005;5;5;;;1
S005;5;6;1210;1215;1
S005;5;7;1215;1220;1
S005;5;8;;;1
S005;5;9;;;1
S005;5;10;;;1
S005;5;52;1220;1230;1
S005;5;52;3475;3505;0
S005;5;7;3505;3510;0
S005;5;6;3510;3515;0
S005;5;4;3515;3520;0
S005;5;3;3520;3525;0
S005;5;2;3525;3530;0
S005;5;1;3530;3550;0
S005;6;0;558;558;1
S005;6;1;560;580;1
S005;6;2;580;585;1
S005;6;3;585;590;1
S005;6;4;590;595;1
S005;6;5;;;1
S005;6;6;595;600;1
S005;6;7;600;605;1
S005;6;8;;;1
S005;6;9;;;1
S005;6;10;;;1
S005;6;53;605;615;1
S005;6;53;2420;2450;0
S005;6;7;2450;2455;0
S005;6;6;2455;2460;0
S005;6;4;2460;2465;0
S005;6;3;2465;2470;0
S005;6;2;2470;2475;0
S005;6;1;2475;2495;0
S005;7;0;360;360;1
S005;7;1;365;385;1
S005;7;2;385;390;1
S005;7;3;390;395;1
S005;7;4;395;400;1
S005;7;5;;;1
S005;7;6;400;405;1
S005;7;7;405;410;1
S005;7;8;;;1
S005;7;9;;;1
S005;7;50;410;440;1
S005;7;50;4540;4550;0
S005;7;7;4550;4555;0
S005;7;6;4555;4560;0
S005;7;4;4560;4565;0
S005;7;3;4565;4570;0
S005;7;2;4570;4575;0
S005;7;1;4575;4595;0
S005;8;0;1290;1290;1
S005;8;1;1295;1315;1
S005;8;2;1315;1320;1
S005;8;3;1320;1325;1
S005;8;4;1325;1330;1
S005;8;5;;;1
S005;8;6;1330;1335;1
S005;8;7;1335;1340;1
S005;8;8;;;1
S005;8;9;;;1
S005;8;51;1340;1370;1
S005;8;51;4300;4310;0
S005;8;7;4310;4315;0
S005;8;6;4315;4320;0
S005;8;4;4320;4325;0
S005;8;3;4325;4330;0
S005;8;2;4330;4335;0
S005;8;1;4335;4355;0
S005;9;0;1085;1085;1
S005;9;1;1090;1110;1
S005;9;84;1110;1140;1
S005;9;84;5345;5355;0
S005;9;1;5355;5375;0
S005;10;0;390;390;1
S005;10;1;395;415;1
S005;10;2;415;420;1
S005;10;3;420;425;1
S005;10;4;425;430;1
S005;10;5;;;1
S005;10;33;430;440;1
S005;10;33;1580;1610;0
S005;10;4;1610;1615;0
S005;10;3;1615;1620;0
S005;10;2;1620;1625;0
S005;10;1;1625;1645;0
S005;11;0;953;953;1
S005;11;1;955;975;1
S005;11;2;975;980;1
S005;11;3;980;985;1
S005;11;4;985;990;1
S005;11;5;;;1
S005;11;35;990;1000;1
S005;11;35;1910;1940;0
S005;11;4;1940;1945;0
S005;11;3;1945;1950;0
S005;11;2;1950;1955;0
S005;11;1;1955;1975;0
S005;12;0;1005;1005;1
S005;12;1;1010;1030;1
S005;12;2;1030;1035;1
S005;12;3;1035;1040;1
S005;12;4;1040;1045;1
S005;12;5;;;1
S005;12;36;1045;1055;1
S005;12;36;2265;2295;0
S005;12;4;2295;2300;0
S005;12;3;2300;2305;0
S005;12;2;2305;2310;0
S005;12;1;2310;2330;0
S005;13;0;684;684;1
S005;13;1;685;705;1
S005;13;2;705;710;1
S005;13;3;710;715;1
S005;13;4;715;720;1
S005;13;5;;;1
S005;13;34;720;730;1
S005;13;34;1660;1690;0
S005;13;4;1690;1695;0
S005;13;3;1695;1700;0
S005;13;2;1700;1705;0
S005;13;1;1705;1725;0
S005;14;0;1638;1638;1
S005;14;1;1680;1700;1
S005;14;2;1700;1705;1
S005;14;3;1705;1710;1
S005;14;4;1710;1715;1
S005;14;5;;;1
S005;14;6;1715;1720;1
S005;14;7;1720;1725;1
S005;14;45;1725;1755;1
S005;14;45;3795;3805;0
S005;14;7;3805;3810;0
S005;14;6;3810;3815;0
S005;14;4;3815;3820;0
S005;14;3;3820;3825;0
S005;14;2;3825;3830;0
S005;14;1;3830;3850;0
S005;16;0;2280;2280;1
S005;16;1;3880;3900;1
S005;16;2;3900;3905;1
S005;16;3;3905;3910;1
S005;16;4;3910;3915;1
S005;16;5;;;1
S005;16;6;3915;3920;1
S005;16;7;3920;3925;1
S005;16;45;3925;3955;1
S005;17;0;2280;2280;1
S005;17;1;2335;2355;1
S005;17;2;2355;2360;1
S005;17;3;2360;2365;1
S005;17;4;2365;2370;1
S005;17;5;;;1
S005;17;6;2370;2375;1
S005;17;7;2375;2380;1
S005;17;8;;;1
S005;17;9;;;1
S005;17;10;;;1
S005;17;11;2380;2385;1
S005;17;12;2385;2390;1
S005;17;65;2390;2400;1
S005;17;65;3285;3315;0
S005;17;12;3315;3320;0
S005;17;11;3320;3325;0
S005;17;7;3325;3330;0
S005;17;6;3330;3335;0
S005;17;4;3335;3340;0
S005;17;3;3340;3345;0
S005;17;2;3345;3350;0
S005;17;1;3350;3370;0
S005;18;0;2363;2363;1
S005;18;1;2365;2385;1
S005;18;2;2385;2390;1
S005;18;3;2390;2395;1
S005;18;4;2395;2400;1
S005;18;5;;;1
S005;18;6;2400;2405;1
S005;18;7;2405;2410;1
S005;18;8;;;1
S005;18;9;;;1
S005;18;10;;;1
S005;18;11;2410;2415;1
S005;18;12;2415;2420;1
S005;18;66;2420;2430;1
S005;18;66;3490;3520;0
S005;18;12;3520;3525;0
S005;18;11;3525;3530;0
S005;18;7;3530;3535;0
S005;18;6;3535;3540;0
S005;18;4;3540;3545;0
S005;18;3;3545;3550;0
S005;18;2;3550;3555;0
S005;18;1;3555;3575;0
S005;19;0;2160;2160;1
S005;19;1;2165;2185;1
S005;19;2;2185;2190;1
S005;19;3;2190;2195;1
S005;19;4;2195;2200;1
S005;19;5;;;1
S005;19;6;2200;2205;1
S005;19;7;2205;2210;1
S005;19;8;;;1
S005;19;9;;;1
S005;19;10;;;1
S005;19;11;2210;2215;1
S005;19;12;2215;2220;1
S005;19;64;2220;2230;1
S005;20;0;2160;2160;1
S005;20;1;2190;2210;1
S005;20;2;2210;2215;1
S005;20;3;2215;2220;1
S005;20;4;2220;2225;1
S005;20;22;2225;2255;1
S005;20;22;6515;6525;0
S005;20;4;6525;6530;0
S005;20;3;6530;6535;0
S005;20;2;6535;6540;0
S005;20;1;6540;6560;0
S005;22;0;1926;1926;1
S005;22;1;1980;2000;1
S005;22;2;2000;2005;1
S005;22;3;2005;2010;1
S005;22;4;2010;2015;1
S005;22;5;;;1
S005;22;6;2015;2020;1
S005;22;7;2020;2025;1
S005;22;8;;;1
S005;22;9;;;1
S005;22;10;;;1
S005;22;11;2025;2030;1
S005;22;57;2030;2040;1
S005;22;57;10145;10175;0
S005;22;11;10175;10180;0
S005;22;7;10180;10185;0
S005;22;6;10185;10190;0
S005;22;4;10190;10195;0
S005;22;3;10195;10200;0
S005;22;2;10200;10205;0
S005;22;1;10205;10225;0
S005;23;0;1475;1475;1
S005;23;1;1480;1500;1
S005;23;2;1500;1505;1
S005;23;3;1505;1510;1
S005;23;4;1510;1515;1
S005;23;5;;;1
S005;23;6;1515;1520;1
S005;23;7;1520;1525;1
S005;23;8;;;1
S005;23;9;;;1
S005;23;10;;;1
S005;23;11;1525;1530;1
S005;23;12;1530;1535;1
S005;23;13;1535;1540;1
S005;23;69;1540;1570;1
S005;23;69;4585;4595;0
S005;23;13;4595;4600;0
S005;23;12;4600;4605;0
S005;23;11;4605;4610;0
S005;23;7;4610;4615;0
S005;23;6;4615;4620;0
S005;23;4;4620;4625;0
S005;23;3;4625;4630;0
S005;23;2;4630;4635;0
S005;23;1;4635;4655;0
S005;25;0;2070;2070;1
S005;25;1;2085;2105;1
S005;25;83;2105;2135;1
S005;25;83;2515;2525;0
S005;25;1;2525;2545;0
S005;26;0;1638;1638;1
S005;26;1;1650;1670;1
S005;26;2;1670;1675;1
S005;26;3;1675;1680;1
S005;26;4;1680;1685;1
S005;26;25;1685;1695;1
S005;26;25;8485;8515;0
S005;26;4;8515;8520;0
S005;26;3;8520;8525;0
S005;26;2;8525;8530;0
S005;26;1;8530;8550;0
S005;27;0;3840;3840;1
S005;27;1;3855;3875;1
S005;27;2;3875;3880;1
S005;27;3;3880;3885;1
S005;27;4;3885;3890;1
S005;27;5;;;1
S005;27;6;3890;3895;1
S005;27;7;3895;3900;1
S005;27;8;;;1
S005;27;9;;;1
S005;27;10;;;1
S005;27;11;3900;3905;1
S005;27;61;3905;3915;1
S005;27;61;6700;6730;0
S005;27;11;6730;6735;0
S005;27;7;6735;6740;0
S005;27;6;6740;6745;0
S005;27;4;6745;6750;0
S005;27;3;6750;6755;0
S005;27;2;6755;6760;0
S005;27;1;6760;6780;0
S005;28;0;3498;3498;1
S005;28;1;3605;3625;1
S005;28;2;3625;3630;1
S005;28;3;3630;3635;1
S005;28;4;3635;3640;1
S005;28;5;;;1
S005;28;6;3640;3645;1
S005;28;7;3645;3650;1
S005;28;8;;;1
S005;28;9;;;1
S005;28;10;;;1
S005;28;11;3650;3655;1
S005;28;59;3655;3685;1
S005;28;59;4230;4240;0
S005;28;11;4240;4245;0
S005;28;7;4245;4250;0
S005;28;6;4250;4255;0
S005;28;4;4255;4260;0
S005;28;3;4260;4265;0
S005;28;2;4265;4270;0
S005;28;1;4270;4290;0
S005;30;0;3543;3543;1
S005;30;1;3580;3600;1
S005;30;2;3600;3605;1
S005;30;3;3605;3610;1
S005;30;4;3610;3615;1
S005;30;5;;;1
S005;30;6;3615;3620;1
S005;30;7;3620;3625;1
S005;30;8;;;1
S005;30;9;;;1
S005;30;10;;;1
S005;30;11;3625;3630;1
S005;30;12;3630;3635;1
S005;30;66;3635;3665;1
S005;30;66;4050;4060;0
S005;30;12;4060;4065;0
S005;30;11;4065;4070;0
S005;30;7;4070;4075;0
S005;30;6;4075;4080;0
S005;30;4;4080;4085;0
S005;30;3;4085;4090;0
S005;30;2;4090;4095;0
S005;30;1;4095;4115;0
S005;31;0;3300;3300;1
S005;31;1;3375;3395;1
S005;31;2;3395;3400;1
S005;31;3;3400;3405;1
S005;31;4;3405;3410;1
S005;31;5;;;1
S005;31;6;3410;3415;1
S005;31;7;3415;3420;1
S005;31;8;;;1
S005;31;9;;;1
S005;31;10;;;1
S005;31;11;3420;3425;1
S005;31;12;3425;3430;1
S005;31;65;3430;3460;1
S005;31;65;4315;4325;0
S005;31;12;4325;4330;0
S005;31;11;4330;4335;0
S005;31;7;4335;4340;0
S005;31;6;4340;4345;0
S005;31;4;4345;4350;0
S005;31;3;4350;4355;0
S005;31;2;4355;4360;0
S005;31;1;4360;4380;0
S005;35;0;3060;3060;1
S005;35;1;4385;4405;1
S005;35;2;4405;4410;1
S005;35;3;4410;4415;1
S005;35;4;4415;4420;1
S005;35;5;;;1
S005;35;6;4420;4425;1
S005;35;7;4425;4430;1
S005;35;8;;;1
S005;35;9;;;1
S005;35;51;4430;4460;1
S005;36;0;4200;4200;1
S005;36;1;4205;4225;1
S005;36;2;4225;4230;1
S005;36;3;4230;4235;1
S005;36;4;4235;4240;1
S005;36;5;;;1
S005;36;6;4240;4245;1
S005;36;7;4245;4250;1
S005;36;8;;;1
S005;36;9;;;1
S005;36;10;;;1
S005;36;11;4250;4255;1
S005;36;12;4255;4260;1
S005;36;13;4260;4265;1
S005;36;68;4265;4295;1
S005;36;68;6010;6020;0
S005;36;13;6020;6025;0
S005;36;12;6025;6030;0
S005;36;11;6030;6035;0
S005;36;7;6035;6040;0
S005;36;6;6040;6045;0
S005;36;4;6045;6050;0
S005;36;3;6050;6055;0
S005;36;2;6055;6060;0
S005;36;1;6060;6080;0
S005;38;0;3750;3750;1
S005;38;1;3805;3825;1
S005;38;2;3825;3830;1
S005;38;3;3830;3835;1
S005;38;4;3835;3840;1
S005;38;5;;;1
S005;38;6;3840;3845;1
S005;38;7;3845;3850;1
S005;38;8;;;1
S005;38;9;;;1
S005;38;10;;;1
S005;38;11;3850;3855;1
S005;38;12;3855;3860;1
S005;38;13;3860;3865;1
S005;38;70;3865;3895;1
S005;38;70;5940;5950;0
S005;38;13;5950;5955;0
S005;38;12;5955;5960;0
S005;38;11;5960;5965;0
S005;38;7;5965;5970;0
S005;38;6;5970;5975;0
S005;38;4;5975;5980;0
S005;38;3;5980;5985;0
S005;38;2;5985;5990;0
S005;38;1;5990;6010;0
S005;39;0;3000;3000;1
S005;39;1;3005;3025;1
S005;39;2;3025;3030;1
S005;39;3;3030;3035;1
S005;39;4;3035;3040;1
S005;39;5;;;1
S005;39;35;3040;3050;1
S005;39;35;3420;3450;0
S005;39;4;3450;3455;0
S005;39;3;3455;3460;0
S005;39;2;3460;3465;0
S005;39;1;3465;3485;0
S005;40;0;3630;3630;1
S005;40;1;3655;3675;1
S005;40;2;3675;3680;1
S005;40;3;3680;3685;1
S005;40;4;3685;3690;1
S005;40;5;;;1
S005;40;34;3690;3700;1
S005;40;34;5135;5165;0
S005;40;4;5165;5170;0
S005;40;3;5170;5175;0
S005;40;2;5175;5180;0
S005;40;1;5180;5200;0
S005;43;0;3000;3000;1
S005;43;1;3030;3050;1
S005;43;2;3050;3055;1
S005;43;3;3055;3060;1
S005;43;20;3060;3090;1
S005;43;20;6435;6445;0
S005;43;3;6445;6450;0
S005;43;2;6450;6455;0
S005;43;1;6455;6475;0
S005;44;0;3329;3329;1
S005;44;1;3400;3420;1
S005;44;2;3420;3425;1
S005;44;3;3425;3430;1
S005;44;4;3430;3435;1
S005;44;5;;;1
S005;44;6;3435;3440;1
S005;44;43;3440;3470;1
S005;44;43;3750;3760;0
S005;44;6;3760;3765;0
S005;44;4;3765;3770;0
S005;44;3;3770;3775;0
S005;44;2;3775;3780;0
S005;44;1;3780;3800;0
S005;45;0;3576;3576;1
S005;45;1;3630;3650;1
S005;45;2;3650;3655;1
S005;45;3;3655;3660;1
S005;45;4;3660;3665;1
S005;45;5;;;1
S005;45;6;3665;3670;1
S005;45;39;3670;3700;1
S005;46;0;4152;4152;1
S005;46;1;5760;5780;1
S005;46;2;5780;5785;1
S005;46;3;5785;5790;1
S005;46;4;5790;5795;1
S005;46;5;;;1
S005;46;6;5795;5800;1
S005;46;7;5800;5805;1
S005;46;8;;;1
S005;46;9;;;1
S005;46;10;;;1
S005;46;11;5805;5810;1
S005;46;12;5810;5815;1
S005;46;13;5815;5820;1
S005;46;67;5820;5830;1
S005;46;67;7845;7875;0
S005;46;13;7875;7880;0
S005;46;12;7880;7885;0
S005;46;11;7885;7890;0
S005;46;7;7890;7895;0
S005;46;6;7895;7900;0
S005;46;4;7900;7905;0
S005;46;3;7905;7910;0
S005;46;2;7910;7915;0
S005;46;1;7915;7935;0
S005;47;0;5070;5070;1
S005;47;1;5075;5095;1
S005;47;2;5095;5100;1
S005;47;3;5100;5105;1
S005;47;4;5105;5110;1
S005;47;5;;;1
S005;47;6;5110;5115;1
S005;47;7;5115;5120;1
S005;47;8;;;1
S005;47;9;;;1
S005;47;10;;;1
S005;47;11;5120;5125;1
S005;47;60;5125;5155;1
S005;47;60;7730;7740;0
S005;47;11;7740;7745;0
S005;47;7;7745;7750;0
S005;47;6;7750;7755;0
S005;47;4;7755;7760;0
S005;47;3;7760;7765;0
S005;47;2;7765;7770;0
S005;47;1;7770;7790;0
S005;48;0;4500;4500;1
S005;48;1;4505;4525;1
S005;48;2;4525;4530;1
S005;48;3;4530;4535;1
S005;48;4;4535;4540;1
S005;48;5;;;1
S005;48;6;4540;4545;1
S005;48;7;4545;4550;1
S005;48;8;;;1
S005;48;9;;;1
S005;48;10;;;1
S005;48;11;4550;4555;1
S005;48;62;4555;4565;1
S005;48;62;6065;6095;0
S005;48;11;6095;6100;0
S005;48;7;6100;6105;0
S005;48;6;6105;6110;0
S005;48;4;6110;6115;0
S005;48;3;6115;6120;0
S005;48;2;6120;6125;0
S005;48;1;6125;6145;0
S005;49;0;5730;5730;1
S005;49;1;5785;5805;1
S005;49;2;5805;5810;1
S005;49;3;5810;5815;1
S005;49;4;5815;5820;1
S005;49;5;;;1
S005;49;6;5820;5825;1
S005;49;7;5825;5830;1
S005;49;8;;;1
S005;49;9;;;1
S005;49;10;;;1
S005;49;11;5830;5835;1
S005;49;12;5835;5840;1
S005;49;65;5840;5850;1
S005;49;65;6955;6985;0
S005;49;12;6985;6990;0
S005;49;11;6990;6995;0
S005;49;7;6995;7000;0
S005;49;6;7000;7005;0
S005;49;4;7005;7010;0
S005;49;3;7010;7015;0
S005;49;2;7015;7020;0
S005;49;1;7020;7040;0
S005;51;0;4680;4680;1
S005;51;1;4710;4730;1
S005;51;2;4730;4735;1
S005;51;3;4735;4740;1
S005;51;4;4740;4745;1
S005;51;5;;;1
S005;51;31;4745;4775;1
S005;51;31;8655;8665;0
S005;51;4;8665;8670;0
S005;51;3;8670;8675;0
S005;51;2;8675;8680;0
S005;51;1;8680;8700;0
S005;52;0;5520;5520;1
S005;52;1;5550;5570;1
S005;52;2;5570;5575;1
S005;52;3;5575;5580;1
S005;52;4;5580;5585;1
S005;52;5;;;1
S005;52;6;5585;5590;1
S005;52;7;5590;5595;1
S005;52;8;;;1
S005;52;9;;;1
S005;52;10;;;1
S005;52;52;5595;5625;1
S005;53;0;4830;4830;1
S005;53;1;4835;4855;1
S005;53;2;4855;4860;1
S005;53;3;4860;4865;1
S005;53;4;4865;4870;1
S005;53;5;;;1
S005;53;27;4870;4900;1
S005;53;27;9300;9310;0
S005;53;4;9310;9315;0
S005;53;3;9315;9320;0
S005;53;2;9320;9325;0
S005;53;1;9325;9345;0
S005;54;0;4956;4956;1
S005;54;1;5015;5035;1
S005;54;2;5035;5040;1
S005;54;3;5040;5045;1
S005;54;4;5045;5050;1
S005;54;5;;;1
S005;54;29;5050;5080;1
S005;54;29;8410;8420;0
S005;54;4;8420;8425;0
S005;54;3;8425;8430;0
S005;54;2;8430;8435;0
S005;54;1;8435;8455;0
S005;57;0;4681;4681;1
S005;57;1;4685;4705;1
S005;57;2;4705;4710;1
S005;57;3;4710;4715;1
S005;57;4;4715;4720;1
S005;57;5;;;1
S005;57;35;4720;4730;1
S005;57;35;5795;5825;0
S005;57;4;5825;5830;0
S005;57;3;5830;5835;0
S005;57;2;5835;5840;0
S005;57;1;5840;5860;0
S005;58;0;5430;5430;1
S005;58;1;5435;5455;1
S005;58;2;5455;5460;1
S005;58;3;5460;5465;1
S005;58;4;5465;5470;1
S005;58;5;;;1
S005;58;34;5470;5480;1
S005;58;34;6260;6290;0
S005;58;4;6290;6295;0
S005;58;3;6295;6300;0
S005;58;2;6300;6305;0
S005;58;1;6305;6325;0
S005;59;0;4770;4770;1
S005;59;1;4790;4810;1
S005;59;2;4810;4815;1
S005;59;3;4815;4820;1
S005;59;4;4820;4825;1
S005;59;5;;;1
S005;59;33;4825;4835;1
S005;59;33;5480;5510;0
S005;59;4;5510;5515;0
S005;59;3;5515;5520;0
S005;59;2;5520;5525;0
S005;59;1;5525;5545;0
S005;60;0;5220;5220;1
S005;60;1;8595;8615;1
S005;60;2;8615;8620;1
S005;60;3;8620;8625;1
S005;60;4;8625;8630;1
S005;60;25;8630;8640;1
S005;61;0;6780;6780;1
S005;61;1;6810;6830;1
S005;61;2;6830;6835;1
S005;61;3;6835;6840;1
S005;61;4;6840;6845;1
S005;61;5;;;1
S005;61;6;6845;6850;1
S005;61;7;6850;6855;1
S005;61;8;;;1
S005;61;9;;;1
S005;61;10;;;1
S005;61;11;6855;6860;1
S005;61;61;6860;6890;1
S005;61;61;8665;8675;0
S005;61;11;8675;8680;0
S005;61;7;8680;8685;0
S005;61;6;8685;8690;0
S005;61;4;8690;8695;0
S005;61;3;8695;8700;0
S005;61;2;8700;8705;0
S005;61;1;8705;8725;0
S005;62;0;5875;5875;1
S005;62;1;5880;5900;1
S005;62;2;5900;5905;1
S005;62;3;5905;5910;1
S005;62;4;5910;5915;1
S005;62;5;;;1
S005;62;6;5915;5920;1
S005;62;7;5920;5925;1
S005;62;8;;;1
S005;62;9;;;1
S005;62;10;;;1
S005;62;11;5925;5930;1
S005;62;12;5930;5935;1
S005;62;66;5935;5945;1
S005;62;66;6200;6230;0
S005;62;12;6230;6235;0
S005;62;11;6235;6240;0
S005;62;7;6240;6245;0
S005;62;6;6245;6250;0
S005;62;4;6250;6255;0
S005;62;3;6255;6260;0
S005;62;2;6260;6265;0
S005;62;1;6265;6285;0
S005;63;0;6880;6880;1
S005;63;1;6945;6965;1
S005;63;2;6965;6970;1
S005;63;3;6970;6975;1
S005;63;4;6975;6980;1
S005;63;5;;;1
S005;63;6;6980;6985;1
S005;63;7;6985;6990;1
S005;63;8;;;1
S005;63;9;;;1
S005;63;50;6990;7020;1
S005;63;50;12285;12295;0
S005;63;7;12295;12300;0
S005;63;6;12300;12305;0
S005;63;4;12305;12310;0
S005;63;3;12310;12315;0
S005;63;2;12315;12320;0
S005;63;1;12320;12340;0
S005;64;0;7150;7150;1
S005;64;1;7200;7220;1
S005;64;2;7220;7225;1
S005;64;3;7225;7230;1
S005;64;4;7230;7235;1
S005;64;5;;;1
S005;64;6;7235;7240;1
S005;64;7;7240;7245;1
S005;64;8;;;1
S005;64;9;;;1
S005;64;10;;;1
S005;64;53;7245;7255;1
S005;64;53;8060;8090;0
S005;64;7;8090;8095;0
S005;64;6;8095;8100;0
S005;64;4;8100;8105;0
S005;64;3;8105;8110;0
S005;64;2;8110;8115;0
S005;64;1;8115;8135;0
S005;65;0;6755;6755;1
S005;65;1;6785;6805;1
S005;65;2;6805;6810;1
S005;65;3;6810;6815;1
S005;65;4;6815;6820;1
S005;65;5;;;1
S005;65;6;6820;6825;1
S005;65;7;6825;6830;1
S005;65;8;;;1
S005;65;9;;;1
S005;65;10;;;1
S005;65;11;6830;6835;1
S005;65;12;6835;6840;1
S005;65;13;6840;6845;1
S005;65;69;6845;6855;1
S005;65;69;8685;8715;0
S005;65;13;8715;8720;0
S005;65;12;8720;8725;0
S005;65;11;8725;8730;0
S005;65;7;8730;8735;0
S005;65;6;8735;8740;0
S005;65;4;8740;8745;0
S005;65;3;8745;8750;0
S005;65;2;8750;8755;0
S005;65;1;8755;8775;0
S005;66;0;6150;6150;1
S005;66;1;6155;6175;1
S005;66;2;6175;6180;1
S005;66;3;6180;6185;1
S005;66;4;6185;6190;1
S005;66;5;;;1
S005;66;6;6190;6195;1
S005;66;81;6195;6225;1
S005;66;81;6870;6900;0
S005;66;6;6900;6905;0
S005;66;4;6905;6910;0
S005;66;3;6910;6915;0
S005;66;2;6915;6920;0
S005;66;1;6920;6940;0
S005;68;0;6480;6480;1
S005;68;1;6485;6505;1
S005;68;2;6505;6510;1
S005;68;3;6510;6515;1
S005;68;4;6515;6520;1
S005;68;5;;;1
S005;68;35;6520;6530;1
S005;68;35;8045;8075;0
S005;68;4;8075;8080;0
S005;68;3;8080;8085;0
S005;68;2;8085;8090;0
S005;68;1;8090;8110;0
S005;70;0;8070;8070;1
S005;70;1;8730;8750;1
S005;70;2;8750;8755;1
S005;70;3;8755;8760;1
S005;70;4;8760;8765;1
S005;70;5;;;1
S005;70;6;8765;8770;1
S005;70;7;8770;8775;1
S005;70;8;;;1
S005;70;9;;;1
S005;70;10;;;1
S005;70;11;8775;8780;1
S005;70;61;8780;8810;1
S005;70;61;10715;10725;0
S005;70;11;10725;10730;0
S005;70;7;10730;10735;0
S005;70;6;10735;10740;0
S005;70;4;10740;10745;0
S005;70;3;10745;10750;0
S005;70;2;10750;10755;0
S005;70;1;10755;10775;0
S005;71;0;8568;8568;1
S005;71;1;9625;9645;1
S005;71;2;9645;9650;1
S005;71;3;9650;9655;1
S005;71;4;9655;9660;1
S005;71;5;;;1
S005;71;6;9660;9665;1
S005;71;7;9665;9670;1
S005;71;8;;;1
S005;71;9;;;1
S005;71;10;;;1
S005;71;11;9670;9675;1
S005;71;60;9675;9705;1
S005;72;0;7770;7770;1
S005;72;1;7815;7835;1
S005;72;2;7835;7840;1
S005;72;3;7840;7845;1
S005;72;4;7845;7850;1
S005;72;5;;;1
S005;72;6;7850;7855;1
S005;72;7;7855;7860;1
S005;72;8;;;1
S005;72;9;;;1
S005;72;10;;;1
S005;72;11;7860;7865;1
S005;72;60;7865;7875;1
S005;72;60;9540;9570;0
S005;72;11;9570;9575;0
S005;72;7;9575;9580;0
S005;72;6;9580;9585;0
S005;72;4;9585;9590;0
S005;72;3;9590;9595;0
S005;72;2;9595;9600;0
S005;72;1;9600;9620;0
S005;73;0;7920;7920;1
S005;73;1;7940;7960;1
S005;73;2;7960;7965;1
S005;73;3;7965;7970;1
S005;73;4;7970;7975;1
S005;73;5;;;1
S005;73;6;7975;7980;1
S005;73;7;7980;7985;1
S005;73;8;;;1
S005;73;9;;;1
S005;73;10;;;1
S005;73;11;7985;7990;1
S005;73;62;7990;8000;1
S005;73;62;11740;11770;0
S005;73;11;11770;11775;0
S005;73;7;11775;11780;0
S005;73;6;11780;11785;0
S005;73;4;11785;11790;0
S005;73;3;11790;11795;0
S005;73;2;11795;11800;0
S005;73;1;11800;11820;0
S005;74;0;7590;7590;1
S005;74;1;7745;7765;1
S005;74;2;7765;7770;1
S005;74;3;7770;7775;1
S005;74;4;7775;7780;1
S005;74;5;;;1
S005;74;6;7780;7785;1
S005;74;7;7785;7790;1
S005;74;8;;;1
S005;74;9;;;1
S005;74;10;;;1
S005;74;11;7790;7795;1
S005;74;59;7795;7825;1
S005;74;59;7840;7850;0
S005;74;11;7850;7855;0
S005;74;7;7855;7860;0
S005;74;6;7860;7865;0
S005;74;4;7865;7870;0
S005;74;3;7870;7875;0
S005;74;2;7875;7880;0
S005;74;1;7880;7900;0
S005;75;0;7644;7644;1
S005;75;1;7665;7685;1
S005;75;2;7685;7690;1
S005;75;3;7690;7695;1
S005;75;4;7695;7700;1
S005;75;5;;;1
S005;75;6;7700;7705;1
S005;75;7;7705;7710;1
S005;75;8;;;1
S005;75;9;;;1
S005;75;10;;;1
S005;75;11;7710;7715;1
S005;75;54;7715;7725;1
S005;75;54;8325;8355;0
S005;75;11;8355;8360;0
S005;75;7;8360;8365;0
S005;75;6;8365;8370;0
S005;75;4;8370;8375;0
S005;75;3;8375;8380;0
S005;75;2;8380;8385;0
S005;75;1;8385;8405;0
S005;76;0;8490;8490;1
S005;76;1;8555;8575;1
S005;76;2;8575;8580;1
S005;76;3;8580;8585;1
S005;76;19;8585;8615;1
S005;76;19;10470;10480;0
S005;76;3;10480;10485;0
S005;76;2;10485;10490;0
S005;76;1;10490;10510;0
S005;77;0;8190;8190;1
S005;77;1;8410;8430;1
S005;77;2;8430;8435;1
S005;77;3;8435;8440;1
S005;77;4;8440;8445;1
S005;77;5;;;1
S005;77;6;8445;8450;1
S005;77;7;8450;8455;1
S005;77;8;;;1
S005;77;9;;;1
S005;77;10;;;1
S005;77;11;8455;8460;1
S005;77;54;8460;8490;1
S005;77;54;14230;14240;0
S005;77;11;14240;14245;0
S005;77;7;14245;14250;0
S005;77;6;14250;14255;0
S005;77;4;14255;14260;0
S005;77;3;14260;14265;0
S005;77;2;14265;14270;0
S005;77;1;14270;14290;0
S005;78;0;7980;7980;1
S005;78;1;7990;8010;1
S005;78;2;8010;8015;1
S005;78;3;8015;8020;1
S005;78;4;8020;8025;1
S005;78;22;8025;8035;1
S005;79;0;8460;8460;1
S005;79;1;8465;8485;1
S005;79;2;8485;8490;1
S005;79;3;8490;8495;1
S005;79;4;8495;8500;1
S005;79;5;;;1
S005;79;6;8500;8505;1
S005;79;7;8505;8510;1
S005;79;8;;;1
S005;79;9;;;1
S005;79;10;;;1
S005;79;11;8510;8515;1
S005;79;12;8515;8520;1
S005;79;65;8520;8550;1
S005;79;65;9875;9885;0
S005;79;12;9885;9890;0
S005;79;11;9890;9895;0
S005;79;7;9895;9900;0
S005;79;6;9900;9905;0
S005;79;4;9905;9910;0
S005;79;3;9910;9915;0
S005;79;2;9915;9920;0
S005;79;1;9920;9940;0
S005;81;0;7710;7710;1
S005;81;1;12345;12365;1
S005;81;2;12365;12370;1
S005;81;3;12370;12375;1
S005;81;4;12375;12380;1
S005;81;5;;;1
S005;81;6;12380;12385;1
S005;81;7;12385;12390;1
S005;81;8;;;1
S005;81;9;;;1
S005;81;50;12390;12420;1
S005;82;0;7500;7500;1
S005;82;1;8140;8160;1
S005;82;2;8160;8165;1
S005;82;3;8165;8170;1
S005;82;4;8170;8175;1
S005;82;5;;;1
S005;82;6;8175;8180;1
S005;82;7;8180;8185;1
S005;82;8;;;1
S005;82;9;;;1
S005;82;10;;;1
S005;82;53;8185;8215;1
S005;83;0;7920;7920;1
S005;83;1;7965;7985;1
S005;83;2;7985;7990;1
S005;83;3;7990;7995;1
S005;83;4;7995;8000;1
S005;83;5;;;1
S005;83;6;8000;8005;1
S005;83;7;8005;8010;1
S005;83;8;;;1
S005;83;9;;;1
S005;83;10;;;1
S005;83;11;8010;8015;1
S005;83;12;8015;8020;1
S005;83;13;8020;8025;1
S005;83;68;8025;8035;1
S005;83;68;11595;11625;0
S005;83;13;11625;11630;0
S005;83;12;11630;11635;0
S005;83;11;11635;11640;0
S005;83;7;11640;11645;0
S005;83;6;11645;11650;0
S005;83;4;11650;11655;0
S005;83;3;11655;11660;0
S005;83;2;11660;11665;0
S005;83;1;11665;11685;0
S005;84;0;7690;7690;1
S005;84;1;7695;7715;1
S005;84;84;7715;7745;1
S005;84;84;8045;8055;0
S005;84;1;8055;8075;0
S005;86;0;7380;7380;1
S005;86;1;7385;7405;1
S005;86;2;7405;7410;1
S005;86;3;7410;7415;1
S005;86;4;7415;7420;1
S005;86;5;;;1
S005;86;34;7420;7430;1
S005;86;34;8150;8180;0
S005;86;4;8180;8185;0
S005;86;3;8185;8190;0
S005;86;2;8190;8195;0
S005;86;1;8195;8215;0
S005;88;0;8010;8010;1
S005;88;1;8170;8190;1
S005;88;2;8190;8195;1
S005;88;3;8195;8200;1
S005;88;20;8200;8230;1
S005;88;20;10270;10280;0
S005;88;3;10280;10285;0
S005;88;2;10285;10290;0
S005;88;1;10290;10310;0
S005;89;0;7920;7920;1
S005;89;1;8015;8035;1
S005;89;2;8035;8040;1
S005;89;3;8040;8045;1
S005;89;4;8045;8050;1
S005;89;5;;;1
S005;89;6;8050;8055;1
S005;89;40;8055;8085;1
S005;89;40;11465;11475;0
S005;89;6;11475;11480;0
S005;89;4;11480;11485;0
S005;89;3;11485;11490;0
S005;89;2;11490;11495;0
S005;89;1;11495;11515;0
S005;90;0;7620;7620;1
S005;90;1;7625;7645;1
S005;90;2;7645;7650;1
S005;90;3;7650;7655;1
S005;90;4;7655;7660;1
S005;90;5;;;1
S005;90;6;7660;7665;1
S005;90;7;7665;7670;1
S005;90;8;;;1
S005;90;9;;;1
S005;90;10;;;1
S005;90;11;7670;7675;1
S005;90;12;7675;7680;1
S005;90;13;7680;7685;1
S005;90;14;7685;7690;1
S005;90;15;;;1
S005;90;16;7690;7705;1
S005;90;74;7705;7745;1
S005;90;74;11520;11530;0
S005;90;16;11530;11545;0
S005;90;14;11545;11550;0
S005;90;13;11550;11555;0
S005;90;12;11555;11560;0
S005;90;11;11560;11565;0
S005;90;7;11565;11570;0
S005;90;6;11570;11575;0
S005;90;4;11575;11580;0
S005;90;3;11580;11585;0
S005;90;2;11585;11590;0
S005;90;1;11590;11610;0
S005;91;0;9844;9844;1
S005;91;1;10780;10800;1
S005;91;2;10800;10805;1
S005;91;3;10805;10810;1
S005;91;4;10810;10815;1
S005;91;5;;;1
S005;91;6;10815;10820;1
S005;91;7;10820;10825;1
S005;91;8;;;1
S005;91;9;;;1
S005;91;10;;;1
S005;91;11;10825;10830;1
S005;91;61;10830;10840;1
S005;91;61;13215;13245;0
S005;91;11;13245;13250;0
S005;91;7;13250;13255;0
S005;91;6;13255;13260;0
S005;91;4;13260;13265;0
S005;91;3;13265;13270;0
S005;91;2;13270;13275;0
S005;91;1;13275;13295;0
S005;92;0;9690;9690;1
S005;92;1;14320;14340;1
S005;92;2;14340;14345;1
S005;92;3;14345;14350;1
S005;92;4;14350;14355;1
S005;92;5;;;1
S005;92;6;14355;14360;1
S005;92;7;14360;14365;1
S005;92;8;;;1
S005;92;9;;;1
S005;92;10;;;1
S005;92;11;14365;14370;1
S005;92;54;14370;14380;1
S005;93;0;8900;8900;1
S005;93;1;8905;8925;1
S005;93;2;8925;8930;1
S005;93;3;8930;8935;1
S005;93;4;8935;8940;1
S005;93;5;;;1
S005;93;6;8940;8945;1
S005;93;7;8945;8950;1
S005;93;8;;;1
S005;93;9;;;1
S005;93;10;;;1
S005;93;11;8950;8955;1
S005;93;12;8955;8960;1
S005;93;66;8960;8970;1
S005;93;66;10105;10135;0
S005;93;12;10135;10140;0
S005;93;11;10140;10145;0
S005;93;7;10145;10150;0
S005;93;6;10150;10155;0
S005;93;4;10155;10160;0
S005;93;3;10160;10165;0
S005;93;2;10165;10170;0
S005;93;1;10170;10190;0
S005;97;0;9870;9870;1
S005;97;1;9945;9965;1
S005;97;2;9965;9970;1
S005;97;3;9970;9975;1
S005;97;18;9975;10005;1
S005;97;18;12215;12225;0
S005;97;3;12225;12230;0
S005;97;2;12230;12235;0
S005;97;1;12235;12255;0
S005;99;0;9390;9390;1
S005;99;1;9395;9415;1
S005;99;2;9415;9420;1
S005;99;3;9420;9425;1
S005;99;4;9425;9430;1
S005;99;5;;;1
S005;99;35;9430;9460;1
S005;99;35;9750;9760;0
S005;99;4;9760;9765;0
S005;99;3;9765;9770;0
S005;99;2;9770;9775;0
S005;99;1;9775;9795;0
S005;100;0;8700;8700;1
S005;100;1;8780;8800;1
S005;100;2;8800;8805;1
S005;100;3;8805;8810;1
S005;100;4;8810;8815;1
S005;100;5;;;1
S005;100;6;8815;8820;1
S005;100;7;8820;8825;1
S005;100;8;;;1
S005;100;9;;;1
S005;100;10;;;1
S005;100;11;8825;8830;1
S005;100;12;8830;8835;1
S005;100;13;8835;8840;1
S005;100;14;8840;8845;1
S005;100;15;;;1
S005;100;16;8845;8860;1
S005;100;75;8860;8870;1
S005;102;0;11340;11340;1
S005;102;1;11345;11365;1
S005;102;2;11365;11370;1
S005;102;3;11370;11375;1
S005;102;19;11375;11405;1
S005;102;19;14275;14285;0
S005;102;3;14285;14290;0
S005;102;2;14290;14295;0
S005;102;1;14295;14315;0
S005;103;0;10530;10530;1
S005;103;1;10535;10555;1
S005;103;2;10555;10560;1
S005;103;3;10560;10565;1
S005;103;4;10565;10570;1
S005;103;5;;;1
S005;103;6;10570;10575;1
S005;103;7;10575;10580;1
S005;103;8;;;1
S005;103;9;;;1
S005;103;10;;;1
S005;103;11;10580;10585;1
S005;103;12;10585;10590;1
S005;103;65;10590;10600;1
S005;103;65;11575;11605;0
S005;103;12;11605;11610;0
S005;103;11;11610;11615;0
S005;103;7;11615;11620;0
S005;103;6;11620;11625;0
S005;103;4;11625;11630;0
S005;103;3;11630;11635;0
S005;103;2;11635;11640;0
S005;103;1;11640;11660;0
S005;110;0;10545;10545;1
S005;110;1;10560;10580;1
S005;110;2;10580;10585;1
S005;110;3;10585;10590;1
S005;110;4;10590;10595;1
S005;110;5;;;1
S005;110;6;10595;10600;1
S005;110;7;10600;10605;1
S005;110;8;;;1
S005;110;48;10605;10635;1
S005;111;0;10620;10620;1
S005;111;1;10625;10645;1
S005;111;2;10645;10650;1
S005;111;3;10650;10655;1
S005;111;4;10655;10660;1
S005;111;5;;;1
S005;111;6;10660;10665;1
S005;111;7;10665;10670;1
S005;111;8;;;1
S005;111;9;;;1
S005;111;10;;;1
S005;111;11;10670;10675;1
S005;111;56;10675;10685;1
S005;112;0;10880;10880;1
S005;112;1;10890;10910;1
S005;112;83;10910;10940;1
S005;113;0;10680;10680;1
S005;113;1;10685;10705;1
S005;113;2;10705;10710;1
S005;113;3;10710;10715;1
S005;113;4;10715;10720;1
S005;113;5;;;1
S005;113;33;10720;10730;1
S005;113;33;11900;11930;0
S005;113;4;11930;11935;0
S005;113;3;11935;11940;0
S005;113;2;11940;11945;0
S005;113;1;11945;11965;0
S005;114;0;10200;10200;1
S005;114;1;10230;10250;1
S005;114;2;10250;10255;1
S005;114;3;10255;10260;1
S005;114;4;10260;10265;1
S005;114;5;;;1
S005;114;35;10265;10275;1
S005;114;35;11045;11075;0
S005;114;4;11075;11080;0
S005;114;3;11080;11085;0
S005;114;2;11085;11090;0
S005;114;1;11090;11110;0
S005;115;0;10860;10860;1
S005;115;1;10865;10885;1
S005;115;2;10885;10890;1
S005;115;3;10890;10895;1
S005;115;4;10895;10900;1
S005;115;5;;;1
S005;115;36;10900;10910;1
S005;115;36;12880;12910;0
S005;115;4;12910;12915;0
S005;115;3;12915;12920;0
S005;115;2;12920;12925;0
S005;115;1;12925;12945;0
S005;116;0;11274;11274;1
S005;116;1;11275;11295;1
S005;116;2;11295;11300;1
S005;116;3;11300;11305;1
S005;116;4;11305;11310;1
S005;116;5;;;1
S005;116;6;11310;11315;1
S005;116;7;11315;11320;1
S005;116;8;;;1
S005;116;9;;;1
S005;116;10;;;1
S005;116;11;11320;11325;1
S005;116;12;11325;11330;1
S005;116;13;11330;11335;1
S005;116;69;11335;11365;1
S005;116;69;12455;12465;0
S005;116;13;12465;12470;0
S005;116;12;12470;12475;0
S005;116;11;12475;12480;0
S005;116;7;12480;12485;0
S005;116;6;12485;12490;0
S005;116;4;12490;12495;0
S005;116;3;12495;12500;0
S005;116;2;12500;12505;0
S005;116;1;12505;12525;0
S005;117;0;11783;11783;1
S005;117;1;11825;11845;1
S005;117;2;11845;11850;1
S005;117;3;11850;11855;1
S005;117;4;11855;11860;1
S005;117;5;;;1
S005;117;6;11860;11865;1
S005;117;7;11865;11870;1
S005;117;8;;;1
S005;117;9;;;1
S005;117;10;;;1
S005;117;11;11870;11875;1
S005;117;62;11875;11885;1
S005;118;0;12774;12774;1
S005;118;1;12775;12795;1
S005;118;2;12795;12800;1
S005;118;3;12800;12805;1
S005;118;4;12805;12810;1
S005;118;5;;;1
S005;118;6;12810;12815;1
S005;118;7;12815;12820;1
S005;118;8;;;1
S005;118;9;;;1
S005;118;10;;;1
S005;118;11;12820;12825;1
S005;118;12;12825;12830;1
S005;118;65;12830;12840;1
S005;118;65;13790;13820;0
S005;118;12;13820;13825;0
S005;118;11;13825;13830;0
S005;118;7;13830;13835;0
S005;118;6;13835;13840;0
S005;118;4;13840;13845;0
S005;118;3;13845;13850;0
S005;118;2;13850;13855;0
S005;118;1;13855;13875;0
S005;122;0;12570;12570;1
S005;122;1;12575;12595;1
S005;122;2;12595;12600;1
S005;122;3;12600;12605;1
S005;122;4;12605;12610;1
S005;122;5;;;1
S005;122;28;12610;12640;1
S005;124;0;11985;11985;1
S005;124;1;12530;12550;1
S005;124;2;12550;12555;1
S005;124;3;12555;12560;1
S005;124;4;12560;12565;1
S005;124;5;;;1
S005;124;6;12565;12570;1
S005;124;7;12570;12575;1
S005;124;8;;;1
S005;124;9;;;1
S005;124;10;;;1
S005;124;11;12575;12580;1
S005;124;12;12580;12585;1
S005;124;13;12585;12590;1
S005;124;69;12590;12620;1
S005;124;69;14295;14305;0
S005;124;13;14305;14310;0
S005;124;12;14310;14315;0
S005;124;11;14315;14320;0
S005;124;7;14320;14325;0
S005;124;6;14325;14330;0
S005;124;4;14330;14335;0
S005;124;3;14335;14340;0
S005;124;2;14340;14345;0
S005;124;1;14345;14365;0
S005;125;0;11886;11886;1
S005;125;1;11890;11910;1
S005;125;2;11910;11915;1
S005;125;3;11915;11920;1
S005;125;4;11920;11925;1
S005;125;5;;;1
S005;125;6;11925;11930;1
S005;125;7;11930;11935;1
S005;125;8;;;1
S005;125;9;;;1
S005;125;10;;;1
S005;125;11;11935;11940;1
S005;125;12;11940;11945;1
S005;125;13;11945;11950;1
S005;125;70;11950;11980;1
S005;125;70;13780;13790;0
S005;125;13;13790;13795;0
S005;125;12;13795;13800;0
S005;125;11;13800;13805;0
S005;125;7;13805;13810;0
S005;125;6;13810;13815;0
S005;125;4;13815;13820;0
S005;125;3;13820;13825;0
S005;125;2;13825;13830;0
S005;125;1;13830;13850;0
S005;126;0;12365;12365;1
S005;126;1;12370;12390;1
S005;126;84;12390;12420;1
S005;127;0;11850;11850;1
S005;127;1;11855;11875;1
S005;127;2;11875;11880;1
S005;127;3;11880;11885;1
S005;127;4;11885;11890;1
S005;127;5;;;1
S005;127;34;11890;11900;1
S005;127;34;12835;12865;0
S005;127;4;12865;12870;0
S005;127;3;12870;12875;0
S005;127;2;12875;12880;0
S005;127;1;12880;12900;0
S005;134;0;13860;13860;1
S005;134;1;13880;13900;1
S005;134;2;13900;13905;1
S005;134;3;13905;13910;1
S005;134;4;13910;13915;1
S005;134;5;;;1
S005;134;29;13915;13945;1
S005;136;0;13320;13320;1
S005;136;1;13325;13345;1
S005;136;2;13345;13350;1
S005;136;3;13350;13355;1
S005;136;4;13355;13360;1
S005;136;5;;;1
S005;136;33;13360;13390;1
S005;136;33;14115;14125;0
S005;136;4;14125;14130;0
S005;136;3;14130;14135;0
S005;136;2;14135;14140;0
S005;136;1;14140;14160;0
S005;137;0;13062;13062;1
S005;137;1;13065;13085;1
S005;137;2;13085;13090;1
S005;137;3;13090;13095;1
S005;137;4;13095;13100;1
S005;137;5;;;1
S005;137;33;13100;13110;1
S005;137;33;13195;13225;0
S005;137;4;13225;13230;0
S005;137;3;13230;13235;0
S005;137;2;13235;13240;0
S005;137;1;13240;13260;0
S005;139;0;13980;13980;1
S005;139;1;13985;14005;1
S005;139;2;14005;14010;1
S005;139;3;14010;14015;1
S005;139;4;14015;14020;1
S005;139;5;;;1
S005;139;6;14020;14025;1
S005;139;40;14025;14055;1
S005;140;0;13485;13485;1
S005;140;1;13490;13510;1
S005;140;2;13510;13515;1
S005;140;3;13515;13520;1
S005;140;4;13520;13525;1
S005;140;5;;;1
S005;140;6;13525;13530;1
S005;140;7;13530;13535;1
S005;140;8;;;1
S005;140;9;;;1
S005;140;10;;;1
S005;140;11;13535;13540;1
S005;140;12;13540;13545;1
S005;140;13;13545;13550;1
S005;140;14;13550;13555;1
S005;140;15;;;1
S005;140;16;13555;13570;1
S005;140;74;13570;13580;1
