ARRIVAL_ID;ROUTE_ID;START_TIME;END_TIME;FORWARD
1;0;2160;2160;1
1;1;3720;3745;1
1;2;3745;3750;1
1;3;3750;3755;1
1;17;3755;3805;1
1;17;5260;5290;0
1;3;5290;5295;0
1;2;5295;5300;0
1;1;5300;5325;0
2;0;3780;3780;1
2;1;5445;5470;1
2;2;5470;5475;1
2;3;5475;5480;1
2;17;5480;5530;1
2;17;7085;7115;0
2;3;7115;7120;0
2;2;7120;7125;0
2;1;7125;7150;0
4;0;2040;2040;1
4;1;2145;2170;1
4;2;2170;2175;1
4;3;2175;2180;1
4;17;2180;2230;1
4;17;3130;3160;0
4;3;3160;3165;0
4;2;3165;3170;0
4;1;3170;3195;0
7;0;3720;3720;1
7;1;3885;3910;1
7;2;3910;3915;1
7;3;3915;3920;1
7;4;3920;3925;1
7;5;3925;3930;1
7;6;3930;3935;1
7;7;3935;3940;1
7;8;3940;3945;1
7;9;3945;3950;1
7;10;3950;3955;1
7;11;3955;3960;1
7;60;3960;3990;1
7;60;5130;5180;0
7;11;5180;5185;0
7;10;5185;5190;0
7;9;5190;5195;0
7;8;5195;5200;0
7;7;5200;5205;0
7;6;5205;5210;0
7;5;5210;5215;0
7;4;5215;5220;0
7;3;5220;5225;0
7;2;5225;5230;0
7;1;5230;5255;0
9;0;5340;5340;1
9;1;5330;5355;1
9;2;5355;5360;1
9;3;5360;5365;1
9;4;5365;5370;1
9;5;5370;5375;1
9;6;5375;5380;1
9;7;5380;5385;1
9;8;5385;5390;1
9;9;5390;5395;1
9;10;5395;5400;1
9;11;5400;5405;1
9;61;5405;5435;1
9;61;6705;6755;0
9;11;6755;6760;0
9;10;6760;6765;0
9;9;6765;6770;0
9;8;6770;6775;0
9;7;6775;6780;0
9;6;6780;6785;0
9;5;6785;6790;0
9;4;6790;6795;0
9;3;6795;6800;0
9;2;6800;6805;0
9;1;6805;6830;0
19;0;3840;3840;1
19;1;3975;4000;1
19;2;4000;4005;1
19;3;4005;4010;1
19;4;4010;4015;1
19;5;4015;4020;1
19;6;4020;4025;1
19;7;4025;4030;1
19;8;4030;4035;1
19;9;4035;4040;1
19;10;4040;4045;1
19;11;4045;4050;1
19;63;4050;4100;1
19;63;5615;5645;0
19;11;5645;5650;0
19;10;5650;5655;0
19;9;5655;5660;0
19;8;5660;5665;0
19;7;5665;5670;0
19;6;5670;5675;0
19;5;5675;5680;0
19;4;5680;5685;0
19;3;5685;5690;0
19;2;5690;5695;0
19;1;5695;5720;0
33;0;6960;6960;1
33;1;6990;7015;1
33;2;7015;7020;1
33;3;7020;7025;1
33;4;7025;7030;1
33;5;7030;7035;1
33;6;7035;7040;1
33;7;7040;7045;1
33;8;7045;7050;1
33;9;7050;7055;1
33;10;7055;7060;1
33;11;7060;7065;1
33;63;7065;7095;1
37;0;7020;7020;1
37;1;7015;7040;1
37;2;7040;7045;1
37;3;7045;7050;1
37;4;7050;7055;1
37;5;7055;7060;1
37;6;7060;7065;1
37;7;7065;7070;1
37;45;7070;7120;1
45;0;7020;7020;1
45;1;7045;7070;1
45;2;7070;7075;1
45;3;7075;7080;1
45;4;7080;7085;1
45;5;7085;7090;1
45;30;7090;7120;1
46;0;7020;7020;1
46;1;7080;7105;1
46;2;7105;7110;1
46;3;7110;7115;1
46;19;7115;7145;1
68;0;420;420;1
68;1;1235;1260;1
68;2;1260;1265;1
68;3;1265;1270;1
68;4;1270;1275;1
68;5;1275;1280;1
68;6;1280;1285;1
68;7;1285;1290;1
68;8;1290;1295;1
68;9;1295;1300;1
68;10;1300;1305;1
68;11;1305;1310;1
68;12;1310;1320;1
68;66;1320;1370;1
68;66;2535;2565;0
68;12;2565;2575;0
68;11;2575;2580;0
68;10;2580;2585;0
68;9;2585;2590;0
68;8;2590;2595;0
68;7;2595;2600;0
68;6;2600;2605;0
68;5;2605;2610;0
68;4;2610;2615;0
68;3;2615;2620;0
68;2;2620;2625;0
68;1;2625;2650;0
121;0;2160;2160;1
121;1;2255;2280;1
121;2;2280;2285;1
121;3;2285;2290;1
121;4;2290;2295;1
121;5;2295;2300;1
121;32;2300;2350;1
121;32;4105;4135;0
121;5;4135;4140;0
121;4;4140;4145;0
121;3;4145;4150;0
121;2;4150;4155;0
121;1;4155;4180;0
126;0;3840;3840;1
126;1;3830;3855;1
126;2;3855;3860;1
126;3;3860;3865;1
126;4;3865;3870;1
126;5;3870;3875;1
126;6;3875;3880;1
126;7;3880;3885;1
126;8;3885;3890;1
126;9;3890;3895;1
126;51;3895;3925;1
126;51;4825;4875;0
126;9;4875;4880;0
126;8;4880;4885;0
126;7;4885;4890;0
126;6;4890;4895;0
126;5;4895;4900;0
126;4;4900;4905;0
126;3;4905;4910;0
126;2;4910;4915;0
126;1;4915;4940;0
132;0;540;540;1
132;1;1525;1550;1
132;2;1550;1555;1
132;3;1555;1560;1
132;4;1560;1565;1
132;5;1565;1570;1
132;6;1570;1575;1
132;7;1575;1580;1
132;8;1580;1585;1
132;9;1585;1590;1
132;10;1590;1595;1
132;53;1595;1645;1
132;53;2580;2610;0
132;10;2610;2615;0
132;9;2615;2620;0
132;8;2620;2625;0
132;7;2625;2630;0
132;6;2630;2635;0
132;5;2635;2640;0
132;4;2640;2645;0
132;3;2645;2650;0
132;2;2650;2655;0
132;1;2655;2680;0
154;0;600;600;1
154;1;2690;2715;1
154;2;2715;2720;1
154;3;2720;2725;1
154;4;2725;2730;1
154;5;2730;2735;1
154;6;2735;2740;1
154;7;2740;2745;1
154;8;2745;2750;1
154;9;2750;2755;1
154;10;2755;2760;1
154;53;2760;2810;1
154;53;4140;4170;0
154;10;4170;4175;0
154;9;4175;4180;0
154;8;4180;4185;0
154;7;4185;4190;0
154;6;4190;4195;0
154;5;4195;4200;0
154;4;4200;4205;0
154;3;4205;4210;0
154;2;4210;4215;0
154;1;4215;4240;0
161;0;480;480;1
161;1;515;540;1
161;2;540;545;1
161;3;545;550;1
161;4;550;555;1
161;5;555;560;1
161;6;560;565;1
161;7;565;570;1
161;8;570;575;1
161;9;575;580;1
161;10;580;585;1
161;53;585;635;1
161;53;1425;1455;0
161;10;1455;1460;0
161;9;1460;1465;0
161;8;1465;1470;0
161;7;1470;1475;0
161;6;1475;1480;0
161;5;1480;1485;0
161;4;1485;1490;0
161;3;1490;1495;0
161;2;1495;1500;0
161;1;1500;1525;0
167;0;3840;3840;1
167;1;5610;5635;1
167;2;5635;5640;1
167;3;5640;5645;1
167;4;5645;5650;1
167;5;5650;5655;1
167;6;5655;5660;1
167;7;5660;5665;1
167;8;5665;5670;1
167;9;5670;5675;1
167;51;5675;5705;1
167;51;6690;6740;0
167;9;6740;6745;0
167;8;6745;6750;0
167;7;6750;6755;0
167;6;6755;6760;0
167;5;6760;6765;0
167;4;6765;6770;0
167;3;6770;6775;0
167;2;6775;6780;0
167;1;6780;6805;0
190;0;360;360;1
190;1;1265;1290;1
190;2;1290;1295;1
190;3;1295;1300;1
190;4;1300;1305;1
190;5;1305;1310;1
190;6;1310;1315;1
190;37;1315;1365;1
190;37;2700;2730;0
190;6;2730;2735;0
190;5;2735;2740;0
190;4;2740;2745;0
190;3;2745;2750;0
190;2;2750;2755;0
190;1;2755;2780;0
194;0;1980;1980;1
194;1;2025;2050;1
194;2;2050;2055;1
194;3;2055;2060;1
194;4;2060;2065;1
194;5;2065;2070;1
194;31;2070;2120;1
194;31;4205;4235;0
194;5;4235;4240;0
194;4;4240;4245;0
194;3;4245;4250;0
194;2;4250;4255;0
194;1;4255;4280;0
217;0;2340;2340;1
217;1;2335;2360;1
217;2;2360;2365;1
217;3;2365;2370;1
217;4;2370;2375;1
217;5;2375;2380;1
217;28;2380;2430;1
217;28;4030;4060;0
217;5;4060;4065;0
217;4;4065;4070;0
217;3;4070;4075;0
217;2;4075;4080;0
217;1;4080;4105;0
228;0;5460;5460;1
228;1;5570;5595;1
228;2;5595;5600;1
228;3;5600;5605;1
228;4;5605;5610;1
228;5;5610;5615;1
228;6;5615;5620;1
228;7;5620;5625;1
228;8;5625;5630;1
228;9;5630;5635;1
228;10;5635;5640;1
228;11;5640;5645;1
228;12;5645;5655;1
228;13;5655;5660;1
228;67;5660;5690;1
228;67;6600;6650;0
228;13;6650;6655;0
228;12;6655;6665;0
228;11;6665;6670;0
228;10;6670;6675;0
228;9;6675;6680;0
228;8;6680;6685;0
228;7;6685;6690;0
228;6;6690;6695;0
228;5;6695;6700;0
228;4;6700;6705;0
228;3;6705;6710;0
228;2;6710;6715;0
228;1;6715;6740;0
250;0;1740;1740;1
250;1;1735;1760;1
250;2;1760;1765;1
250;3;1765;1770;1
250;4;1770;1775;1
250;5;1775;1780;1
250;30;1780;1810;1
250;30;2740;2790;0
250;5;2790;2795;0
250;4;2795;2800;0
250;3;2800;2805;0
250;2;2805;2810;0
250;1;2810;2835;0
251;0;1800;1800;1
251;1;2420;2445;1
251;2;2445;2450;1
251;3;2450;2455;1
251;4;2455;2460;1
251;5;2460;2465;1
251;6;2465;2470;1
251;39;2470;2500;1
251;39;5020;5070;0
251;6;5070;5075;0
251;5;5075;5080;0
251;4;5080;5085;0
251;3;5085;5090;0
251;2;5090;5095;0
251;1;5095;5120;0
273;0;5340;5340;1
273;1;5385;5410;1
273;2;5410;5415;1
273;3;5415;5420;1
273;4;5420;5425;1
273;5;5425;5430;1
273;6;5430;5435;1
273;7;5435;5440;1
273;8;5440;5445;1
273;9;5445;5450;1
273;10;5450;5455;1
273;11;5455;5460;1
273;12;5460;5470;1
273;13;5470;5475;1
273;70;5475;5525;1
273;70;6425;6455;0
273;13;6455;6460;0
273;12;6460;6470;0
273;11;6470;6475;0
273;10;6475;6480;0
273;9;6480;6485;0
273;8;6485;6490;0
273;7;6490;6495;0
273;6;6495;6500;0
273;5;6500;6505;0
273;4;6505;6510;0
273;3;6510;6515;0
273;2;6515;6520;0
273;1;6520;6545;0
275;0;5460;5460;1
275;1;5510;5535;1
275;2;5535;5540;1
275;3;5540;5545;1
275;4;5545;5550;1
275;5;5550;5555;1
275;6;5555;5560;1
275;7;5560;5565;1
275;8;5565;5570;1
275;9;5570;5575;1
275;10;5575;5580;1
275;11;5580;5585;1
275;12;5585;5595;1
275;13;5595;5600;1
275;69;5600;5650;1
275;69;6760;6790;0
275;13;6790;6795;0
275;12;6795;6805;0
275;11;6805;6810;0
275;10;6810;6815;0
275;9;6815;6820;0
275;8;6820;6825;0
275;7;6825;6830;0
275;6;6830;6835;0
275;5;6835;6840;0
275;4;6840;6845;0
275;3;6845;6850;0
275;2;6850;6855;0
275;1;6855;6880;0
283;0;3840;3840;1
283;1;4025;4050;1
283;2;4050;4055;1
283;3;4055;4060;1
283;4;4060;4065;1
283;5;4065;4070;1
283;6;4070;4075;1
283;7;4075;4080;1
283;8;4080;4085;1
283;9;4085;4090;1
283;10;4090;4095;1
283;11;4095;4100;1
283;12;4100;4110;1
283;13;4110;4115;1
283;70;4115;4165;1
283;70;5065;5095;0
283;13;5095;5100;0
283;12;5100;5110;0
283;11;5110;5115;0
283;10;5115;5120;0
283;9;5120;5125;0
283;8;5125;5130;0
283;7;5130;5135;0
283;6;5135;5140;0
283;5;5140;5145;0
283;4;5145;5150;0
283;3;5150;5155;0
283;2;5155;5160;0
283;1;5160;5185;0
302;0;420;420;1
302;1;1655;1680;1
302;2;1680;1685;1
302;3;1685;1690;1
302;4;1690;1695;1
302;5;1695;1700;1
302;34;1700;1730;1
302;34;2655;2705;0
302;5;2705;2710;0
302;4;2710;2715;0
302;3;2715;2720;0
302;2;2720;2725;0
302;1;2725;2750;0
304;0;3840;3840;1
304;1;3925;3950;1
304;2;3950;3955;1
304;3;3955;3960;1
304;4;3960;3965;1
304;5;3965;3970;1
304;35;3970;4000;1
304;35;5475;5525;0
304;5;5525;5530;0
304;4;5530;5535;0
304;3;5535;5540;0
304;2;5540;5545;0
304;1;5545;5570;0
327;0;2160;2160;1
327;1;2225;2250;1
327;2;2250;2255;1
327;3;2255;2260;1
327;4;2260;2265;1
327;5;2265;2270;1
327;36;2270;2300;1
327;36;3880;3930;0
327;5;3930;3935;0
327;4;3935;3940;0
327;3;3940;3945;0
327;2;3945;3950;0
327;1;3950;3975;0
334;0;360;360;1
334;1;355;380;1
334;2;380;385;1
334;3;385;390;1
334;4;390;395;1
334;5;395;400;1
334;35;400;430;1
334;35;2475;2525;0
334;5;2525;2530;0
334;4;2530;2535;0
334;3;2535;2540;0
334;2;2540;2545;0
334;1;2545;2570;0
360;0;360;360;1
360;1;635;660;1
360;2;660;665;1
360;3;665;670;1
360;4;670;675;1
360;5;675;680;1
360;34;680;710;1
360;34;1620;1670;0
360;5;1670;1675;0
360;4;1675;1680;0
360;3;1680;1685;0
360;2;1685;1690;0
360;1;1690;1715;0
369;0;420;420;1
369;1;780;805;1
369;2;805;810;1
369;3;810;815;1
369;4;815;820;1
369;5;820;825;1
369;36;825;855;1
369;36;2120;2170;0
369;5;2170;2175;0
369;4;2175;2180;0
369;3;2180;2185;0
369;2;2185;2190;0
369;1;2190;2215;0
370;0;3780;3780;1
370;1;3795;3820;1
370;2;3820;3825;1
370;3;3825;3830;1
370;4;3830;3835;1
370;5;3835;3840;1
370;34;3840;3870;1
370;34;4955;5005;0
370;5;5005;5010;0
370;4;5010;5015;0
370;3;5015;5020;0
370;2;5020;5025;0
370;1;5025;5050;0
373;0;600;600;1
373;1;835;860;1
373;2;860;865;1
373;3;865;870;1
373;4;870;875;1
373;5;875;880;1
373;33;880;910;1
373;33;1980;2030;0
373;5;2030;2035;0
373;4;2035;2040;0
373;3;2040;2045;0
373;2;2045;2050;0
373;1;2050;2075;0
379;0;3780;3780;1
379;1;4190;4215;1
379;2;4215;4220;1
379;3;4220;4225;1
379;4;4225;4230;1
379;5;4230;4235;1
379;33;4235;4265;1
379;33;5565;5615;0
379;5;5615;5620;0
379;4;5620;5625;0
379;3;5625;5630;0
379;2;5630;5635;0
379;1;5635;5660;0
380;0;2100;2100;1
380;1;2600;2625;1
380;2;2625;2630;1
380;3;2630;2635;1
380;4;2635;2640;1
380;5;2640;2645;1
380;6;2645;2650;1
380;7;2650;2655;1
380;8;2655;2660;1
380;9;2660;2665;1
380;10;2665;2670;1
380;11;2670;2675;1
380;12;2675;2685;1
380;13;2685;2690;1
380;68;2690;2720;1
380;68;3935;3985;0
380;13;3985;3990;0
380;12;3990;4000;0
380;11;4000;4005;0
380;10;4005;4010;0
380;9;4010;4015;0
380;8;4015;4020;0
380;7;4020;4025;0
380;6;4025;4030;0
380;5;4030;4035;0
380;4;4035;4040;0
380;3;4040;4045;0
380;2;4045;4050;0
380;1;4050;4075;0
390;0;5400;5400;1
390;1;5420;5445;1
390;2;5445;5450;1
390;3;5450;5455;1
390;4;5455;5460;1
390;24;5460;5510;1
390;24;6415;6445;0
390;4;6445;6450;0
390;3;6450;6455;0
390;2;6455;6460;0
390;1;6460;6485;0
395;0;5280;5280;1
395;1;5275;5300;1
395;2;5300;5305;1
395;3;5305;5310;1
395;4;5310;5315;1
395;26;5315;5365;1
395;26;6525;6555;0
395;4;6555;6560;0
395;3;6560;6565;0
395;2;6565;6570;0
395;1;6570;6595;0
404;0;6900;6900;1
404;1;6885;6910;1
404;2;6910;6915;1
404;3;6915;6920;1
404;4;6920;6925;1
404;5;6925;6930;1
404;6;6930;6935;1
404;7;6935;6940;1
404;8;6940;6945;1
404;9;6945;6950;1
404;10;6950;6955;1
404;11;6955;6960;1
404;54;6960;7010;1
428;0;540;540;1
428;1;1210;1235;1
428;2;1235;1240;1
428;3;1240;1245;1
428;4;1245;1250;1
428;5;1250;1255;1
428;6;1255;1260;1
428;7;1260;1265;1
428;8;1265;1270;1
428;9;1270;1275;1
428;10;1275;1280;1
428;11;1280;1285;1
428;12;1285;1295;1
428;13;1295;1300;1
428;14;1300;1305;1
428;15;1305;1310;1
428;16;1310;1315;1
428;74;1315;1365;1
428;74;2365;2395;0
428;16;2395;2400;0
428;15;2400;2405;0
428;14;2405;2410;0
428;13;2410;2415;0
428;12;2415;2425;0
428;11;2425;2430;0
428;10;2430;2435;0
428;9;2435;2440;0
428;8;2440;2445;0
428;7;2445;2450;0
428;6;2450;2455;0
428;5;2455;2460;0
428;4;2460;2465;0
428;3;2465;2470;0
428;2;2470;2475;0
428;1;2475;2500;0
431;0;6960;6960;1
431;1;6940;6965;1
431;2;6965;6970;1
431;3;6970;6975;1
431;4;6975;6980;1
431;5;6980;6985;1
431;6;6985;6990;1
431;7;6990;6995;1
431;8;6995;7000;1
431;9;7000;7005;1
431;10;7005;7010;1
431;11;7010;7015;1
431;12;7015;7025;1
431;13;7025;7030;1
431;14;7030;7035;1
431;15;7035;7040;1
431;16;7040;7045;1
431;75;7045;7075;1
435;0;420;420;1
435;1;570;595;1
435;2;595;600;1
435;3;600;605;1
435;4;605;610;1
435;5;610;615;1
435;6;615;620;1
435;7;620;625;1
435;8;625;630;1
435;9;630;635;1
435;10;635;640;1
435;11;640;645;1
435;12;645;655;1
435;13;655;660;1
435;14;660;665;1
435;15;665;670;1
435;16;670;675;1
435;73;675;725;1
435;73;2460;2490;0
435;16;2490;2495;0
435;15;2495;2500;0
435;14;2500;2505;0
435;13;2505;2510;0
435;12;2510;2520;0
435;11;2520;2525;0
435;10;2525;2530;0
435;9;2530;2535;0
435;8;2535;2540;0
435;7;2540;2545;0
435;6;2545;2550;0
435;5;2550;2555;0
435;4;2555;2560;0
435;3;2560;2565;0
435;2;2565;2570;0
435;1;2570;2595;0
441;0;3780;3780;1
441;1;4130;4155;1
441;2;4155;4160;1
441;3;4160;4165;1
441;4;4165;4170;1
441;5;4170;4175;1
441;6;4175;4180;1
441;7;4180;4185;1
441;8;4185;4190;1
441;9;4190;4195;1
441;10;4195;4200;1
441;11;4200;4205;1
441;12;4205;4215;1
441;13;4215;4220;1
441;14;4220;4225;1
441;15;4225;4230;1
441;16;4230;4235;1
441;73;4235;4265;1
441;73;5535;5585;0
441;16;5585;5590;0
441;15;5590;5595;0
441;14;5595;5600;0
441;13;5600;5605;0
441;12;5605;5615;0
441;11;5615;5620;0
441;10;5620;5625;0
441;9;5625;5630;0
441;8;5630;5635;0
441;7;5635;5640;0
441;6;5640;5645;0
441;5;5645;5650;0
441;4;5650;5655;0
441;3;5655;5660;0
441;2;5660;5665;0
441;1;5665;5690;0
448;0;6960;6960;1
448;1;6965;6990;1
448;2;6990;6995;1
448;3;6995;7000;1
448;4;7000;7005;1
448;5;7005;7010;1
448;6;7010;7015;1
448;7;7015;7020;1
448;8;7020;7025;1
448;9;7025;7030;1
448;10;7030;7035;1
448;11;7035;7040;1
448;12;7040;7050;1
448;13;7050;7055;1
448;69;7055;7085;1
