SCENARIO_ID;ARRIVAL_ID;BEAM;LENGTH;DRAFT;IS_NEW_PANAMAX;IS_PASSENGER;IS_RORO;ARRIVAL_D;ARRIVAL_H;METOCEAN_QUEUE_TIME;BERTH_QUEUE_TIME;CHANNEL_QUEUE_TIME;TOTAL_QUEUE_TIME;METOCEAN_UNDOCK_QUEUE_TIME;CHANNEL_UNDOCK_QUEUE_TIME;TOTAL_UNDOCK_QUEUE_TIME;NON_P_DOCKED_DURATION;P_DOCKED_DURATION;DOCKED_DURATION;REAL_DOCK_D;REAL_DOCK_H;REAL_UNDOCK_D;REAL_UNDOCK_H;REAL_BERTH;TERMINAL;MARKET_CATEGORY;SIZE_CATEGORY;BERTH;TRANSIT_IN_START_D;TRANSIT_IN_START_H;BERTH_ARRIVAL_D;BERTH_ARRIVAL_H;OPERATION_START_D;OPERATION_START_H;OPERATION_END_D;OPERATION_END_H;BERTH_DEPARTURE_D;BERTH_DEPARTURE_H;TRANSIT_OUT_END_D;TRANSIT_OUT_END_H
2SemDragagem2030;3544;23.0;225.0;0.0;0;0;0;1;16:40;0.0;0.0;0.0;0.0;0.0;0.0;0.0;2.33;53.5;53.5;;;;;;ADM;GSA - E;;BERÇO ARM 39;1;16:40;1;17:45;1;19:19;4;00:00;3;23:15;3;23:55
2SemDragagem2030;3545;23.0;155.0;10.25;0;0;0;1;15:46;0.0;0.0;1.5;1.5;0.0;0.0;0.0;10.76;43.08;43.08;;;;;;ADONAI;GL;;BERÇO IB OE;1;17:20;1;18:45;2;04:45;3;14:35;3;13:50;3;15:30
2SemDragagem2030;3546;36.0;225.0;0.0;0;0;0;1;13:35;0.0;0.58;0.0;0.58;0.0;0.17;0.17;4.17;104.0;103.83;;;;;;BRACELL;CGNC;;BERÇO ARM 35P2;1;14:10;1;15:25;1;18:50;6;00:00;5;23:25;6;00:15
2SemDragagem2030;3547;23.0;225.0;0.0;0;0;0;1;16:44;0.08;0.08;0.67;0.83;3.83;1.0;4.83;76.21;150.08;145.25;;;;;;COFCO;GSA - E;;BERÇO ARM 13/14;1;17:35;1;19:05;4;22:32;7;21:05;8;01:10;8;02:15
2SemDragagem2030;3548;23.0;225.0;0.0;0;0;0;1;16:46;0.17;0.08;3.75;4.0;1.42;0.0;1.42;1.93;72.33;70.92;;;;;;COFCO;GSA - E;;BERÇO ARM 12A;1;20:50;1;22:20;1;23:30;4;22:00;4;22:40;4;23:45
2SemDragagem2030;3549;23.0;195.0;0.0;0;0;0;1;14:48;0.0;0.25;0.0;0.25;21.17;3.08;24.25;4.35;68.08;43.83;;;;;;COPESUCAR;GSA - E;;BERÇO ARM 20/21;1;15:05;1;16:30;1;20:06;3;13:05;4;12:35;4;13:35
2SemDragagem2030;3550;23.0;215.0;10.25;0;0;0;1;15:41;0.0;2.5;0.0;2.5;0.0;0.33;0.33;1.78;15.5;15.17;;;;;;DPW - CGC;CGC;;BERÇO DPW 1;1;18:15;1;19:35;1;20:36;2;11:30;2;11:05;2;12:40
2SemDragagem2030;3551;23.0;255.0;11.75;0;0;0;1;15:41;0.0;2.83;0.0;2.83;0.0;1.58;1.58;2.53;22.0;20.42;;;;;;DPW - CGC;CGC;;BERÇO DPW 2;1;18:35;1;20:15;1;22:01;2;17:25;2;18:15;2;19:50
2SemDragagem2030;3552;36.0;225.0;0.0;0;0;0;1;14:36;0.0;0.0;0.67;0.67;24.08;2.92;27.0;3.93;67.83;40.83;;;;;;ELDORADO;CGNC;;BERÇO ARM 31;1;15:20;1;16:35;1;19:45;3;10:10;4;12:25;4;13:15
2SemDragagem2030;3553;23.0;175.0;0.0;0;0;0;1;15:44;0.0;3.08;0.0;3.08;0.0;0.0;0.0;9.85;36.92;36.92;;;;;;ELEVACOES;GSA - E;;BERÇO ARM 19;1;18:50;1;20:15;2;05:21;3;09:55;3;09:10;3;10:10
2SemDragagem2030;3554;23.0;225.0;0.0;0;0;0;1;15:44;6.5;37.92;0.0;44.42;0.17;0.0;0.17;3.35;56.83;56.67;;;;;;ELEVACOES;GSA - E;;BERÇO ARM 16/17;3;12:10;3;13:40;3;16:16;5;23:05;5;22:30;5;23:35
2SemDragagem2030;3555;32.2;205.0;0.0;0;0;0;1;14:39;0.0;0.17;0.0;0.17;0.0;0.25;0.25;2.99;42.42;42.17;;;;;;ELEVACOES;GSA - E;;BERÇO ARM 16/17;1;14:50;1;16:20;1;18:34;3;11:15;3;10:45;3;11:50
2SemDragagem2030;3556;32.2;205.0;0.0;0;0;0;1;15:44;2.83;39.67;0.0;42.5;0.0;0.0;0.0;6.22;45.42;45.42;;;;;;ELEVACOES;GSA - E;;BERÇO ARM 19;3;10:15;3;11:40;3;17:08;5;09:50;5;09:05;5;10:05
2SemDragagem2030;3557;23.0;255.0;11.75;0;0;0;1;13:37;0.0;1.33;1.25;2.58;0.0;0.0;0.0;2.07;17.75;17.75;;;;;;SANTOSBR;CGC;;BERÇO TECON 2;1;16:15;1;17:30;1;18:49;2;12:00;2;11:15;2;12:25
2SemDragagem2030;3558;43.0;339.0;14.0;0;0;0;1;13:37;67.83;0.0;0.25;68.08;21.0;0.0;21.0;2.7;49.67;28.67;;;;;;SANTOSBR;CGC;;BERÇO TECON 2;4;09:45;4;11:00;4;12:57;5;16:25;6;12:40;6;13:50
2SemDragagem2030;3559;23.0;185.0;10.75;0;0;0;1;13:39;0.0;0.0;0.0;0.0;0.0;0.0;0.0;17.95;77.08;77.08;;;;;;STOLTHAVEN;GL;;BERÇO AL 02;1;13:40;1;15:15;2;08:27;4;21:05;4;20:20;4;22:10
2SemDragagem2030;3560;23.0;195.0;9.25;0;0;1;1;13:41;0.0;0.17;0.0;0.17;0.0;0.0;0.0;1.44;22.42;22.42;;;;;;TEV;RORO;;BERÇO TEV;1;13:55;1;15:15;1;15:56;2;14:25;2;13:40;2;14:55
2SemDragagem2030;3561;23.0;195.0;9.25;0;0;1;1;13:40;1.33;24.67;0.0;26.0;0.0;0.0;0.0;2.89;23.92;23.92;;;;;;TEV;RORO;;BERÇO TEV;2;15:40;2;17:00;2;19:08;3;17:40;3;16:55;3;18:10
2SemDragagem2030;3562;23.0;225.0;0.0;0;0;0;1;15:40;0.0;0.33;0.0;0.33;0.0;0.08;0.08;4.32;66.67;66.58;;;;;;TIPLAM - GSA - E;GSA - E;;BERÇO TIPLAM 2;1;16:00;1;18:30;1;22:04;4;13:50;4;13:10;4;15:05
2SemDragagem2030;3563;23.0;225.0;0.0;0;0;0;1;15:40;0.0;3.83;0.0;3.83;0.0;0.17;0.17;3.13;65.5;65.33;;;;;;TIPLAM - GSA - E;GSA - E;;BERÇO TIPLAM 3;1;19:30;1;22:00;2;00:22;4;16:05;4;15:30;4;17:25
2SemDragagem2030;3564;23.0;195.0;10.25;0;0;0;1;15:44;0.0;4.58;0.0;4.58;0.0;0.0;0.0;2.37;87.42;87.42;;;;;;TIPLAM - GSM - I;GSM - I;;BERÇO TIPLAM 1;1;20:20;1;22:50;2;00:27;5;15:00;5;14:15;5;16:10
2SemDragagem2030;3565;23.0;185.0;0.0;0;0;0;1;16:44;0.0;3.75;0.08;3.83;0.0;0.33;0.33;5.74;36.08;35.75;;;;;;TRANSPETRO;GL;;BERÇO AL 01;1;20:35;1;22:30;2;03:29;3;11:00;3;10:35;3;12:05
2SemDragagem2030;3566;23.0;185.0;10.75;0;0;0;1;17:43;0.0;2.0;0.0;2.0;0.0;0.0;0.0;0.75;63.67;63.67;;;;;;VOPAK;GL;;BERÇO AL 03;1;19:45;1;21:20;1;21:20;4;13:45;4;13:00;4;14:50
2SemDragagem2030;3567;36.0;225.0;0.0;0;0;0;2;17:52;0.0;0.0;0.0;0.0;0.0;0.0;0.0;4.15;103.17;103.17;;;;;;ARAUCO;CGNC;;BERÇO ARAUCO 1;2;17:55;2;20:05;2;23:29;7;04:00;7;03:15;7;05:00
2SemDragagem2030;3568;23.0;155.0;9.75;0;0;0;2;16:46;0.0;0.0;0.0;0.0;0.0;0.0;0.0;1.17;47.08;47.08;;;;;;AGEO_TERMINAIS;GL;;BERÇO Ageo I;2;16:50;2;18:15;2;18:40;4;18:05;4;17:20;4;19:00
2SemDragagem2030;3569;23.0;275.0;13.75;0;0;0;2;17:49;39.67;0.0;1.33;41.0;2.92;0.08;3.0;3.21;20.92;17.92;;;;;;BTP;CGC;;BERÇO BTP 1;4;10:50;4;12:40;4;15:07;5;07:20;5;09:35;5;11:20
2SemDragagem2030;3570;23.0;305.0;13.75;0;0;0;2;17:20;40.33;0.17;1.75;42.25;0.17;0.17;0.33;1.87;22.92;22.58;;;;;;BTP;CGC;;BERÇO BTP 2;4;11:35;4;13:25;4;14:32;5;12:45;5;12:20;5;14:05
2SemDragagem2030;3571;23.0;325.0;13.75;0;0;0;2;17:48;39.67;0.0;0.0;39.67;23.83;0.33;24.17;5.11;50.0;25.83;;;;;;BTP;CGC;;BERÇO BTP 3;4;09:30;4;11:20;4;15:41;5;13:55;6;13:20;6;15:05
2SemDragagem2030;3572;23.0;205.0;0.0;0;0;0;2;13:45;0.0;1.25;0.0;1.25;0.17;0.08;0.25;1.22;78.67;78.42;;;;;;CITROSUCO;GL;;BERÇO ARM 29;2;15:00;2;16:20;2;16:48;5;23:30;5;23:00;5;23:55
2SemDragagem2030;3573;23.0;225.0;0.0;0;0;0;2;16:48;33.0;44.33;52.42;129.75;0.0;0.0;0.0;8.37;77.42;77.42;;;;;;COFCO;GSA - E;;BERÇO ARM 12A;8;02:35;8;04:05;8;11:42;11;10:15;;;;;;
2SemDragagem2030;3575;23.0;275.0;12.25;0;0;0;2;18:50;0.0;0.0;0.0;0.0;0.0;0.42;0.42;2.34;20.67;20.25;;;;;;DPW - CGC;CGC;;BERÇO DPW 1;2;18:50;2;20:10;2;21:45;3;17:10;3;16:50;3;18:25
2SemDragagem2030;3576;23.0;275.0;12.25;0;0;0;2;18:50;0.0;1.42;0.0;1.42;0.0;0.0;0.0;2.06;19.92;19.92;;;;;;DPW - CGC;CGC;;BERÇO DPW 2;2;20:15;2;21:55;2;23:13;3;18:35;3;17:50;3;19:25
2SemDragagem2030;3577;23.0;175.0;0.0;0;0;0;2;18:51;2.92;50.17;11.67;64.75;0.0;0.75;0.75;7.68;35.5;34.75;;;;;;ELEVACOES;GSA - E;;BERÇO ARM 19;5;11:40;5;13:05;5;20:00;7;00:35;7;00:35;7;01:35
2SemDragagem2030;3578;23.0;195.0;11.25;0;0;0;2;17:46;0.0;0.33;0.0;0.33;1.25;0.25;1.5;1.88;78.75;77.25;;;;;;HIDROVIAS;GSM - I;;BERÇO ARM 22/23;2;18:10;2;19:15;2;20:22;6;01:15;6;02:00;6;03:20
2SemDragagem2030;3579;36.0;225.0;0.0;0;0;0;2;16:58;2.5;43.67;0.0;46.17;0.0;0.0;0.0;5.24;205.25;205.25;;;;;;NST - CGNC;CGNC;;BERÇO ARM 31;4;15:10;4;16:25;4;20:54;13;06:25;;;;;;
2SemDragagem2030;3580;23.0;265.0;12.75;0;0;0;2;19:52;0.0;0.58;0.0;0.58;0.0;0.0;0.0;2.37;18.0;18.0;;;;;;SANTOSBR;CGC;;BERÇO TECON 2;2;20:30;2;21:45;2;23:22;3;16:30;3;15:45;3;16:55
2SemDragagem2030;3581;23.0;225.0;0.0;0;0;0;2;16:46;0.0;0.42;0.0;0.42;0.0;0.0;0.0;2.0;90.42;90.42;;;;;;TEAG;GSA - E;;BERÇO TEAG;2;17:15;2;18:25;2;19:40;6;13:35;6;12:50;6;13:35
2SemDragagem2030;3582;23.0;185.0;12.75;0;0;0;2;17:51;0.0;0.5;0.0;0.5;0.0;0.0;0.0;2.65;92.08;92.08;;;;;;TERMAG;GSM - I;;BERÇO TERMAG;2;18:25;2;19:15;2;21:09;6;16:05;6;15:20;6;16:25
2SemDragagem2030;3583;23.0;225.0;0.0;0;0;0;2;16:52;35.58;37.33;45.67;118.58;0.0;0.0;0.0;9.02;120.17;120.17;;;;;;TES;GSA - E;;BERÇO ARM 38;7;15:30;7;16:35;8;00:51;12;17:30;;;;;;
2SemDragagem2030;3584;23.0;225.0;0.0;0;0;0;2;15:46;0.0;0.08;0.0;0.08;0.0;3.75;3.75;2.15;117.0;113.25;;;;;;TES;GSA - E;;BERÇO ARM 38;2;15:55;2;17:00;2;18:24;7;11:00;7;14:00;7;14:40
2SemDragagem2030;3585;23.0;225.0;0.0;0;0;0;2;17:49;0.17;1.08;0.0;1.25;0.0;0.33;0.33;1.8;63.92;63.58;;;;;;TGRAO;GSA - E;;BERÇO OUT 2;2;19:05;2;20:25;2;21:28;5;12:45;5;12:20;5;13:15
2SemDragagem2030;3586;23.0;225.0;13.25;0;0;0;2;17:50;0.0;1.92;0.0;1.92;0.0;0.58;0.58;5.0;110.08;109.5;;;;;;TIPLAM - GSM - I;GSM - I;;BERÇO TIPLAM 4;2;19:45;2;21:45;3;02:00;7;12:00;7;11:50;7;14:15
2SemDragagem2030;3587;23.0;165.0;9.75;0;0;0;2;18:53;0.0;1.08;0.0;1.08;0.0;1.5;1.5;0.75;43.83;42.33;;;;;;VOPAK;GL;;BERÇO AL 04;2;20:00;2;21:35;2;21:35;4;16:40;4;17:25;4;19:15
2SemDragagem2030;3588;23.0;225.0;0.0;0;0;0;2;19:55;0.0;0.83;0.0;0.83;0.0;0.0;0.0;1.1;56.25;56.25;;;;;;XXXIX;GSA - E;;BERÇO ARM 37;2;20:45;2;21:50;2;22:11;5;06:50;5;06:05;5;06:45
2SemDragagem2030;3589;36.0;225.0;0.0;0;0;0;3;21:04;0.0;0.0;0.0;0.0;0.0;0.0;0.0;7.4;106.42;106.42;;;;;;ARAUCO;CGNC;;BERÇO ARAUCO 2;3;21:05;3;23:15;4;05:54;8;10:25;8;09:40;8;11:25
2SemDragagem2030;3590;23.0;185.0;11.75;0;0;0;3;21:56;0.0;0.0;0.0;0.0;0.0;0.0;0.0;1.16;65.58;65.58;;;;;;AGEO_TERMINAIS;GL;;BERÇO IB OE;3;22:00;3;23:25;3;23:49;6;17:45;6;17:00;6;18:40
2SemDragagem2030;3591;23.0;295.0;14.5;0;0;0;3;23:52;23.25;5.67;6.58;35.5;0.0;0.5;0.5;1.87;23.08;22.58;;;;;;BTP;CGC;;BERÇO BTP 2;5;11:25;5;13:15;5;14:22;6;12:35;6;12:20;6;14:05
2SemDragagem2030;3592;23.0;225.0;0.0;0;0;0;3;20:58;4.58;4.92;0.0;9.5;2.17;0.75;2.92;17.01;88.92;86.0;;;;;;COFCO;GSA - E;;BERÇO ARM 12A;4;06:30;4;08:00;5;00:15;7;22:45;8;00:55;8;02:00
2SemDragagem2030;3594;23.0;225.0;0.0;0;0;0;3;22:45;0.0;0.0;0.0;0.0;0.0;0.25;0.25;4.24;58.58;58.33;;;;;;CUTRALE - GSA - E;GSA - E;;BERÇO CUTRALE;3;22:45;3;23:50;4;03:19;6;10:55;6;10:25;6;11:05
2SemDragagem2030;3595;23.0;225.0;0.0;0;0;0;3;21:58;17.0;19.33;15.42;51.75;1.67;0.0;1.67;1.93;56.92;55.25;;;;;;ELEVACOES;GSA - E;;BERÇO ARM 16/17;6;01:45;6;03:15;6;04:25;8;11:15;8;12:10;8;13:15
2SemDragagem2030;3596;23.0;205.0;11.75;0;0;0;3;22:58;1.0;0.0;0.0;1.0;0.0;0.58;0.58;2.14;19.58;19.0;;;;;;SANTOSBR;CGC;;BERÇO TECON 1.1;4;00:00;4;01:15;4;02:38;4;21:00;4;20:50;4;22:00
2SemDragagem2030;3597;23.0;265.0;13.25;0;0;0;3;22:40;1.25;0.08;0.67;2.0;0.0;0.08;0.08;3.77;19.5;19.42;;;;;;SANTOSBR;CGC;;BERÇO TECON 3;4;00:40;4;01:55;4;04:56;4;22:05;4;21:25;4;22:35
2SemDragagem2030;3598;23.0;295.0;13.75;0;0;0;3;22:30;37.08;7.0;16.92;61.0;0.0;0.0;0.0;2.77;24.08;24.08;;;;;;SANTOSBR;CGC;;BERÇO TECON 2;6;11:30;6;12:45;6;14:46;7;13:35;7;12:50;7;14:00
2SemDragagem2030;3599;43.0;339.0;14.0;0;0;0;3;22:15;18.08;5.08;1.25;24.42;6.92;0.58;7.5;4.24;37.67;30.17;;;;;;SANTOSBR;CGC;;BERÇO TECON 3;4;22:40;4;23:55;5;03:24;6;06:50;6;13:35;6;14:45
2SemDragagem2030;3600;23.0;225.0;0.0;0;0;0;3;23:40;0.5;0.75;0.0;1.25;1.75;0.0;1.75;1.25;81.08;79.33;;;;;;TEG;GSA - E;;BERÇO TEG;4;00:55;4;02:05;4;02:35;7;10:10;7;11:10;7;11:55
2SemDragagem2030;3601;23.0;195.0;10.25;0;0;1;3;22:06;0.0;0.08;0.0;0.08;0.0;0.25;0.25;3.95;25.17;24.92;;;;;;TEV;RORO;;BERÇO TEV;3;22:15;3;23:35;4;02:47;5;01:15;5;00:45;5;02:00
2SemDragagem2030;3602;23.0;225.0;0.0;0;0;0;3;23:41;0.25;0.0;0.0;0.25;3.25;0.08;3.33;3.88;69.42;66.08;;;;;;TIPLAM - GSA - E;GSA - E;;BERÇO TIPLAM 3;4;00:00;4;02:30;4;05:37;6;21:20;6;23:55;7;01:50
2SemDragagem2030;3603;23.0;195.0;11.25;0;0;0;3;19:55;2.0;17.92;0.0;19.92;0.0;0.17;0.17;10.98;96.17;96.0;;;;;;TIPLAM - GSM - I;GSM - I;;BERÇO TIPLAM 2;4;15:50;4;17:50;5;04:03;8;18:35;8;18:00;8;20:25
2SemDragagem2030;3604;23.0;225.0;13.75;0;0;0;3;19:55;27.67;7.67;9.83;45.17;0.0;0.0;0.0;5.08;109.58;109.58;;;;;;TIPLAM - GSM - I;GSM - I;;BERÇO TIPLAM 1;5;17:05;5;19:35;5;23:54;10;09:55;10;09:10;10;11:05
2SemDragagem2030;3605;23.0;175.0;9.75;0;0;0;3;20:54;13.25;0.25;0.0;13.5;0.0;0.58;0.58;40.77;132.08;131.5;;;;;;USIMINAS;GSM - E;;BERÇO USIMINAS 3;4;10:25;4;12:25;6;04:26;10;00:40;10;00:30;10;02:45
2SemDragagem2030;3606;36.0;225.0;0.0;0;0;0;4;01:05;0.0;0.5;0.0;0.5;0.0;0.0;0.0;1.07;100.08;100.08;;;;;;ARAUCO;CGNC;;BERÇO ARAUCO 3;4;01:35;4;03:45;4;04:04;8;08:35;8;07:50;8;09:50
2SemDragagem2030;3607;23.0;155.0;0.0;0;0;0;4;01:03;0.0;0.75;0.0;0.75;0.0;0.0;0.0;1.16;47.08;47.08;;;;;;AGEO_TERMINAIS;GL;;BERÇO Ageo I;4;01:50;4;03:35;4;03:59;6;03:25;6;02:40;6;04:00
2SemDragagem2030;3608;23.0;255.0;10.25;0;0;0;4;01:02;29.42;12.33;52.83;94.58;0.0;0.83;0.83;1.36;16.92;16.08;;;;;;BTP;CGC;;BERÇO BTP 2;7;23:40;8;01:30;8;02:06;8;18:20;8;18:25;8;20:10
2SemDragagem2030;3609;23.0;295.0;10.25;0;0;0;4;01:04;29.42;12.67;55.17;97.25;0.0;0.0;0.0;2.82;23.5;23.5;;;;;;BTP;CGC;;BERÇO BTP 1;8;02:20;8;04:10;8;06:14;9;04:25;9;03:40;9;05:25
2SemDragagem2030;3610;23.0;305.0;9.25;0;0;0;4;00:00;0.5;12.08;19.25;31.83;0.0;0.0;0.0;2.65;23.33;23.33;;;;;;BTP;CGC;;BERÇO BTP 1;5;07:50;5;09:40;5;11:34;6;09:45;6;09:00;6;10:45
2SemDragagem2030;3611;23.0;165.0;9.75;0;0;0;4;00:02;0.0;0.42;0.0;0.42;0.0;0.17;0.17;4.44;140.5;140.33;;;;;;BUNGE;GSA - I;;BERÇO ARM 30;4;00:30;4;01:25;4;05:06;9;22:30;9;21:55;9;23:05
2SemDragagem2030;3612;23.0;225.0;0.0;0;0;0;4;02:05;41.75;17.92;37.5;97.17;0.0;0.0;0.0;10.86;79.83;79.83;;;;;;COFCO;GSA - E;;BERÇO ARM 13/14;8;03:15;8;04:45;8;14:51;11;13:20;;;;;;
2SemDragagem2030;3615;23.0;185.0;0.0;0;0;0;4;05:10;72.58;0.5;41.58;114.67;0.0;0.0;0.0;3.76;43.25;43.25;;;;;;COPESUCAR;GSA - E;;BERÇO ARM 20/21;8;23:50;9;01:15;9;04:15;10;21:15;10;20:30;10;21:30
2SemDragagem2030;3616;23.0;225.0;0.0;0;0;0;4;05:09;96.17;16.92;48.08;161.17;0.0;0.0;0.0;1.96;60.83;60.83;;;;;;COPESUCAR;GSA - E;;BERÇO ARM 20/21;10;22:20;10;23:45;11;00:57;13;13:20;;;;;;
2SemDragagem2030;3618;23.0;185.0;8.25;0;0;0;4;02:05;0.0;0.0;0.0;0.0;0.0;0.0;0.0;2.35;15.75;15.75;;;;;;DPW - CGC;CGC;;BERÇO DPW 1;4;02:05;4;03:25;4;05:01;4;19:55;4;19:10;4;20:45
2SemDragagem2030;3619;36.0;225.0;0.0;0;0;0;4;00:01;0.0;0.17;0.0;0.17;0.0;0.0;0.0;9.23;73.25;73.25;;;;;;DPW - CGNC;CGNC;;BERÇO DPW 3;4;00:15;4;01:50;4;10:18;7;03:50;7;03:05;7;04:15
2SemDragagem2030;3620;23.0;225.0;0.0;0;0;0;4;02:06;57.08;0.25;34.75;92.08;0.0;0.0;0.0;2.74;56.0;56.0;;;;;;ELEVACOES;GSA - E;;BERÇO ARM 19;7;22:15;7;23:40;8;01:39;10;08:25;10;07:40;10;08:40
2SemDragagem2030;3621;23.0;185.0;0.0;0;0;0;4;02:06;49.33;0.0;42.5;91.83;0.0;0.0;0.0;3.53;47.0;47.0;;;;;;GRANEL;GL;;BERÇO IB BC;7;22:00;7;23:45;8;02:31;9;23:30;9;22:45;10;00:05
2SemDragagem2030;3623;23.0;175.0;0.0;0;0;0;4;05:02;72.33;0.83;41.83;115.0;0.0;0.0;0.0;1.39;139.33;139.33;;;;;;NST - GL;GL;;BERÇO ARM 29;9;00:05;9;01:25;9;02:03;14;21:30;;;;;;
2SemDragagem2030;3624;23.0;195.0;8.25;0;0;0;4;01:02;0.0;0.0;1.92;1.92;0.0;0.75;0.75;2.72;20.33;19.58;;;;;;SANTOSBR;CGC;;BERÇO TECON 1.1;4;03:00;4;04:15;4;06:13;5;00:35;5;00:35;5;01:45
2SemDragagem2030;3625;23.0;245.0;9.75;0;0;0;4;02:05;0.0;0.0;0.25;0.25;0.0;2.17;2.17;2.59;20.42;18.25;;;;;;SANTOSBR;CGC;;BERÇO TECON 1.2;4;02:20;4;03:35;4;05:25;4;22:35;5;00:00;5;01:10
2SemDragagem2030;3626;23.0;265.0;9.25;0;0;0;4;02:04;28.0;13.83;52.0;93.83;0.0;0.0;0.0;1.92;17.58;17.58;;;;;;SANTOSBR;CGC;;BERÇO TECON 3;7;23:55;8;01:10;8;02:20;8;19:30;8;18:45;8;19:55
2SemDragagem2030;3627;23.0;315.0;9.75;0;0;0;4;02:04;74.42;0.42;17.58;92.42;2.83;0.0;2.83;2.79;26.92;24.08;;;;;;SANTOSBR;CGC;;BERÇO TECON 2;7;22:30;7;23:45;8;01:47;9;00:35;9;02:40;9;03:50
2SemDragagem2030;3628;43.0;339.0;14.0;0;0;0;4;02:04;96.58;0.0;14.92;111.5;0.0;0.0;0.0;3.11;29.08;29.08;;;;;;SANTOSBR;CGC;;BERÇO TECON 3;8;17:35;8;18:50;8;21:11;10;00:40;;;;;;
2SemDragagem2030;3629;23.0;225.0;0.0;0;0;0;4;00:00;38.0;18.5;27.5;84.0;0.0;0.08;0.08;1.75;79.92;79.83;;;;;;TEG;GSA - E;;BERÇO TEG;7;12:00;7;13:10;7;14:10;10;21:45;10;21:05;10;21:50
2SemDragagem2030;3631;23.0;225.0;0.0;0;0;0;4;02:05;48.58;0.75;43.33;92.67;0.0;0.0;0.0;6.2;46.17;46.17;;;;;;TGG;GSA - E;;BERÇO TGG;7;22:45;7;23:55;8;05:22;9;22:50;9;22:05;9;22:50
2SemDragagem2030;3632;23.0;225.0;0.0;0;0;0;4;02:05;54.75;2.25;85.25;142.25;0.0;0.0;0.0;4.9;44.83;44.83;;;;;;TGG;GSA - E;;BERÇO TGG;10;00:20;10;01:30;10;05:39;11;23:05;;;;;;
2SemDragagem2030;3633;23.0;225.0;0.0;0;0;0;4;00:00;29.58;22.25;22.08;73.92;0.0;2.08;2.08;4.36;68.67;66.58;;;;;;TIPLAM - GSA - E;GSA - E;;BERÇO TIPLAM 3;7;01:55;7;04:25;7;08:01;9;23:45;10;01:05;10;03:00
2SemDragagem2030;3634;23.0;225.0;7.75;0;0;0;4;00:01;29.58;22.08;35.0;86.67;0.0;0.0;0.0;8.91;113.42;113.42;;;;;;TIPLAM - GSM - I;GSM - I;;BERÇO TIPLAM 4;7;14:45;7;16:45;8;00:54;12;10:55;;;;;;
2SemDragagem2030;3635;23.0;185.0;0.0;0;0;0;4;05:10;95.75;0.67;41.75;138.17;0.0;0.0;0.0;0.75;63.67;63.67;;;;;;VOPAK;GL;;BERÇO AL 02;9;23:20;10;01:15;10;01:15;12;17:40;;;;;;
2SemDragagem2030;3636;23.0;225.0;0.0;0;0;0;4;00:01;35.33;15.0;21.42;71.75;0.0;0.0;0.0;2.27;57.42;57.42;;;;;;XXXIX;GSA - E;;BERÇO ARM 37;6;23:50;7;00:55;7;02:26;9;11:05;9;10:20;9;11:00
2SemDragagem2030;3637;19.0;87.9;5.0;0;0;0;4;10:25;61.83;1.0;21.75;84.58;0.0;0.08;0.08;0.83;70.92;70.83;;;;;;SAIPEM;CGNC;;BERÇO SAIPEM 1;7;23:00;7;23:55;7;23:59;10;23:30;10;22:50;10;23:20
2SemDragagem2030;3638;18.0;85.34;4.6;0;0;0;4;11:15;87.92;2.0;43.42;133.33;0.0;0.0;0.0;0.83;54.5;54.5;;;;;;SAIPEM;CGNC;;BERÇO SAIPEM 1;10;00:35;10;01:30;10;01:34;12;08:45;;;;;;
2SemDragagem2030;3639;23.0;225.0;0.0;0;0;0;5;05:08;109.08;0.92;8.75;118.75;0.0;0.0;0.0;2.94;54.08;54.08;;;;;;ADM;GSA - E;;BERÇO ARM 39;10;03:55;10;05:00;10;07:11;12;11:50;;;;;;
2SemDragagem2030;3640;23.0;185.0;0.0;0;0;0;5;03:08;75.17;2.92;41.42;119.5;0.0;0.0;0.0;1.36;65.83;65.83;;;;;;AGEO_TERMINAIS;GL;;BERÇO Ageo I;10;02:40;10;04:25;10;05:01;12;23:00;;;;;;
2SemDragagem2030;3641;23.0;245.0;10.75;0;0;0;5;02:08;76.42;0.08;42.58;119.08;0.0;0.0;0.0;1.59;16.33;16.33;;;;;;BTP;CGC;;BERÇO BTP 1;10;01:15;10;03:05;10;03:55;10;20:10;10;19:25;10;21:10
2SemDragagem2030;3642;23.0;295.0;11.75;0;0;0;5;04:13;74.33;0.58;43.25;118.17;0.0;0.0;0.0;1.87;22.58;22.58;;;;;;BTP;CGC;;BERÇO BTP 2;10;02:25;10;04:15;10;05:22;11;03:35;;;;;;
2SemDragagem2030;3646;23.0;155.0;0.0;0;0;0;5;08:15;110.75;6.58;0.83;118.17;0.0;0.0;0.0;13.23;63.33;63.33;;;;;;CUTRALE - GL;GL;;BERÇO CUTRALE;10;06:25;10;07:30;10;19:58;12;23:35;;;;;;
2SemDragagem2030;3648;23.0;185.0;8.75;0;0;0;5;04:11;73.58;0.0;42.17;115.75;0.0;0.0;0.0;2.06;15.5;15.5;;;;;;DPW - CGC;CGC;;BERÇO DPW 3;10;00:00;10;01:35;10;02:53;10;17:50;10;17:05;10;18:15
2SemDragagem2030;3649;23.0;275.0;9.75;0;0;0;5;04:11;73.83;0.0;43.42;117.25;0.0;0.0;0.0;3.75;21.67;21.67;;;;;;DPW - CGC;CGC;;BERÇO DPW 2;10;01:30;10;03:10;10;06:10;11;01:35;;;;;;
2SemDragagem2030;3650;23.0;255.0;10.25;0;0;0;5;06:14;92.67;0.0;22.83;115.5;0.0;0.0;0.0;3.05;20.92;20.92;;;;;;DPW - CGC;CGC;;BERÇO DPW 3;10;01:45;10;03:20;10;05:38;11;01:00;;;;;;
2SemDragagem2030;3652;23.0;295.0;10.75;0;0;0;5;04:09;72.67;1.17;44.92;118.75;0.0;0.0;0.0;2.25;24.25;24.25;;;;;;DPW - CGC;CGC;;BERÇO DPW 1;10;02:55;10;04:15;10;05:45;11;05:15;;;;;;
2SemDragagem2030;3653;36.0;225.0;0.0;0;0;0;5;05:12;93.67;3.17;21.08;117.92;0.0;0.0;0.0;13.47;77.5;77.5;;;;;;DPW - CGNC;CGNC;;BERÇO DPW 4;10;03:10;10;04:45;10;17:28;13;11:00;;;;;;
2SemDragagem2030;3654;23.0;225.0;0.0;0;0;0;5;06:13;97.67;5.08;16.08;118.83;0.0;0.0;0.0;7.05;60.33;60.33;;;;;;ELEVACOES;GSA - E;;BERÇO ARM 19;10;05:05;10;06:30;10;12:48;12;19:35;;;;;;
2SemDragagem2030;3655;23.0;185.0;9.25;0;0;0;5;05:14;93.25;0.0;21.5;114.75;0.0;0.0;0.0;2.4;19.25;19.25;;;;;;SANTOSBR;CGC;;BERÇO TECON 1.1;10;00:00;10;01:15;10;02:54;10;21:15;10;20:30;10;21:40
2SemDragagem2030;3656;23.0;275.0;9.75;0;0;0;5;04:09;72.33;1.42;43.83;117.58;0.0;0.0;0.0;2.11;17.75;17.75;;;;;;SANTOSBR;CGC;;BERÇO TECON 2;10;01:45;10;03:00;10;04:21;10;21:30;10;20:45;10;21:55
2SemDragagem2030;3657;23.0;305.0;11.25;0;0;0;5;05:14;93.25;2.42;22.75;118.42;0.0;0.0;0.0;2.48;23.83;23.83;;;;;;SANTOSBR;CGC;;BERÇO TECON 2;10;03:40;10;04:55;10;06:38;11;05:30;;;;;;
2SemDragagem2030;3658;23.0;225.0;0.0;0;0;0;5;06:13;97.5;5.25;16.33;119.08;0.0;0.0;0.0;0.94;89.33;89.33;;;;;;TEAG;GSA - E;;BERÇO TEAG;10;05:20;10;06:30;10;06:41;14;00:35;;;;;;
2SemDragagem2030;3659;23.0;175.0;9.25;0;0;0;5;01:05;73.75;4.0;43.17;120.92;0.0;0.0;0.0;17.96;68.83;68.83;;;;;;TERMAG;GSM - I;;BERÇO TERMAG;10;02:00;10;02:50;10;20:02;13;00:25;;;;;;
2SemDragagem2030;3660;23.0;195.0;8.75;0;0;1;5;05:15;93.33;3.42;21.42;118.17;0.0;0.0;0.0;1.81;22.83;22.83;;;;;;TEV;RORO;;BERÇO TEV;10;03:25;10;04:45;10;05:48;11;04:20;;;;;;
2SemDragagem2030;3663;23.0;225.0;0.0;0;0;0;5;04:15;95.17;1.25;20.58;117.0;0.0;0.0;0.0;8.49;70.75;70.75;;;;;;TIPLAM - GSA - E;GSA - E;;BERÇO TIPLAM 2;10;01:15;10;03:45;10;11:29;13;03:15;;;;;;
2SemDragagem2030;3664;23.0;245.0;0.0;0;0;0;5;06:12;113.58;0.0;0.17;113.75;0.0;0.0;0.0;2.82;51.08;51.08;;;;;;TRANSPETRO;GL;;BERÇO AL 01;10;00:00;10;01:55;10;03:59;12;05:45;;;;;;
2SemDragagem2030;3665;23.0;175.0;0.0;0;0;0;5;04:15;95.17;4.58;20.58;120.33;0.0;0.0;0.0;45.01;135.67;135.67;;;;;;USIMINAS;GSM - E;;BERÇO USIMINAS 3;10;04:35;10;06:55;12;03:10;15;23:20;;;;;;
2SemDragagem2030;3666;23.0;175.0;9.25;0;0;0;5;08:18;111.67;4.83;0.0;116.5;0.0;0.0;0.0;0.75;63.67;63.67;;;;;;VOPAK;GL;;BERÇO AL 03;10;04:50;10;06:25;10;06:25;12;22:50;;;;;;
2SemDragagem2030;3667;23.0;225.0;0.0;0;0;0;5;06:12;117.25;1.58;0.67;119.5;0.0;0.0;0.0;0.83;56.0;56.0;;;;;;XXXIX;GSA - E;;BERÇO ARM 37;10;05:45;10;06:50;10;06:54;12;15:35;;;;;;
