SCENARIO_ID;ARRIVAL_ID;METOCEAN_QUEUE_TIME;BERTH_QUEUE_TIME;CHANNEL_QUEUE_TIME;TOTAL_QUEUE_TIME;MARKET_CATEGORY
ComDragagem2030;3797;0.0;0.0;2.42;2.42;GSA - E
ComDragagem2030;3798;0.0;0.0;4.75;4.75;GL
ComDragagem2030;3799;0.0;0.0;5.58;5.58;CGC
ComDragagem2030;3800;0.33;0.0;0.17;0.5;CGC
ComDragagem2030;3801;0.58;0.0;2.08;2.67;CGC
ComDragagem2030;3802;0.0;0.0;0.0;0.0;GL
ComDragagem2030;3803;0.0;0.0;0.58;0.58;GSA - E
ComDragagem2030;3804;0.0;0.0;6.5;6.5;GSA - E
ComDragagem2030;3805;8.25;35.58;4.5;48.33;GSA - E
ComDragagem2030;3806;0.0;0.0;3.58;3.58;CGC
ComDragagem2030;3807;0.0;0.0;4.17;4.17;CGC
ComDragagem2030;3808;0.0;0.0;5.42;5.42;CGC
ComDragagem2030;3809;0.0;0.0;7.75;7.75;GSA - E
ComDragagem2030;3810;0.75;0.0;3.08;3.83;GSA - E
ComDragagem2030;3811;0.0;0.0;0.0;0.0;GSM - I
ComDragagem2030;3812;0.0;0.0;0.0;0.0;CGC
ComDragagem2030;3813;0.0;0.0;0.0;0.0;CGC
ComDragagem2030;3814;0.0;0.0;0.0;0.0;GL
ComDragagem2030;3815;0.0;0.0;0.33;0.33;GL
ComDragagem2030;3816;0.58;0.0;2.42;3.0;GSA - E
ComDragagem2030;3817;0.0;0.0;0.17;0.17;RORO
ComDragagem2030;3818;0.0;0.0;0.92;0.92;GSA - E
ComDragagem2030;3819;0.0;0.0;2.0;2.0;GSA - E
ComDragagem2030;3820;0.0;0.0;1.17;1.17;GL
ComDragagem2030;3821;3.83;24.42;4.92;33.17;GL
ComDragagem2030;3822;5.75;47.5;9.58;62.83;GL
ComDragagem2030;3823;4.75;53.42;5.58;63.75;GL
ComDragagem2030;3824;0.0;0.0;0.0;0.0;CGNC
ComDragagem2030;3825;0.0;0.0;0.67;0.67;CGNC
ComDragagem2030;3826;0.0;0.0;0.0;0.0;CGC
ComDragagem2030;3827;0.0;0.67;0.0;0.67;CGC
ComDragagem2030;3828;0.33;0.0;3.75;4.08;GSA - E
ComDragagem2030;3829;13.33;34.0;3.25;50.58;GSA - E
ComDragagem2030;3830;27.58;63.5;0.0;91.08;GSA - E
ComDragagem2030;3831;0.0;0.92;0.0;0.92;CGC
ComDragagem2030;3832;0.0;2.58;0.0;2.58;CGC
ComDragagem2030;3833;0.0;0.0;0.75;0.75;CGNC
ComDragagem2030;3834;1.5;9.42;1.08;12.0;GSA - E
ComDragagem2030;3835;10.58;22.5;2.92;36.0;GSA - E
ComDragagem2030;3836;0.0;0.0;0.25;0.25;GSM - I
ComDragagem2030;3837;0.0;0.0;0.17;0.17;CGC
ComDragagem2030;3838;0.0;0.0;0.5;0.5;CGC
ComDragagem2030;3839;0.33;0.0;1.08;1.42;GSA - E
ComDragagem2030;3840;0.0;0.0;0.0;0.0;GSA - E
ComDragagem2030;3841;36.67;81.92;0.0;118.58;GSA - E
ComDragagem2030;3842;0.0;0.0;0.42;0.42;GSA - E
ComDragagem2030;3843;5.17;45.75;0.0;50.92;GSA - E
ComDragagem2030;3844;14.08;55.58;12.75;82.42;GL
ComDragagem2030;3845;3.17;33.42;7.17;43.75;GL
ComDragagem2030;3846;0.17;0.0;1.58;1.75;GSA - E
ComDragagem2030;3847;4.75;3.67;3.42;11.83;GSA - E
ComDragagem2030;3848;0.75;16.0;0.17;16.92;CGC
ComDragagem2030;3849;0.0;0.0;0.25;0.25;CGC
ComDragagem2030;3850;0.0;0.0;0.92;0.92;CGC
ComDragagem2030;3851;1.83;2.5;1.25;5.58;CGC
ComDragagem2030;3852;1.33;25.42;0.0;26.75;GL
ComDragagem2030;3853;30.92;74.33;1.0;106.25;GSA - E
ComDragagem2030;3854;0.0;0.0;1.42;1.42;CGC
ComDragagem2030;3855;0.0;1.17;0.0;1.17;CGC
ComDragagem2030;3856;0.0;0.5;0.0;0.5;CGC
ComDragagem2030;3857;1.0;0.0;1.83;2.83;CGNC
ComDragagem2030;3858;2.0;24.25;2.0;28.25;GSM - I
ComDragagem2030;3859;9.83;54.75;3.08;67.67;GSM - I
ComDragagem2030;3860;0.0;0.0;0.67;0.67;CGC
ComDragagem2030;3861;1.25;0.0;1.67;2.92;CGC
ComDragagem2030;3862;1.25;17.08;5.67;24.0;CGC
ComDragagem2030;3863;1.25;0.0;4.5;5.75;CGC
ComDragagem2030;3864;111.17;102.92;0.0;214.08;GSA - E
ComDragagem2030;3865;0.0;0.0;0.0;0.0;GSA - E
ComDragagem2030;3866;1.58;0.0;0.25;1.83;GL
ComDragagem2030;3867;0.0;0.0;0.5;0.5;CGNC
ComDragagem2030;3868;14.08;82.42;13.42;109.92;GL
ComDragagem2030;3869;1.83;21.92;0.17;23.92;CGC
ComDragagem2030;3870;0.0;0.0;0.42;0.42;GSA - I
ComDragagem2030;3871;18.42;32.75;2.25;53.42;GSA - E
ComDragagem2030;3872;28.42;64.42;4.0;96.83;GSA - E
ComDragagem2030;3873;24.17;202.25;7.58;234.0;GSA - E
ComDragagem2030;3874;77.25;89.08;4.0;170.33;GSA - E
ComDragagem2030;3875;0.0;21.25;0.0;21.25;CGC
ComDragagem2030;3876;0.0;21.0;0.0;21.0;CGC
ComDragagem2030;3877;1.67;22.58;0.0;24.25;CGC
ComDragagem2030;3878;3.83;10.25;2.25;16.33;GSA - E
ComDragagem2030;3879;23.92;49.08;4.67;77.67;GSA - E
ComDragagem2030;3880;9.58;54.33;2.42;66.33;GSA - E
ComDragagem2030;3881;11.25;98.92;3.08;113.25;GSM - I
ComDragagem2030;3882;5.92;33.83;0.0;39.75;CGNC
ComDragagem2030;3883;0.0;0.0;0.58;0.58;CGC
ComDragagem2030;3884;9.25;35.17;7.25;51.67;CGC
ComDragagem2030;3885;1.25;23.08;2.75;27.08;CGC
ComDragagem2030;3886;46.92;0.67;31.0;78.58;CGC
ComDragagem2030;3887;0.0;0.0;0.0;0.0;GSM - I
ComDragagem2030;3888;0.0;0.0;2.33;2.33;RORO
ComDragagem2030;3889;0.0;0.0;0.75;0.75;GSA - E
ComDragagem2030;3890;14.08;56.67;6.25;77.0;GSA - E
ComDragagem2030;3891;12.17;56.17;12.75;81.08;GL
ComDragagem2030;3892;12.17;64.42;14.67;91.25;GL
ComDragagem2030;3893;10.25;33.33;5.25;48.83;GL
ComDragagem2030;3894;12.17;55.08;5.83;73.08;GL
ComDragagem2030;3895;0.0;0.0;0.0;0.0;CGNC
ComDragagem2030;3896;0.0;0.0;0.75;0.75;CGNC
ComDragagem2030;3897;8.0;28.75;0.0;36.75;GSA - E
ComDragagem2030;3898;9.25;34.58;0.83;44.67;CGNC
ComDragagem2030;3899;0.0;1.92;0.0;1.92;CGC
ComDragagem2030;3900;1.25;13.67;0.0;14.92;CGC
ComDragagem2030;3901;15.58;108.5;1.67;125.75;GSA - I
ComDragagem2030;3902;33.0;59.67;5.42;98.08;GSA - E
ComDragagem2030;3903;25.58;220.83;7.58;254.0;GSA - E
ComDragagem2030;3904;77.75;214.08;6.42;298.25;GSA - E
ComDragagem2030;3905;0.0;0.0;1.08;1.08;GSA - E
ComDragagem2030;3906;5.0;11.33;0.0;16.33;CGC
ComDragagem2030;3907;17.33;3.58;2.0;22.92;CGC
ComDragagem2030;3908;24.0;215.75;1.25;241.0;CGNC
ComDragagem2030;3909;25.5;56.5;3.25;85.25;GSA - E
ComDragagem2030;3910;34.67;68.75;3.25;106.67;GSA - E
ComDragagem2030;3911;0.0;0.0;0.17;0.17;CGC
ComDragagem2030;3912;0.0;3.67;0.83;4.5;CGC
ComDragagem2030;3913;8.0;12.25;9.17;29.42;CGC
ComDragagem2030;3914;8.0;13.17;4.33;25.5;CGC
ComDragagem2030;3915;45.92;0.67;6.83;53.42;CGC
ComDragagem2030;3916;177.08;163.0;1.17;341.25;GSA - E
ComDragagem2030;3917;8.0;13.67;5.25;26.92;GSA - E
ComDragagem2030;3918;14.08;54.42;8.83;77.33;GSA - E
ComDragagem2030;3919;21.92;85.25;14.08;121.25;GSA - E
ComDragagem2030;3920;0.0;0.0;4.0;4.0;GSM - I
ComDragagem2030;3921;12.17;46.08;15.83;74.08;GL
ComDragagem2030;3922;0.0;0.08;1.75;1.83;GSA - E
ComDragagem2030;3923;23.83;36.42;2.83;63.08;GSA - E
ComDragagem2030;3924;0.0;0.0;0.0;0.0;CGNC
ComDragagem2030;3925;0.0;0.0;1.42;1.42;CGNC
ComDragagem2030;3926;36.0;31.83;1.58;69.42;GSA - E
ComDragagem2030;3927;0.0;0.0;1.25;1.25;GL
ComDragagem2030;3928;11.0;108.25;5.58;124.83;CGNC
ComDragagem2030;3929;1.17;21.08;4.42;26.67;CGNC
ComDragagem2030;3930;0.0;0.0;1.25;1.25;CGC
ComDragagem2030;3931;2.67;41.5;2.25;46.42;GL
ComDragagem2030;3932;38.0;76.67;4.33;119.0;GSA - E
ComDragagem2030;3933;46.42;96.92;5.67;149.0;GSA - E
ComDragagem2030;3934;81.75;252.58;6.42;340.75;GSA - E
ComDragagem2030;3935;3.17;30.08;4.5;37.75;CGC
ComDragagem2030;3936;1.58;14.67;2.75;19.0;CGC
ComDragagem2030;3937;0.0;0.0;2.67;2.67;CGC
ComDragagem2030;3938;1.67;25.42;0.0;27.08;CGC
ComDragagem2030;3939;0.0;10.5;4.25;14.75;CGC
ComDragagem2030;3940;24.67;11.75;0.0;36.42;CGC
ComDragagem2030;3941;26.5;23.67;0.0;50.17;CGC
ComDragagem2030;3942;18.5;236.08;3.67;258.25;CGNC
ComDragagem2030;3943;38.0;79.25;4.0;121.25;GSA - E
ComDragagem2030;3944;5.83;61.42;1.42;68.67;GSM - I
ComDragagem2030;3945;1.25;18.67;10.08;30.0;CGC
ComDragagem2030;3946;3.5;9.83;0.0;13.33;GSA - E
ComDragagem2030;3947;316.5;271.17;2.92;590.58;GSA - E
ComDragagem2030;3948;234.67;192.33;2.08;429.08;GSA - E
ComDragagem2030;3949;0.0;0.0;0.75;0.75;RORO
ComDragagem2030;3950;1.33;32.17;4.17;37.67;RORO
ComDragagem2030;3951;2.33;39.0;0.75;42.08;GSA - E
ComDragagem2030;3952;16.42;93.42;16.67;126.5;GSA - E
ComDragagem2030;3953;0.0;0.0;2.08;2.08;GSM - I
ComDragagem2030;3954;7.83;56.5;6.42;70.75;GL
ComDragagem2030;3955;0.0;0.0;1.25;1.25;CGNC
ComDragagem2030;3956;0.0;0.83;1.17;2.0;CGNC
ComDragagem2030;3957;0.0;0.0;0.75;0.75;GL
ComDragagem2030;3958;0.0;0.0;6.67;6.67;GL
ComDragagem2030;3959;0.0;0.0;10.0;10.0;CGC
ComDragagem2030;3960;22.75;1.5;1.25;25.5;CGC
ComDragagem2030;3961;1.08;0.0;1.42;2.5;CGC
ComDragagem2030;3962;0.0;0.0;0.0;0.0;CGC
ComDragagem2030;3963;13.17;200.0;3.75;216.92;GSA - I
ComDragagem2030;3964;51.0;115.0;5.67;171.67;GSA - E
ComDragagem2030;3965;96.67;275.25;7.83;379.75;GSA - E
ComDragagem2030;3966;5.25;29.42;3.58;38.25;CGC
ComDragagem2030;3967;5.58;29.17;6.92;41.67;CGC
ComDragagem2030;3968;8.42;46.92;10.83;66.17;CGC
ComDragagem2030;3969;19.75;255.42;6.0;281.17;CGNC
ComDragagem2030;3970;12.08;97.75;4.5;114.33;GSA - E
ComDragagem2030;3971;13.17;132.75;6.0;151.92;GSA - E
ComDragagem2030;3972;3.25;0.0;30.75;34.0;CGC
ComDragagem2030;3973;1.25;23.08;0.0;24.33;CGC
ComDragagem2030;3974;5.17;31.58;0.0;36.75;CGC
ComDragagem2030;3975;8.42;52.58;3.08;64.08;GL
ComDragagem2030;3976;33.25;68.5;0.0;101.75;GSA - E
ComDragagem2030;3977;0.0;0.0;0.0;0.0;GSM - I
ComDragagem2030;3978;230.5;447.17;4.5;682.17;GSA - E
ComDragagem2030;3979;5.25;35.08;1.58;41.92;RORO
ComDragagem2030;3980;7.5;52.67;3.17;63.33;GSA - E
ComDragagem2030;3981;19.0;119.0;10.42;148.42;GSA - E
ComDragagem2030;3982;21.58;139.42;10.42;171.42;GSA - E
ComDragagem2030;3983;2.58;22.83;5.17;30.58;GSM - I
ComDragagem2030;3984;9.92;64.5;4.58;79.0;GL
ComDragagem2030;3985;42.67;23.42;0.67;66.75;GSA - E
ComDragagem2030;3986;0.0;5.42;0.0;5.42;CGC
ComDragagem2030;3987;0.0;7.58;0.0;7.58;CGC
ComDragagem2030;3988;78.67;3.75;0.92;83.33;CGC
ComDragagem2030;3989;47.5;9.83;0.0;57.33;CGC
ComDragagem2030;3990;53.92;160.75;6.33;221.0;GSA - E
ComDragagem2030;3991;49.17;123.42;4.83;177.42;GSA - E
ComDragagem2030;3992;131.83;340.92;10.08;482.83;GSA - E
ComDragagem2030;3993;118.0;293.08;8.67;419.75;GSA - E
ComDragagem2030;3994;3.92;16.33;5.75;26.0;CGC
ComDragagem2030;3995;9.42;45.83;0.25;55.5;CGC
ComDragagem2030;3996;7.33;41.17;0.25;48.75;CGC
ComDragagem2030;3997;40.25;77.92;3.25;121.42;GSA - E
ComDragagem2030;3998;47.33;122.92;3.25;173.5;GSA - E
ComDragagem2030;3999;5.0;0.0;22.67;27.67;CGC
ComDragagem2030;4000;3.92;0.0;12.75;16.67;CGC
ComDragagem2030;4001;6.42;30.42;0.75;37.58;CGC
ComDragagem2030;4002;49.58;5.92;5.42;60.92;CGC
ComDragagem2030;4003;9.0;0.0;9.0;18.0;GSA - E
ComDragagem2030;4004;8.25;75.17;1.25;84.67;GSM - I
ComDragagem2030;4005;7.33;37.67;2.92;47.92;RORO
ComDragagem2030;4006;9.5;70.75;10.17;90.42;GSA - E
ComDragagem2030;4007;24.17;161.0;5.25;190.42;GSA - E
ComDragagem2030;4008;26.75;183.5;5.25;215.5;GSA - E
ComDragagem2030;4009;11.83;70.0;6.08;87.92;GL
ComDragagem2030;4010;9.25;44.17;4.83;58.25;GL
ComDragagem2030;4011;9.25;62.5;3.08;74.83;GL
ComDragagem2030;4012;45.5;54.58;1.92;102.0;GSA - E
ComDragagem2030;4013;0.0;0.0;0.67;0.67;CGNC
ComDragagem2030;4014;1.25;1.83;0.0;3.08;CGC
ComDragagem2030;4015;0.0;0.0;0.0;0.0;CGC
ComDragagem2030;4016;15.92;290.0;5.83;311.75;GSA - I
ComDragagem2030;4017;63.58;204.58;5.42;273.58;GSA - E
ComDragagem2030;4018;52.0;181.42;4.58;238.0;GSA - E
ComDragagem2030;4019;129.33;363.67;10.08;503.08;GSA - E
ComDragagem2030;4020;5.25;27.58;6.5;39.33;CGC
ComDragagem2030;4021;7.08;46.08;0.58;53.75;CGC
ComDragagem2030;4022;0.67;0.0;1.67;2.33;CGNC
ComDragagem2030;4023;43.42;141.92;3.25;188.58;GSA - E
ComDragagem2030;4024;11.08;121.17;6.0;138.25;GSA - E
ComDragagem2030;4025;14.83;185.67;7.0;207.5;GSA - E
ComDragagem2030;4026;1.25;0.0;10.75;12.0;CGC
ComDragagem2030;4027;2.5;10.0;2.75;15.25;CGC
ComDragagem2030;4028;30.08;0.0;9.25;39.33;CGC
ComDragagem2030;4029;21.92;49.75;0.0;71.67;GSA - E
ComDragagem2030;4030;391.33;360.83;4.33;756.5;GSA - E
ComDragagem2030;4031;4.75;48.33;0.0;53.08;RORO
ComDragagem2030;4032;27.92;203.0;5.25;236.17;GSA - E
ComDragagem2030;4033;0.25;2.5;0.0;2.75;GSM - I
ComDragagem2030;4034;52.83;79.25;2.92;135.0;GSA - E
ComDragagem2030;4035;0.25;0.0;1.5;1.75;CGNC
ComDragagem2030;4036;0.0;0.0;1.17;1.17;CGNC
ComDragagem2030;4037;0.0;0.0;1.58;1.58;CGNC
ComDragagem2030;4038;0.83;0.0;0.0;0.83;GL
ComDragagem2030;4039;0.0;0.0;0.0;0.0;CGC
ComDragagem2030;4040;0.75;1.5;2.75;5.0;CGC
ComDragagem2030;4041;26.5;388.5;6.08;421.08;GSA - I
ComDragagem2030;4042;70.83;230.08;6.42;307.33;GSA - E
ComDragagem2030;4043;79.75;235.75;6.83;322.33;GSA - E
ComDragagem2030;4044;3.17;20.08;7.92;31.17;CGC
ComDragagem2030;4045;1.33;19.92;4.17;25.42;CGC
ComDragagem2030;4046;2.67;38.17;1.42;42.25;CGC
ComDragagem2030;4047;44.33;171.25;8.33;223.92;GSA - E
ComDragagem2030;4048;1.0;6.83;3.08;10.92;GSM - I
ComDragagem2030;4049;1.33;24.5;0.0;25.83;GL
ComDragagem2030;4050;1.0;0.0;0.5;1.5;CGC
ComDragagem2030;4051;2.25;37.33;1.08;40.67;CGC
ComDragagem2030;4052;1.75;33.67;1.08;36.5;CGC
ComDragagem2030;4053;24.33;91.67;0.0;116.0;GSA - E
ComDragagem2030;4054;25.58;98.83;1.33;125.75;GSA - E
ComDragagem2030;4055;0.67;0.0;1.67;2.33;GSA - E
ComDragagem2030;4056;6.33;80.5;3.42;90.25;GL
ComDragagem2030;4057;57.25;111.08;1.75;170.08;GSA - E
ComDragagem2030;4058;0.0;0.0;0.08;0.08;CGNC
ComDragagem2030;4059;0.0;2.17;2.67;4.83;CGNC
ComDragagem2030;4060;0.0;0.0;3.08;3.08;GL
ComDragagem2030;4061;0.0;16.42;4.58;21.0;CGC
ComDragagem2030;4062;31.08;521.67;8.5;561.25;GSA - I
ComDragagem2030;4063;105.67;285.67;7.58;398.92;GSA - E
ComDragagem2030;4064;49.08;579.58;16.42;645.08;GSA - E
ComDragagem2030;4065;45.67;539.75;14.67;600.08;GSA - E
ComDragagem2030;4066;200.0;328.17;7.67;535.83;GSA - E
ComDragagem2030;4067;51.92;621.17;18.17;691.25;GSA - E
ComDragagem2030;4068;3.17;37.33;11.58;52.08;CGC
ComDragagem2030;4069;13.17;216.92;7.25;237.33;CGNC
ComDragagem2030;4070;43.67;169.83;6.33;219.83;GSA - E
ComDragagem2030;4071;60.33;205.75;9.75;275.83;GSA - E
ComDragagem2030;4072;0.0;0.0;1.25;1.25;GL
ComDragagem2030;4073;0.0;16.42;4.08;20.5;GSM - I
ComDragagem2030;4074;16.92;257.75;9.17;283.83;CGNC
ComDragagem2030;4075;0.0;13.08;2.83;15.92;CGC
ComDragagem2030;4076;2.5;57.58;1.08;61.17;CGC
ComDragagem2030;4077;2.5;62.0;1.08;65.58;CGC
ComDragagem2030;4078;36.75;168.42;0.0;205.17;GSA - E
ComDragagem2030;4079;5.0;140.0;3.42;148.42;GSM - I
ComDragagem2030;4080;5.83;125.17;8.92;139.92;GSA - E
ComDragagem2030;4081;25.17;209.42;0.0;234.58;GSA - E
ComDragagem2030;4082;30.33;254.0;0.0;284.33;GSA - E
ComDragagem2030;4083;5.75;76.25;3.42;85.42;GL
ComDragagem2030;4084;0.0;0.0;0.83;0.83;GL
ComDragagem2030;4085;3.83;39.75;5.0;48.58;GL
ComDragagem2030;4086;75.33;148.42;2.25;226.0;GSA - E
ComDragagem2030;4087;4.33;39.75;2.67;46.75;CGNC
ComDragagem2030;4088;0.0;0.0;1.58;1.58;GL
ComDragagem2030;4089;0.0;4.67;0.0;4.67;CGC
ComDragagem2030;4090;0.0;10.08;0.58;10.67;CGC
ComDragagem2030;4091;1.83;21.25;0.58;23.67;CGC
ComDragagem2030;4092;111.5;334.75;10.42;456.67;GSA - E
ComDragagem2030;4093;96.58;266.58;5.58;368.75;GSA - E
ComDragagem2030;4094;55.67;622.17;21.67;699.5;GSA - E
ComDragagem2030;4095;182.0;540.67;20.75;743.42;GSA - E
ComDragagem2030;4096;0.0;0.0;0.0;0.0;GL
ComDragagem2030;4097;1.67;17.0;0.0;18.67;CGC
ComDragagem2030;4098;0.0;15.58;0.5;16.08;CGNC
ComDragagem2030;4099;16.08;229.75;9.33;255.17;GSA - E
ComDragagem2030;4100;22.67;255.25;10.67;288.58;GSA - E
ComDragagem2030;4101;0.0;0.0;3.67;3.67;CGC
ComDragagem2030;4102;1.25;13.67;2.75;17.67;CGC
ComDragagem2030;4103;1.25;18.08;4.92;24.25;CGC
ComDragagem2030;4104;2.5;52.5;0.0;55.0;CGC
ComDragagem2030;4105;5.83;56.75;0.0;62.58;CGC
ComDragagem2030;4106;0.0;17.33;0.0;17.33;RORO
ComDragagem2030;4107;7.0;143.08;5.08;155.17;GSA - E
ComDragagem2030;4108;11.25;189.83;4.08;205.17;GSA - E
ComDragagem2030;4109;30.33;247.0;0.0;277.33;GSA - E
ComDragagem2030;4110;0.0;14.92;0.0;14.92;GSM - I
ComDragagem2030;4111;5.75;51.25;9.67;66.67;GL
ComDragagem2030;4112;1.92;21.75;1.83;25.5;GL
ComDragagem2030;4113;130.92;120.5;1.67;253.08;GSA - E
ComDragagem2030;4114;0.0;0.0;5.42;5.42;CGNC
ComDragagem2030;4115;0.0;0.0;0.17;0.17;CGNC
ComDragagem2030;4116;4.33;37.83;8.42;50.58;CGNC
ComDragagem2030;4117;0.0;0.0;1.25;1.25;GL
ComDragagem2030;4118;0.0;0.0;0.0;0.0;GL
ComDragagem2030;4119;0.0;0.0;0.0;0.0;CGNC
ComDragagem2030;4120;0.0;10.92;0.0;10.92;CGC
ComDragagem2030;4121;0.0;11.58;0.0;11.58;CGC
ComDragagem2030;4122;5.33;97.0;0.0;102.33;GL
ComDragagem2030;4123;105.08;311.92;6.67;423.67;GSA - E
ComDragagem2030;4124;212.25;1646.08;3.25;1861.58;GSA - E
ComDragagem2030;4125;0.75;10.83;2.33;13.92;GL
ComDragagem2030;4126;2.67;36.17;6.75;45.58;CGC
ComDragagem2030;4127;0.0;6.67;0.0;6.67;CGC
ComDragagem2030;4128;3.33;32.42;3.67;39.42;CGC
ComDragagem2030;4129;1.33;17.42;3.58;22.33;CGC
ComDragagem2030;4130;10.67;4.83;0.17;15.67;CGC
ComDragagem2030;4131;7.83;53.42;4.17;65.42;CGC
ComDragagem2030;4132;1.58;19.67;1.5;22.75;CGNC
ComDragagem2030;4133;73.75;202.92;8.67;285.33;GSA - E
ComDragagem2030;4134;1.08;40.17;0.0;41.25;GSM - I
ComDragagem2030;4135;0.0;12.08;0.0;12.08;CGC
ComDragagem2030;4136;84.58;160.08;0.5;245.17;GSA - E
ComDragagem2030;4137;23.5;129.75;2.5;155.75;GSA - E
ComDragagem2030;4138;600.17;536.5;15.5;1152.17;GSA - E
ComDragagem2030;4139;535.33;447.0;13.58;995.92;GSA - E
ComDragagem2030;4140;1.33;13.25;3.17;17.75;RORO
ComDragagem2030;4141;12.42;215.83;0.0;228.25;GSA - E
ComDragagem2030;4142;43.58;278.08;0.0;321.67;GSA - E
ComDragagem2030;4143;41.0;259.17;0.0;300.17;GSA - E
ComDragagem2030;4144;5.75;62.58;3.58;71.92;GL
ComDragagem2030;4145;158.92;125.5;2.83;287.25;GSA - E
ComDragagem2030;4146;2.17;21.17;5.75;29.08;CGNC
ComDragagem2030;4147;0.0;0.0;1.5;1.5;GL
ComDragagem2030;4148;1.83;33.58;0.0;35.42;CGC
ComDragagem2030;4149;0.0;12.42;0.0;12.42;CGC
ComDragagem2030;4150;0.0;8.92;0.0;8.92;CGC
ComDragagem2030;4151;1.5;5.83;0.0;7.33;CGC
ComDragagem2030;4152;38.25;585.92;9.42;633.58;GSA - I
ComDragagem2030;4153;113.08;358.5;11.75;483.33;GSA - E
ComDragagem2030;4154;0.0;0.0;0.0;0.0;GL
ComDragagem2030;4155;3.33;35.25;0.0;38.58;CGC
ComDragagem2030;4156;3.33;51.67;1.08;56.08;CGC
ComDragagem2030;4157;5.0;70.75;1.08;76.83;CGC
ComDragagem2030;4158;1.58;32.08;0.0;33.67;CGNC
ComDragagem2030;4159;27.0;241.67;14.83;283.5;GSA - E
ComDragagem2030;4160;28.42;273.08;16.25;317.75;GSA - E
ComDragagem2030;4161;0.0;0.0;4.92;4.92;CGC
ComDragagem2030;4162;1.25;26.42;0.33;28.0;CGC
ComDragagem2030;4163;1.25;20.92;0.0;22.17;CGC
ComDragagem2030;4164;3.17;36.75;1.5;41.42;GL
ComDragagem2030;4165;126.08;185.58;1.58;313.25;GSA - E
ComDragagem2030;4166;8.58;183.58;4.08;196.25;GSM - I
ComDragagem2030;4167;313.42;512.25;18.25;843.92;GSA - E
ComDragagem2030;4168;438.5;793.17;22.33;1254.0;GSA - E
ComDragagem2030;4169;1.33;16.08;5.42;22.83;RORO
ComDragagem2030;4170;6.25;56.42;3.25;65.92;GL
ComDragagem2030;4171;46.17;299.92;0.0;346.08;GSA - E
ComDragagem2030;4172;0.0;0.0;3.5;3.5;GSM - I
ComDragagem2030;4173;10.33;64.67;16.17;91.17;GSM - I
ComDragagem2030;4174;175.25;140.58;3.42;319.25;GSA - E
ComDragagem2030;4175;0.0;0.0;0.0;0.0;CGNC
ComDragagem2030;4176;0.5;0.0;3.17;3.67;GSA - E
ComDragagem2030;4177;0.0;0.0;2.42;2.42;GL
ComDragagem2030;4178;1.83;24.17;0.0;26.0;CGC
ComDragagem2030;4179;0.0;3.25;0.0;3.25;CGC
ComDragagem2030;4180;0.83;8.58;0.0;9.42;CGC
ComDragagem2030;4181;54.0;680.17;10.58;744.75;GSA - I
ComDragagem2030;4182;111.17;337.67;11.75;460.58;GSA - E
ComDragagem2030;4183;186.58;521.0;23.42;731.0;GSA - E
ComDragagem2030;4184;238.5;540.83;39.58;818.92;GSA - E
ComDragagem2030;4185;3.17;33.25;2.33;38.75;CGC
ComDragagem2030;4186;63.0;9.08;0.17;72.25;CGC
ComDragagem2030;4187;2.67;39.5;1.08;43.25;CGC
ComDragagem2030;4188;16.33;50.42;1.08;67.83;CGC
ComDragagem2030;4189;81.33;198.75;10.42;290.5;GSA - E
ComDragagem2030;4190;29.83;290.0;16.25;336.08;GSA - E
ComDragagem2030;4191;1.25;0.0;17.67;18.92;CGC
ComDragagem2030;4192;1.25;19.42;1.67;22.33;CGC
ComDragagem2030;4193;1.25;24.08;1.67;27.0;CGC
ComDragagem2030;4194;40.33;138.83;3.83;183.0;GSA - E
ComDragagem2030;4195;478.58;844.58;22.33;1345.5;GSA - E
ComDragagem2030;4196;1.33;27.83;0.0;29.17;RORO
ComDragagem2030;4197;20.5;200.58;0.0;221.08;GSA - E
ComDragagem2030;4198;46.17;291.75;0.0;337.92;GSA - E
ComDragagem2030;4199;51.33;335.33;0.0;386.67;GSA - E
ComDragagem2030;4200;1.92;12.17;1.83;15.92;GL
ComDragagem2030;4201;3.83;43.5;5.5;52.83;GL
ComDragagem2030;4202;3.17;42.5;6.83;52.5;GL
ComDragagem2030;4203;0.0;0.0;1.17;1.17;CGNC
ComDragagem2030;4204;6.5;57.25;2.42;66.17;CGNC
ComDragagem2030;4205;0.0;0.0;1.17;1.17;CGNC
ComDragagem2030;4206;1.83;5.67;7.25;14.75;CGC
ComDragagem2030;4207;2.0;3.5;5.92;11.42;CGC
ComDragagem2030;4208;2.33;2.83;2.33;7.5;CGC
ComDragagem2030;4209;131.75;368.75;10.58;511.08;GSA - E
ComDragagem2030;4210;133.0;368.08;12.42;513.5;GSA - E
ComDragagem2030;4211;1.08;3.08;8.5;12.67;GSA - E
ComDragagem2030;4212;3.17;24.08;4.5;31.75;CGC
ComDragagem2030;4213;4.0;70.33;0.0;74.33;CGC
ComDragagem2030;4214;3.17;40.5;6.08;49.75;CGC
ComDragagem2030;4215;91.92;223.67;11.5;327.08;GSA - E
ComDragagem2030;4216;93.75;248.5;13.0;355.25;GSA - E
ComDragagem2030;4217;0.0;0.0;0.0;0.0;GSM - I
ComDragagem2030;4218;1.25;0.0;16.17;17.42;CGC
ComDragagem2030;4219;1.25;9.17;0.0;10.42;CGC
ComDragagem2030;4220;89.83;255.33;5.0;350.17;GSA - E
ComDragagem2030;4221;494.5;919.5;24.33;1438.33;GSA - E
ComDragagem2030;4222;790.92;751.17;18.17;1560.25;GSA - E
ComDragagem2030;4223;21.67;218.0;0.0;239.67;GSA - E
ComDragagem2030;4224;51.33;331.0;0.0;382.33;GSA - E
ComDragagem2030;4225;8.33;59.75;11.08;79.17;GSM - I
ComDragagem2030;4226;0.0;0.0;2.67;2.67;GL
ComDragagem2030;4227;6.5;41.67;9.25;57.42;CGNC
ComDragagem2030;4228;6.5;42.08;4.75;53.33;CGNC
ComDragagem2030;4229;1.0;5.0;0.08;6.08;CGC
ComDragagem2030;4230;0.75;3.33;0.0;4.08;CGC
ComDragagem2030;4231;1.42;10.5;1.08;13.0;CGC
ComDragagem2030;4232;3.5;23.67;2.0;29.17;CGC
ComDragagem2030;4233;149.67;400.0;16.92;566.58;GSA - E
ComDragagem2030;4234;150.67;397.58;15.42;563.67;GSA - E
ComDragagem2030;4235;2.17;44.25;0.0;46.42;GL
ComDragagem2030;4236;5.42;64.67;0.0;70.08;CGC
ComDragagem2030;4237;5.58;62.58;0.0;68.17;CGC
ComDragagem2030;4238;91.25;235.5;14.08;340.83;GSA - E
ComDragagem2030;4239;1.0;4.58;3.42;9.0;GSM - I
ComDragagem2030;4240;0.5;0.0;17.58;18.08;CGC
ComDragagem2030;4241;0.67;0.0;0.0;0.67;CGC
ComDragagem2030;4242;1.25;7.83;1.17;10.25;CGC
ComDragagem2030;4243;0.08;20.17;1.75;22.0;CGC
ComDragagem2030;4244;100.5;305.58;7.08;413.17;GSA - E
ComDragagem2030;4245;68.0;149.33;4.17;221.5;GSA - E
ComDragagem2030;4246;55.25;370.75;0.0;426.0;GSA - E
ComDragagem2030;4247;14.42;105.33;13.5;133.25;GSM - I
ComDragagem2030;4248;0.0;0.0;0.33;0.33;CGNC
ComDragagem2030;4249;0.0;0.0;1.67;1.67;CGNC
ComDragagem2030;4250;12.75;116.17;11.42;140.33;CGNC
ComDragagem2030;4251;0.0;0.0;0.33;0.33;GL
ComDragagem2030;4252;1.83;21.0;1.08;23.92;CGC
ComDragagem2030;4253;5.92;61.25;1.17;68.33;GL
ComDragagem2030;4254;162.67;457.58;16.92;637.17;GSA - E
ComDragagem2030;4255;115.17;658.58;48.92;822.67;GSA - E
ComDragagem2030;4256;127.08;751.33;53.5;931.92;GSA - E
ComDragagem2030;4257;270.42;554.5;43.25;868.17;GSA - E
ComDragagem2030;4258;3.17;41.67;3.92;48.75;CGC
ComDragagem2030;4259;5.08;58.58;4.42;68.08;CGC
ComDragagem2030;4260;32.67;329.92;21.58;384.17;GSA - E
ComDragagem2030;4261;101.67;286.75;17.0;405.42;GSA - E
ComDragagem2030;4262;34.08;373.17;23.0;430.25;GSA - E
ComDragagem2030;4263;0.0;0.0;0.33;0.33;GL
ComDragagem2030;4264;44.92;578.33;14.75;638.0;GSA - I
ComDragagem2030;4265;1.25;0.75;33.92;35.92;CGC
ComDragagem2030;4266;0.0;0.0;19.75;19.75;CGC
ComDragagem2030;4267;1.25;21.08;7.25;29.58;CGC
ComDragagem2030;4268;1.25;19.08;20.92;41.25;CGC
ComDragagem2030;4269;128.25;171.0;3.0;302.25;GSA - E
ComDragagem2030;4270;570.25;1091.42;25.92;1687.58;GSA - E
ComDragagem2030;4271;21.67;232.25;0.0;253.92;GSA - E
ComDragagem2030;4272;51.33;353.58;0.0;404.92;GSA - E
ComDragagem2030;4273;59.92;415.17;0.0;475.08;GSA - E
ComDragagem2030;4274;1.92;34.33;0.0;36.25;GL
ComDragagem2030;4275;1.92;20.5;2.67;25.08;GL
ComDragagem2030;4276;0.0;0.0;7.92;7.92;GL
ComDragagem2030;4277;108.42;192.83;3.25;304.5;GSA - E
ComDragagem2030;4278;0.0;0.0;0.83;0.83;CGNC
ComDragagem2030;4279;0.67;0.0;1.17;1.83;GSA - E
ComDragagem2030;4280;3.75;34.5;0.42;38.67;CGC
ComDragagem2030;4281;0.0;12.17;0.25;12.42;CGC
ComDragagem2030;4282;1.83;20.25;0.25;22.33;CGC
ComDragagem2030;4283;226.5;473.92;30.83;731.25;GSA - E
ComDragagem2030;4284;255.42;527.83;32.58;815.83;GSA - E
ComDragagem2030;4285;127.58;755.58;55.42;938.58;GSA - E
ComDragagem2030;4286;134.0;853.75;60.42;1048.17;GSA - E
ComDragagem2030;4287;299.5;634.92;49.75;984.17;GSA - E
ComDragagem2030;4288;0.0;0.0;0.33;0.33;GL
ComDragagem2030;4289;5.25;54.83;0.0;60.08;CGC
ComDragagem2030;4290;37.83;374.33;21.67;433.83;GSA - E
ComDragagem2030;4291;40.83;412.42;24.25;477.5;GSA - E
ComDragagem2030;4292;117.08;311.58;17.0;445.67;GSA - E
ComDragagem2030;4293;0.0;12.92;0.58;13.5;CGC
ComDragagem2030;4294;3.17;28.58;0.5;32.25;CGC
ComDragagem2030;4295;4.42;36.75;0.5;41.67;CGC
ComDragagem2030;4296;1.25;17.92;0.58;19.75;CGC
ComDragagem2030;4297;122.83;343.83;9.5;476.17;GSA - E
ComDragagem2030;4298;0.0;0.0;0.08;0.08;RORO
ComDragagem2030;4299;22.83;249.33;0.0;272.17;GSA - E
ComDragagem2030;4300;59.92;411.58;0.0;471.5;GSA - E
ComDragagem2030;4301;68.83;452.92;0.0;521.75;GSA - E
ComDragagem2030;4302;10.25;83.08;4.0;97.33;GSM - I
ComDragagem2030;4303;0.0;0.0;1.25;1.25;CGNC
ComDragagem2030;4304;25.17;303.75;6.83;335.75;GSA - E
ComDragagem2030;4305;187.67;202.0;3.92;393.58;GSA - E
ComDragagem2030;4306;18.67;86.0;1.92;106.58;CGNC
ComDragagem2030;4307;13.33;21.0;0.0;34.33;GSA - E
ComDragagem2030;4308;0.0;0.0;0.0;0.0;GL
ComDragagem2030;4309;0.0;0.0;0.08;0.08;CGNC
ComDragagem2030;4310;1.92;5.08;0.0;7.0;CGC
ComDragagem2030;4311;3.75;19.08;0.0;22.83;CGC
ComDragagem2030;4312;15.33;83.58;2.5;101.42;GL
ComDragagem2030;4313;275.58;558.33;33.08;867.0;GSA - E
ComDragagem2030;4314;201.75;1488.58;3.25;1693.58;GSA - E
ComDragagem2030;4315;0.0;0.0;0.08;0.08;GL
ComDragagem2030;4316;5.17;51.83;1.5;58.5;CGC
ComDragagem2030;4317;3.25;33.67;0.0;36.92;CGC
ComDragagem2030;4318;4.5;47.75;0.0;52.25;CGC
ComDragagem2030;4319;5.08;34.5;0.0;39.58;CGC
ComDragagem2030;4320;5.83;67.92;0.0;73.75;CGC
ComDragagem2030;4321;8.58;69.0;0.0;77.58;CGC
ComDragagem2030;4322;0.0;0.0;1.42;1.42;CGNC
ComDragagem2030;4323;23.75;247.83;3.17;274.75;CGNC
ComDragagem2030;4324;0.0;0.0;2.42;2.42;GSM - I
ComDragagem2030;4325;1.92;7.5;0.0;9.42;CGC
ComDragagem2030;4326;3.17;16.17;0.92;20.25;CGC
ComDragagem2030;4327;83.17;241.92;6.0;331.08;GSA - E
ComDragagem2030;4328;835.25;842.67;17.75;1695.67;GSA - E
ComDragagem2030;4329;835.83;841.0;17.75;1694.58;GSA - E
ComDragagem2030;4330;3.25;22.0;2.58;27.83;RORO
ComDragagem2030;4331;0.0;0.0;0.75;0.75;RORO
ComDragagem2030;4332;68.83;450.17;0.0;519.0;GSA - E
ComDragagem2030;4333;76.58;493.17;2.0;571.75;GSA - E
ComDragagem2030;4334;24.58;133.83;11.25;169.67;GSM - I
ComDragagem2030;4335;5.75;39.33;1.5;46.58;GL
ComDragagem2030;4336;14.08;59.42;0.0;73.5;CGNC
ComDragagem2030;4337;0.0;0.0;0.5;0.5;GL
ComDragagem2030;4338;0.0;4.75;0.0;4.75;CGC
ComDragagem2030;4339;0.0;11.58;0.0;11.58;CGC
ComDragagem2030;4340;6.75;11.17;0.0;17.92;CGC
ComDragagem2030;4341;13.5;21.58;0.17;35.25;CGC
ComDragagem2030;4342;94.83;633.92;10.58;739.33;GSA - I
ComDragagem2030;4343;273.17;549.5;33.0;855.67;GSA - E
ComDragagem2030;4344;132.08;847.92;60.42;1040.42;GSA - E
ComDragagem2030;4345;14.58;117.42;2.08;134.08;GL
ComDragagem2030;4346;3.17;31.33;2.67;37.17;CGC
ComDragagem2030;4347;3.17;49.75;4.25;57.17;CGC
ComDragagem2030;4348;11.58;63.17;0.0;74.75;CGC
ComDragagem2030;4349;41.0;396.58;22.0;459.58;GSA - E
ComDragagem2030;4350;125.67;314.25;13.83;453.75;GSA - E
ComDragagem2030;4351;0.0;0.0;0.0;0.0;CGC
ComDragagem2030;4352;1.25;10.5;2.33;14.08;CGC
ComDragagem2030;4353;1.25;10.25;1.08;12.58;CGC
ComDragagem2030;4354;1.25;21.5;2.92;25.67;CGC
ComDragagem2030;4355;97.17;283.25;6.67;387.08;GSA - E
ComDragagem2030;4356;11.42;74.67;6.58;92.67;GSM - I
ComDragagem2030;4357;822.58;828.25;17.75;1668.58;GSA - E
ComDragagem2030;4358;1.33;30.58;2.83;34.75;RORO
ComDragagem2030;4359;7.58;54.5;2.25;64.33;RORO
ComDragagem2030;4360;91.5;519.17;5.75;616.42;GSA - E
ComDragagem2030;4361;134.42;538.08;6.0;678.5;GSA - E
ComDragagem2030;4362;26.17;115.58;15.83;157.58;GSM - I
ComDragagem2030;4363;0.0;0.0;0.42;0.42;GL
ComDragagem2030;4364;0.0;0.0;0.58;0.58;CGNC
ComDragagem2030;4365;0.0;0.0;0.08;0.08;CGNC
ComDragagem2030;4366;0.0;0.0;1.58;1.58;CGNC
ComDragagem2030;4367;0.0;0.0;0.08;0.08;GL
ComDragagem2030;4368;0.0;1.92;0.0;1.92;CGC
ComDragagem2030;4369;1.83;14.58;10.75;27.17;CGC
ComDragagem2030;4370;2.75;12.58;8.0;23.33;CGC
ComDragagem2030;4371;104.17;738.08;11.08;853.33;GSA - I
ComDragagem2030;4372;279.58;581.58;36.58;897.75;GSA - E
ComDragagem2030;4373;312.0;698.92;51.0;1061.92;GSA - E
ComDragagem2030;4374;21.08;266.83;3.17;291.08;GSA - E
ComDragagem2030;4375;11.25;39.25;2.75;53.25;CGC
ComDragagem2030;4376;13.08;43.5;0.0;56.58;CGC
ComDragagem2030;4377;12.08;57.42;0.33;69.83;CGC
ComDragagem2030;4378;23.08;251.25;4.0;278.33;CGNC
ComDragagem2030;4379;128.42;336.67;15.25;480.33;GSA - E
ComDragagem2030;4380;41.0;423.25;22.0;486.25;GSA - E
ComDragagem2030;4381;1.25;0.0;16.08;17.33;CGC
ComDragagem2030;4382;1.25;6.33;2.33;9.92;CGC
ComDragagem2030;4383;1.25;17.5;11.0;29.75;CGC
ComDragagem2030;4384;0.0;0.0;1.58;1.58;GL
ComDragagem2030;4385;13.92;141.75;5.75;161.42;GSM - I
ComDragagem2030;4386;12.08;49.08;5.08;66.25;RORO
ComDragagem2030;4387;13.42;74.25;6.42;94.08;RORO
ComDragagem2030;4388;141.17;572.5;12.67;726.33;GSA - E
ComDragagem2030;4389;1.92;10.08;2.08;14.08;GL
ComDragagem2030;4390;13.83;45.33;5.83;65.0;GL
ComDragagem2030;4391;0.0;0.0;4.42;4.42;GL
ComDragagem2030;4392;14.42;77.0;8.42;99.83;GL
ComDragagem2030;4393;121.08;247.25;5.58;373.92;GSA - E
ComDragagem2030;4394;0.0;0.0;0.25;0.25;GL
ComDragagem2030;4395;11.75;18.0;2.83;32.58;CGC
ComDragagem2030;4396;9.92;9.5;2.83;22.25;CGC
ComDragagem2030;4397;7.83;4.25;0.92;13.0;CGC
ComDragagem2030;4398;14.75;91.42;0.0;106.17;GL
ComDragagem2030;4399;284.33;619.17;41.42;944.92;GSA - E
ComDragagem2030;4400;336.75;743.83;48.33;1128.92;GSA - E
ComDragagem2030;4401;24.08;297.0;4.33;325.42;GSA - E
ComDragagem2030;4402;13.08;39.83;2.17;55.08;CGC
ComDragagem2030;4403;24.58;270.42;3.83;298.83;CGNC
ComDragagem2030;4404;47.33;442.75;22.42;512.5;GSA - E
ComDragagem2030;4405;127.33;367.92;15.25;510.5;GSA - E
ComDragagem2030;4406;0.0;0.0;0.25;0.25;GSM - I
ComDragagem2030;4407;18.75;163.0;6.67;188.42;GL
ComDragagem2030;4408;5.0;8.25;0.0;13.25;CGC
ComDragagem2030;4409;16.0;91.75;6.83;114.58;GL
ComDragagem2030;4410;537.42;1053.25;24.42;1615.08;GSA - E
ComDragagem2030;4411;536.92;1052.67;24.42;1614.0;GSA - E
ComDragagem2030;4412;18.58;191.33;1.0;210.92;GSA - E
ComDragagem2030;4413;131.83;494.67;10.08;636.58;GSA - E
ComDragagem2030;4414;11.92;26.0;3.75;41.67;GL
ComDragagem2030;4415;134.75;270.75;6.33;411.83;GSA - E
ComDragagem2030;4416;0.83;0.0;0.0;0.83;GL
ComDragagem2030;4417;0.08;0.0;0.58;0.67;GL
ComDragagem2030;4418;1.0;0.92;0.0;1.92;CGC
ComDragagem2030;4419;1.0;14.17;0.0;15.17;CGC
ComDragagem2030;4420;3.83;22.83;0.0;26.67;CGC
ComDragagem2030;4421;314.42;716.08;44.0;1074.5;GSA - E
ComDragagem2030;4422;287.17;666.08;42.83;996.08;GSA - E
ComDragagem2030;4423;1.75;40.17;4.08;46.0;CGC
ComDragagem2030;4424;3.17;24.67;2.5;30.33;CGC
ComDragagem2030;4425;2.67;36.83;3.83;43.33;CGC
ComDragagem2030;4426;5.42;39.0;8.08;52.5;CGC
ComDragagem2030;4427;128.33;375.83;15.0;519.17;GSA - E
ComDragagem2030;4428;1.75;0.0;31.08;32.83;CGC
ComDragagem2030;4429;0.08;0.0;10.25;10.33;CGC
ComDragagem2030;4430;31.42;0.25;3.42;35.08;CGC
ComDragagem2030;4431;0.67;2.67;4.0;7.33;CGC
ComDragagem2030;4432;0.25;0.0;0.0;0.25;CGC
ComDragagem2030;4433;518.75;1044.42;23.0;1586.17;GSA - E
ComDragagem2030;4434;4.0;58.25;3.75;66.0;RORO
ComDragagem2030;4435;128.75;535.33;14.42;678.5;GSA - E
ComDragagem2030;4436;7.92;98.75;8.42;115.08;GL
ComDragagem2030;4437;0.0;0.0;1.67;1.67;CGNC
ComDragagem2030;4438;6.5;79.08;0.0;85.58;CGNC
ComDragagem2030;4439;5.75;72.67;8.42;86.83;GL
ComDragagem2030;4440;0.0;0.0;7.33;7.33;CGNC
ComDragagem2030;4441;0.0;20.5;0.0;20.5;CGC
ComDragagem2030;4442;336.83;772.25;46.75;1155.83;GSA - E
ComDragagem2030;4443;315.25;717.92;44.0;1077.17;GSA - E
ComDragagem2030;4444;127.5;867.08;57.08;1051.67;GSA - E
ComDragagem2030;4445;344.17;826.58;52.58;1223.33;GSA - E
ComDragagem2030;4446;334.17;776.17;49.75;1160.08;GSA - E
ComDragagem2030;4447;3.17;52.67;10.0;65.83;CGC
ComDragagem2030;4448;2.67;57.25;9.75;69.67;CGC
ComDragagem2030;4449;57.58;463.92;20.42;541.92;GSA - E
ComDragagem2030;4450;176.17;383.67;24.75;584.58;GSA - E
ComDragagem2030;4451;91.0;465.67;32.25;588.92;GSA - E
ComDragagem2030;4452;0.0;0.0;0.5;0.5;GSM - I
ComDragagem2030;4453;103.92;728.0;14.67;846.58;GSA - I
ComDragagem2030;4454;16.83;259.92;14.08;290.83;GL
ComDragagem2030;4455;0.0;0.0;3.83;3.83;CGC
ComDragagem2030;4456;1.25;1.58;34.17;37.0;CGC
ComDragagem2030;4457;1.25;0.5;42.58;44.33;CGC
ComDragagem2030;4458;6.67;196.83;6.58;210.08;GSM - I
ComDragagem2030;4459;4.0;81.83;3.75;89.58;RORO
ComDragagem2030;4460;10.5;209.17;2.92;222.58;GSA - E
ComDragagem2030;4461;135.25;585.83;17.0;738.08;GSA - E
ComDragagem2030;4462;14.58;141.83;15.42;171.83;GSM - I
ComDragagem2030;4463;3.83;40.0;6.5;50.33;GL
ComDragagem2030;4464;0.0;0.0;1.0;1.0;CGNC
ComDragagem2030;4465;11.5;127.42;10.83;149.75;GL
ComDragagem2030;4466;137.5;296.0;8.25;441.75;GSA - E
ComDragagem2030;4467;0.0;0.0;1.0;1.0;CGNC
ComDragagem2030;4468;6.5;62.92;3.5;72.92;CGNC
ComDragagem2030;4469;0.0;0.0;0.08;0.08;GL
ComDragagem2030;4470;0.0;11.25;0.17;11.42;CGC
ComDragagem2030;4471;1.83;18.08;2.0;21.92;CGC
ComDragagem2030;4472;1.83;20.0;4.0;25.83;CGC
ComDragagem2030;4473;27.25;370.25;11.83;409.33;GL
ComDragagem2030;4474;326.58;753.33;45.83;1125.75;GSA - E
ComDragagem2030;4475;163.67;1165.58;60.58;1389.83;GSA - E
ComDragagem2030;4476;346.42;867.17;50.58;1264.17;GSA - E
ComDragagem2030;4477;369.33;907.0;50.58;1326.92;GSA - E
ComDragagem2030;4478;3.17;54.08;5.92;63.17;CGC
ComDragagem2030;4479;0.0;0.0;6.17;6.17;CGNC
ComDragagem2030;4480;92.42;485.25;28.17;605.83;GSA - E
ComDragagem2030;4481;197.92;427.92;28.5;654.33;GSA - E
ComDragagem2030;4482;95.75;492.25;29.58;617.58;GSA - E
ComDragagem2030;4483;15.83;264.5;7.0;287.33;CGNC
ComDragagem2030;4484;26.83;1.42;3.58;31.83;CGC
ComDragagem2030;4485;2.5;27.25;16.42;46.17;CGC
ComDragagem2030;4486;2.5;24.08;16.42;43.0;CGC
ComDragagem2030;4487;5.58;46.92;22.92;75.42;CGC
ComDragagem2030;4488;5.33;85.5;2.17;93.0;RORO
ComDragagem2030;4489;11.92;222.33;6.08;240.33;GSA - E
ComDragagem2030;4490;135.42;564.25;19.0;718.67;GSA - E
ComDragagem2030;4491;141.83;619.42;21.58;782.83;GSA - E
ComDragagem2030;4492;9.58;107.67;6.17;123.42;GL
ComDragagem2030;4493;0.0;0.0;2.75;2.75;CGNC
ComDragagem2030;4494;382.0;316.5;19.75;718.25;GSA - E
ComDragagem2030;4495;293.33;254.58;18.5;566.42;GSA - E
ComDragagem2030;4496;0.0;0.0;0.0;0.0;CGNC
ComDragagem2030;4497;0.5;0.0;1.08;1.58;GSA - E
ComDragagem2030;4498;0.0;0.0;2.08;2.08;GL
ComDragagem2030;4499;0.0;0.0;2.25;2.25;CGNC
ComDragagem2030;4500;2.33;56.42;1.33;60.08;CGNC
ComDragagem2030;4501;0.0;14.42;0.0;14.42;CGC
ComDragagem2030;4502;1.83;17.5;0.0;19.33;CGC
ComDragagem2030;4503;331.5;796.25;50.33;1178.08;GSA - E
ComDragagem2030;4504;332.0;797.83;51.5;1181.33;GSA - E
ComDragagem2030;4505;165.75;1179.33;63.42;1408.5;GSA - E
ComDragagem2030;4506;18.67;304.0;2.25;324.92;GSA - E
ComDragagem2030;4507;1.67;33.0;0.0;34.67;CGC
ComDragagem2030;4508;2.67;38.25;0.0;40.92;CGC
ComDragagem2030;4509;64.42;18.42;0.08;82.92;CGC
ComDragagem2030;4510;2.67;56.08;0.25;59.0;CGC
ComDragagem2030;4511;5.0;73.0;0.25;78.25;CGC
ComDragagem2030;4512;3.33;48.25;0.25;51.83;CGC
ComDragagem2030;4513;3.17;57.67;0.0;60.83;CGNC
ComDragagem2030;4514;197.42;410.5;28.92;636.83;GSA - E
ComDragagem2030;4515;0.0;0.0;0.0;0.0;GSM - I
ComDragagem2030;4516;2.5;37.5;0.08;40.08;CGC
ComDragagem2030;4517;127.5;240.92;6.67;375.08;GSA - E
ComDragagem2030;4518;738.92;772.0;16.75;1527.67;GSA - E
ComDragagem2030;4519;738.5;771.33;16.75;1526.58;GSA - E
ComDragagem2030;4520;5.33;81.42;5.25;92.0;RORO
ComDragagem2030;4521;6.67;106.0;8.33;121.0;RORO
ComDragagem2030;4522;13.67;238.33;12.67;264.67;GSA - E
ComDragagem2030;4523;141.83;599.92;23.58;765.33;GSA - E
ComDragagem2030;4524;10.42;93.5;12.17;116.08;GSM - I
ComDragagem2030;4525;9.58;115.08;3.42;128.08;GL
ComDragagem2030;4526;34.08;400.75;9.83;444.67;GSA - E
ComDragagem2030;4527;0.0;0.0;0.75;0.75;GL
ComDragagem2030;4528;0.0;0.0;0.0;0.0;GL
ComDragagem2030;4529;0.0;0.0;0.5;0.5;CGC
ComDragagem2030;4530;1.83;15.0;18.67;35.5;CGC
ComDragagem2030;4531;3.83;8.33;2.33;14.5;CGC
ComDragagem2030;4532;1.83;15.0;6.08;22.92;CGC
ComDragagem2030;4533;352.67;835.67;54.0;1242.33;GSA - E
ComDragagem2030;4534;343.42;835.0;51.5;1229.92;GSA - E
ComDragagem2030;4535;20.83;333.33;3.17;357.33;GL
ComDragagem2030;4536;6.33;96.42;0.25;103.0;CGC
ComDragagem2030;4537;5.33;98.83;0.25;104.42;CGC
ComDragagem2030;4538;5.0;74.08;0.25;79.33;CGC
ComDragagem2030;4539;100.58;525.5;39.08;665.17;GSA - E
ComDragagem2030;4540;211.08;426.17;34.5;671.75;GSA - E
ComDragagem2030;4541;1.25;0.0;15.42;16.67;CGC
ComDragagem2030;4542;1.25;13.67;16.17;31.08;CGC
ComDragagem2030;4543;2.5;12.58;30.83;45.92;CGC
ComDragagem2030;4544;2.5;20.25;32.08;54.83;CGC
ComDragagem2030;4545;100.08;336.58;6.42;443.08;GSA - E
ComDragagem2030;4546;9.17;229.92;3.5;242.58;GSM - I
ComDragagem2030;4547;16.25;322.75;4.33;343.33;GSM - I
ComDragagem2030;4548;727.0;756.83;16.75;1500.58;GSA - E
ComDragagem2030;4549;6.67;108.08;9.67;124.42;RORO
ComDragagem2030;4550;14.83;252.92;14.58;282.33;GSA - E
ComDragagem2030;4551;144.42;628.0;26.17;798.58;GSA - E
ComDragagem2030;4552;147.75;647.17;26.17;821.08;GSA - E
ComDragagem2030;4553;9.58;93.83;4.92;108.33;GL
ComDragagem2030;4554;0.0;0.0;1.5;1.5;GL
ComDragagem2030;4555;0.0;0.0;1.92;1.92;GL
ComDragagem2030;4556;1.83;21.58;9.75;33.17;CGC
ComDragagem2030;4557;1.83;2.0;10.58;14.42;CGC
ComDragagem2030;4558;4.83;15.42;8.42;28.67;CGC
ComDragagem2030;4559;3.67;22.08;13.75;39.5;CGC
ComDragagem2030;4560;368.33;858.42;57.17;1283.92;GSA - E
ComDragagem2030;4561;377.42;875.5;58.83;1311.75;GSA - E
ComDragagem2030;4562;392.75;956.5;58.33;1407.58;GSA - E
ComDragagem2030;4563;6.33;87.92;0.83;95.08;CGC
ComDragagem2030;4564;6.67;75.67;0.0;82.33;CGC
ComDragagem2030;4565;5.33;93.75;0.83;99.92;CGC
ComDragagem2030;4566;49.25;374.08;8.25;431.58;CGNC
ComDragagem2030;4567;212.75;432.33;35.75;680.83;GSA - E
ComDragagem2030;4568;107.08;555.5;46.08;708.67;GSA - E
ComDragagem2030;4569;2.5;0.0;39.25;41.75;CGC
ComDragagem2030;4570;1.25;1.33;19.83;22.42;CGC
ComDragagem2030;4571;4.42;17.83;24.33;46.58;CGC
ComDragagem2030;4572;7.92;98.0;10.5;116.42;GL
ComDragagem2030;4573;63.08;208.0;4.25;275.33;GSA - E
ComDragagem2030;4574;482.33;969.08;23.0;1474.42;GSA - E
ComDragagem2030;4575;19.75;263.25;17.83;300.83;GSA - E
ComDragagem2030;4576;15.42;155.67;6.92;178.0;GL
ComDragagem2030;4577;9.58;91.08;11.92;112.58;GL
ComDragagem2030;4578;11.5;119.92;13.83;145.25;GL
ComDragagem2030;4579;0.0;0.0;0.33;0.33;GL
ComDragagem2030;4580;372.17;309.17;20.42;701.75;GSA - E
ComDragagem2030;4581;224.25;331.17;23.92;579.33;GSA - E
ComDragagem2030;4582;0.0;0.0;4.67;4.67;CGNC
ComDragagem2030;4583;0.0;0.0;0.67;0.67;GL
ComDragagem2030;4584;3.67;18.67;5.83;28.17;CGC
ComDragagem2030;4585;2.67;15.5;5.5;23.67;CGC
ComDragagem2030;4586;6.17;32.75;6.0;44.92;CGC
ComDragagem2030;4587;389.75;910.75;62.42;1362.92;GSA - E
ComDragagem2030;4588;385.17;891.0;61.08;1337.25;GSA - E
ComDragagem2030;4589;400.17;984.42;59.75;1444.33;GSA - E
ComDragagem2030;4590;32.83;329.58;5.5;367.92;GSA - E
ComDragagem2030;4591;5.0;64.0;0.83;69.83;CGC
ComDragagem2030;4592;6.67;85.25;0.83;92.75;CGC
ComDragagem2030;4593;219.92;453.33;38.0;711.25;GSA - E
ComDragagem2030;4594;224.25;462.58;41.17;728.0;GSA - E
ComDragagem2030;4595;0.0;0.0;1.08;1.08;GSM - I
ComDragagem2030;4596;36.67;341.33;16.42;394.42;GL
ComDragagem2030;4597;2.5;10.75;21.08;34.33;CGC
ComDragagem2030;4598;7.92;106.08;12.08;126.08;GL
ComDragagem2030;4599;476.58;949.67;23.0;1449.25;GSA - E
ComDragagem2030;4600;704.67;725.67;16.75;1447.08;GSA - E
ComDragagem2030;4601;5.33;88.33;6.17;99.83;RORO
ComDragagem2030;4602;150.33;659.42;26.17;835.92;GSA - E
ComDragagem2030;4603;12.75;107.83;10.33;130.92;GSM - I
ComDragagem2030;4604;14.25;126.67;17.25;158.17;GL
ComDragagem2030;4605;0.0;0.0;0.08;0.08;CGNC
ComDragagem2030;4606;4.33;37.42;0.0;41.75;CGNC
ComDragagem2030;4607;0.08;0.0;0.33;0.42;GL
ComDragagem2030;4608;18.42;2.75;0.0;21.17;CGC
ComDragagem2030;4609;1.83;10.92;0.5;13.25;CGC
ComDragagem2030;4610;94.08;669.75;6.58;770.42;GSA - I
ComDragagem2030;4611;175.25;1174.75;68.33;1418.33;GSA - E
ComDragagem2030;4612;394.0;937.17;56.25;1387.42;GSA - E
ComDragagem2030;4613;4.17;54.33;2.5;61.0;CGC
ComDragagem2030;4614;5.75;69.0;5.25;80.0;CGC
ComDragagem2030;4615;4.0;68.5;0.83;73.33;CGC
ComDragagem2030;4616;243.42;519.83;42.67;805.92;GSA - E
ComDragagem2030;4617;109.92;599.08;51.25;760.25;GSA - E
ComDragagem2030;4618;86.83;406.5;14.58;507.92;GL
ComDragagem2030;4619;0.0;0.0;0.17;0.17;CGC
ComDragagem2030;4620;0.5;16.42;4.83;21.75;CGC
ComDragagem2030;4621;1.25;37.33;5.42;44.0;CGC
ComDragagem2030;4622;7.33;18.92;4.08;30.33;CGC
ComDragagem2030;4623;143.75;308.25;4.5;456.5;GSA - E
ComDragagem2030;4624;18.75;250.5;21.75;291.0;GSA - E
ComDragagem2030;4625;18.92;123.17;15.25;157.33;GSM - I
ComDragagem2030;4626;265.17;415.67;26.92;707.75;GSA - E
ComDragagem2030;4627;173.75;1173.83;68.33;1415.92;GSA - E
ComDragagem2030;4628;173.75;1238.92;3.25;1415.92;GSA - E
ComDragagem2030;4629;593.67;772.58;47.67;1413.92;GSA - E
ComDragagem2030;4630;6.58;84.67;8.67;99.92;CGC
ComDragagem2030;4631;8.75;99.5;11.92;120.17;CGC
ComDragagem2030;4632;6.67;80.42;6.83;93.92;CGC
ComDragagem2030;4633;4.0;84.67;0.83;89.5;CGC
ComDragagem2030;4634;108.42;629.75;51.25;789.42;GSA - E
ComDragagem2030;4635;105.58;583.67;51.25;740.5;GSA - E
ComDragagem2030;4636;78.75;321.33;16.75;416.83;CGNC
ComDragagem2030;4637;1.25;16.17;4.75;22.17;CGC
ComDragagem2030;4638;0.0;0.5;4.25;4.75;CGC
ComDragagem2030;4639;2.5;13.75;40.83;57.08;CGC
ComDragagem2030;4640;15.0;25.33;2.5;42.83;CGC
ComDragagem2030;4641;72.67;335.0;14.0;421.67;GSM - I
ComDragagem2030;4642;6.0;90.75;7.42;104.17;RORO
ComDragagem2030;4643;7.5;112.83;8.75;129.08;RORO
ComDragagem2030;4644;27.5;224.17;14.33;266.0;GL
ComDragagem2030;4645;142.58;616.58;26.17;785.33;GSA - E
ComDragagem2030;4646;0.0;0.0;3.92;3.92;GL
ComDragagem2030;4647;7.92;79.0;10.0;96.92;GL
ComDragagem2030;4648;0.0;0.0;0.33;0.33;GL
ComDragagem2030;4649;0.0;0.0;0.25;0.25;GL
ComDragagem2030;4650;1.83;19.0;0.0;20.83;CGC
ComDragagem2030;4651;95.92;507.75;8.0;611.67;GL
ComDragagem2030;4652;75.25;298.83;22.5;396.58;GSA - E
ComDragagem2030;4653;4.83;72.58;9.0;86.42;CGC
ComDragagem2030;4654;242.58;507.75;43.33;793.67;GSA - E
ComDragagem2030;4655;0.0;0.0;0.5;0.5;CGC
ComDragagem2030;4656;1.25;17.67;16.0;34.92;CGC
ComDragagem2030;4657;685.67;684.08;16.08;1385.83;GSA - E
ComDragagem2030;4658;0.0;0.0;1.5;1.5;GL
ComDragagem2030;4659;97.75;610.25;42.08;750.08;GSA - E
ComDragagem2030;4660;0.33;0.0;0.5;0.83;CGNC
ComDragagem2030;4661;0.0;0.0;1.33;1.33;GL
ComDragagem2030;4662;100.67;558.83;8.92;668.42;GL
ComDragagem2030;4663;166.42;1123.42;67.58;1357.42;GSA - E
ComDragagem2030;4664;166.42;1123.42;67.58;1357.42;GSA - E
ComDragagem2030;4665;166.42;1123.42;67.58;1357.42;GSA - E
ComDragagem2030;4666;5.83;48.17;9.0;63.0;CGC
ComDragagem2030;4667;4.83;70.83;1.58;77.25;CGC
ComDragagem2030;4668;92.83;481.5;15.92;590.25;CGNC
ComDragagem2030;4669;1.25;0.0;15.42;16.67;CGC
ComDragagem2030;4670;1.25;24.0;1.5;26.75;CGC
ComDragagem2030;4671;2.75;39.42;2.75;44.92;CGC
ComDragagem2030;4672;1.25;21.75;0.92;23.92;CGC
ComDragagem2030;4673;2.67;36.08;2.17;40.92;CGC
ComDragagem2030;4674;6.17;93.75;5.67;105.58;RORO
ComDragagem2030;4675;145.17;634.33;26.17;805.67;GSA - E
ComDragagem2030;4676;6.58;63.58;5.33;75.5;GL
ComDragagem2030;4677;8.75;96.5;5.92;111.17;GL
ComDragagem2030;4678;0.0;0.0;0.0;0.0;CGNC
ComDragagem2030;4679;0.0;0.0;2.08;2.08;CGNC
ComDragagem2030;4680;0.0;0.0;0.17;0.17;CGNC
ComDragagem2030;4681;0.0;0.0;0.67;0.67;CGC
ComDragagem2030;4682;4.5;45.0;3.33;52.83;CGC
ComDragagem2030;4683;0.0;0.0;1.33;1.33;CGC
ComDragagem2030;4684;2.67;29.5;4.33;36.5;CGC
ComDragagem2030;4685;1.83;0.0;1.75;3.58;CGC
ComDragagem2030;4686;9.92;13.83;2.75;26.5;CGC
ComDragagem2030;4687;13.42;14.33;4.33;32.08;CGC
ComDragagem2030;4688;165.0;1098.75;67.58;1331.33;GSA - E
ComDragagem2030;4689;76.33;300.0;24.33;400.67;GSA - E
ComDragagem2030;4690;5.58;51.75;11.67;69.0;CGC
ComDragagem2030;4691;95.5;8.33;0.0;103.83;CGC
ComDragagem2030;4692;4.83;58.67;13.58;77.08;CGC
ComDragagem2030;4693;5.83;56.58;15.92;78.33;CGC
ComDragagem2030;4694;45.92;45.75;5.92;97.58;CGC
ComDragagem2030;4695;0.0;0.0;3.92;3.92;GSM - I
ComDragagem2030;4696;152.25;1150.08;29.0;1331.33;GSA - I
ComDragagem2030;4697;1.92;0.0;20.08;22.0;CGC
ComDragagem2030;4698;3.33;17.92;19.58;40.83;CGC
ComDragagem2030;4699;164.17;294.75;2.75;461.67;GSA - E
ComDragagem2030;4700;665.33;651.17;16.08;1332.58;GSA - E
ComDragagem2030;4701;146.83;620.67;26.17;793.67;GSA - E
ComDragagem2030;4702;8.5;72.08;6.83;87.42;GL
ComDragagem2030;4703;397.92;328.33;24.08;750.33;GSA - E
ComDragagem2030;4704;4.75;53.33;10.25;68.33;GL
ComDragagem2030;4705;0.0;0.0;0.0;0.0;GSA - E
ComDragagem2030;4706;2.0;28.42;0.0;30.42;CGC
ComDragagem2030;4707;3.83;49.0;0.33;53.17;CGC
ComDragagem2030;4708;13.67;23.83;0.0;37.5;CGC
ComDragagem2030;4709;101.33;584.42;10.25;696.0;GL
ComDragagem2030;4710;166.92;1069.08;68.33;1304.33;GSA - E
ComDragagem2030;4711;373.75;875.83;55.58;1305.17;GSA - E
ComDragagem2030;4712;10.42;76.0;19.58;106.0;CGC
ComDragagem2030;4713;0.0;0.0;1.08;1.08;CGNC
ComDragagem2030;4714;0.0;0.0;1.0;1.0;CGC
ComDragagem2030;4715;1.25;8.58;0.0;9.83;CGC
ComDragagem2030;4716;179.08;347.25;2.75;529.08;GSA - E
ComDragagem2030;4717;196.58;427.17;2.75;626.5;GSA - E
ComDragagem2030;4718;4.17;72.83;0.0;77.0;RORO
ComDragagem2030;4719;154.08;644.92;28.5;827.5;GSA - E
ComDragagem2030;4720;14.17;91.0;7.92;113.08;GSM - I
ComDragagem2030;4721;11.42;78.33;11.83;101.58;GL
ComDragagem2030;4722;0.0;0.0;0.5;0.5;CGNC
ComDragagem2030;4723;11.67;89.08;11.75;112.5;GL
ComDragagem2030;4724;0.0;0.0;3.67;3.67;CGNC
ComDragagem2030;4725;1.83;20.92;0.33;23.08;CGC
ComDragagem2030;4726;3.67;38.08;1.25;43.0;CGC
ComDragagem2030;4727;3.67;33.67;0.33;37.67;CGC
ComDragagem2030;4728;23.08;32.33;4.42;59.83;CGC
ComDragagem2030;4729;21.5;27.08;1.25;49.83;CGC
ComDragagem2030;4730;165.42;1041.33;68.33;1275.08;GSA - E
ComDragagem2030;4731;366.33;857.17;55.58;1279.08;GSA - E
ComDragagem2030;4732;3.17;15.42;17.33;35.92;CGC
ComDragagem2030;4733;4.75;29.33;20.17;54.25;CGC
ComDragagem2030;4734;10.42;70.92;24.25;105.58;CGC
ComDragagem2030;4735;90.75;445.08;12.92;548.75;CGNC
ComDragagem2030;4736;107.42;635.92;9.42;752.75;GL
ComDragagem2030;4737;0.0;2.42;0.0;2.42;CGC
ComDragagem2030;4738;6.83;0.0;0.83;7.67;CGC
ComDragagem2030;4739;210.17;477.33;4.25;691.75;GSA - E
ComDragagem2030;4740;432.75;826.17;22.33;1281.25;GSA - E
ComDragagem2030;4741;7.75;66.83;0.0;74.58;RORO
ComDragagem2030;4742;10.42;91.0;2.42;103.83;RORO
ComDragagem2030;4743;21.83;116.83;16.58;155.25;GSM - I
ComDragagem2030;4744;13.33;79.92;8.33;101.58;GL
ComDragagem2030;4745;2.08;0.0;3.08;5.17;CGNC
ComDragagem2030;4746;8.42;35.92;6.75;51.08;CGC
ComDragagem2030;4747;6.25;26.92;4.83;38.0;CGC
ComDragagem2030;4748;27.75;21.33;4.92;54.0;CGC
ComDragagem2030;4749;31.25;43.33;8.25;82.83;CGC
ComDragagem2030;4750;163.92;1024.08;61.92;1249.92;GSA - E
ComDragagem2030;4751;355.92;841.08;52.92;1249.92;GSA - E
ComDragagem2030;4752;355.92;841.08;52.92;1249.92;GSA - E
ComDragagem2030;4753;9.67;70.92;9.58;90.17;CGC
ComDragagem2030;4754;107.42;540.67;50.58;698.67;GSA - E
ComDragagem2030;4755;1.25;0.42;7.83;9.5;CGC
ComDragagem2030;4756;0.0;0.0;0.25;0.25;CGC
ComDragagem2030;4757;29.75;106.83;4.08;140.67;GSA - E
ComDragagem2030;4758;10.42;87.33;6.25;104.0;RORO
ComDragagem2030;4759;1.25;0.0;1.75;3.0;GSA - E
ComDragagem2030;4760;0.75;0.0;4.17;4.92;GL
ComDragagem2030;4761;277.25;424.83;29.08;731.17;GSA - E
ComDragagem2030;4762;162.42;1023.67;61.92;1248.0;GSA - E
ComDragagem2030;4763;158.5;1026.42;61.0;1245.92;GSA - E
ComDragagem2030;4764;77.25;277.08;23.17;377.5;GL
ComDragagem2030;4765;5.33;33.0;5.75;44.08;CGC
ComDragagem2030;4766;6.92;46.33;9.75;63.0;CGC
ComDragagem2030;4767;8.5;65.42;15.33;89.25;CGC
ComDragagem2030;4768;34.42;59.92;4.0;98.33;CGC
ComDragagem2030;4769;226.08;448.0;42.75;716.83;GSA - E
ComDragagem2030;4770;235.17;460.08;42.75;738.0;GSA - E
ComDragagem2030;4771;0.0;0.0;0.17;0.17;GSM - I
ComDragagem2030;4772;0.0;0.0;0.08;0.08;CGC
ComDragagem2030;4773;31.08;0.08;8.08;39.25;CGC
ComDragagem2030;4774;0.0;15.0;3.92;18.92;CGC
ComDragagem2030;4775;1.25;18.83;4.25;24.33;CGC
ComDragagem2030;4776;74.33;289.08;12.42;375.83;GSM - I
ComDragagem2030;4777;10.42;105.33;9.92;125.67;RORO
ComDragagem2030;4778;19.17;124.58;11.25;155.0;RORO
ComDragagem2030;4779;146.33;599.92;40.92;787.17;GSA - E
ComDragagem2030;4780;154.08;682.75;7.58;844.42;GSA - E
ComDragagem2030;4781;7.58;49.33;4.75;61.67;GL
ComDragagem2030;4782;0.0;0.0;0.17;0.17;CGNC
ComDragagem2030;4783;2.25;0.0;0.0;2.25;GSA - E
ComDragagem2030;4784;0.0;0.0;2.75;2.75;GL
ComDragagem2030;4785;7.42;34.0;7.67;49.08;CGC
ComDragagem2030;4786;95.42;621.42;6.17;723.0;GSA - I
ComDragagem2030;4787;158.75;994.0;61.92;1214.67;GSA - E
ComDragagem2030;4788;8.5;69.75;9.67;87.92;CGC
ComDragagem2030;4789;8.75;66.17;9.67;84.58;CGC
ComDragagem2030;4790;5.0;0.0;24.92;29.92;CGC
ComDragagem2030;4791;80.0;4.42;0.67;85.08;CGC
ComDragagem2030;4792;3.75;0.0;2.67;6.42;CGC
ComDragagem2030;4793;154.08;634.5;50.33;838.92;GSA - E
ComDragagem2030;4794;428.17;362.33;24.58;815.08;GSA - E
ComDragagem2030;4795;102.17;618.92;40.33;761.42;GSA - E
ComDragagem2030;4796;13.67;23.75;0.0;37.42;GSA - E
ComDragagem2030;4797;11.92;15.92;3.17;31.0;CGC
ComDragagem2030;4798;151.92;982.75;55.83;1190.5;GSA - E
ComDragagem2030;4799;339.25;803.33;46.83;1189.42;GSA - E
ComDragagem2030;4800;5.0;70.17;5.67;80.83;CGC
ComDragagem2030;4801;4.75;67.83;5.67;78.25;CGC
ComDragagem2030;4802;14.92;82.92;5.67;103.5;CGC
ComDragagem2030;4803;4.0;65.25;5.67;74.92;CGC
ComDragagem2030;4804;230.08;447.33;42.42;719.83;GSA - E
ComDragagem2030;4805;2.5;0.0;38.67;41.17;CGC
ComDragagem2030;4806;3.75;54.08;8.25;66.08;CGC
ComDragagem2030;4807;1.25;26.0;0.5;27.75;CGC
ComDragagem2030;4808;21.33;12.75;1.08;35.17;CGC
ComDragagem2030;4809;311.42;384.42;1.75;697.58;GSA - E
ComDragagem2030;4810;17.42;101.83;11.25;130.5;RORO
ComDragagem2030;4811;6.25;67.5;11.67;85.42;GSM - I
ComDragagem2030;4812;0.0;0.0;0.0;0.0;GL
ComDragagem2030;4813;427.25;395.92;25.5;848.67;GSA - E
ComDragagem2030;4814;0.0;0.0;0.0;0.0;GL
ComDragagem2030;4815;1.83;22.67;6.25;30.75;CGC
ComDragagem2030;4816;3.67;30.92;6.25;40.83;CGC
ComDragagem2030;4817;3.67;45.08;5.25;54.0;CGC
ComDragagem2030;4818;62.25;5.25;0.0;67.5;CGC
ComDragagem2030;4819;8.58;22.42;4.25;35.25;CGC
ComDragagem2030;4820;13.08;44.67;3.67;61.42;CGC
ComDragagem2030;4821;7.17;7.58;3.17;17.92;CGC
ComDragagem2030;4822;333.67;783.5;46.17;1163.33;GSA - E
ComDragagem2030;4823;79.42;363.33;23.17;465.92;GL
ComDragagem2030;4824;16.83;74.33;1.83;93.0;CGC
ComDragagem2030;4825;11.67;63.08;0.08;74.83;CGC
ComDragagem2030;4826;11.17;64.17;0.08;75.42;CGC
ComDragagem2030;4827;16.08;88.17;0.08;104.33;CGC
ComDragagem2030;4828;0.0;0.0;2.17;2.17;CGNC
ComDragagem2030;4829;234.08;446.58;43.33;724.0;GSA - E
ComDragagem2030;4830;0.0;0.0;0.42;0.42;GSM - I
ComDragagem2030;4831;84.0;387.42;9.75;481.17;CGNC
ComDragagem2030;4832;2.5;28.25;6.25;37.0;CGC
ComDragagem2030;4833;100.33;142.17;12.42;254.92;GSA - E
ComDragagem2030;4834;74.83;87.17;10.75;172.75;GSA - E
ComDragagem2030;4835;15.5;68.0;11.67;95.17;GSA - E
ComDragagem2030;4836;150.92;642.67;52.92;846.5;GSA - E
ComDragagem2030;4837;0.0;0.0;2.67;2.67;CGNC
ComDragagem2030;4838;0.0;0.17;0.0;0.17;GL
ComDragagem2030;4839;0.0;0.0;0.83;0.83;GL
ComDragagem2030;4840;11.83;39.42;0.83;52.08;CGC
ComDragagem2030;4841;15.92;42.92;0.83;59.67;CGC
ComDragagem2030;4842;15.92;58.92;1.08;75.92;CGC
ComDragagem2030;4843;24.42;57.42;1.58;83.42;CGC
ComDragagem2030;4844;152.67;924.58;57.92;1135.17;GSA - E
ComDragagem2030;4845;328.58;762.83;43.67;1135.08;GSA - E
ComDragagem2030;4846;15.5;56.75;0.0;72.25;CGC
ComDragagem2030;4847;37.33;66.25;0.0;103.58;CGC
ComDragagem2030;4848;5.33;0.0;33.58;38.92;CGC
ComDragagem2030;4849;2.83;26.75;4.67;34.25;CGC
ComDragagem2030;4850;24.92;22.58;5.5;53.0;CGC
ComDragagem2030;4851;378.17;739.58;19.58;1137.33;GSA - E
ComDragagem2030;4852;378.33;741.5;19.58;1139.42;GSA - E
ComDragagem2030;4853;150.92;621.33;55.92;828.17;GSA - E
ComDragagem2030;4854;1.92;22.67;0.0;24.58;GL
ComDragagem2030;4855;16.17;43.5;2.5;62.17;GL
ComDragagem2030;4856;1.92;18.08;1.92;21.92;GL
ComDragagem2030;4857;23.0;37.33;2.5;62.83;CGC
ComDragagem2030;4858;60.5;38.75;15.92;115.17;CGC
ComDragagem2030;4859;14.08;28.33;1.08;43.5;CGC
ComDragagem2030;4860;67.75;34.67;20.67;123.08;CGC
ComDragagem2030;4861;66.58;35.25;11.83;113.67;CGC
ComDragagem2030;4862;103.75;614.83;2.25;720.83;GL
ComDragagem2030;4863;325.17;742.25;43.67;1111.08;GSA - E
ComDragagem2030;4864;325.17;742.25;43.67;1111.08;GSA - E
ComDragagem2030;4865;0.0;0.0;3.0;3.0;GL
ComDragagem2030;4866;60.08;45.33;16.83;122.25;CGC
ComDragagem2030;4867;13.67;14.5;1.5;29.67;CGNC
ComDragagem2030;4868;227.75;428.0;43.33;699.08;GSA - E
ComDragagem2030;4869;0.0;0.0;1.67;1.67;GSM - I
ComDragagem2030;4870;13.33;17.08;0.83;31.25;CGC
ComDragagem2030;4871;13.33;20.58;1.42;35.33;CGC
ComDragagem2030;4872;0.0;0.0;6.25;6.25;GL
ComDragagem2030;4873;372.83;720.83;19.58;1113.25;GSA - E
ComDragagem2030;4874;59.33;45.25;10.75;115.33;RORO
ComDragagem2030;4875;60.67;73.25;12.08;146.0;RORO
ComDragagem2030;4876;161.0;646.5;53.92;861.42;GSA - E
ComDragagem2030;4877;60.75;42.92;16.08;119.75;GL
ComDragagem2030;4878;287.42;512.0;29.0;828.42;GSA - E
ComDragagem2030;4879;2.5;0.0;1.42;3.92;CGNC
ComDragagem2030;4880;0.92;0.0;0.17;1.08;GSA - E
ComDragagem2030;4881;49.25;47.0;21.17;117.42;CGC
ComDragagem2030;4882;60.5;34.17;16.42;111.08;CGC
ComDragagem2030;4883;60.58;37.08;16.42;114.08;CGC
ComDragagem2030;4884;139.83;885.33;57.92;1083.08;GSA - E
ComDragagem2030;4885;139.08;884.5;57.92;1081.5;GSA - E
ComDragagem2030;4886;46.83;26.67;21.75;95.25;CGC
ComDragagem2030;4887;221.0;439.25;44.08;704.33;GSA - E
ComDragagem2030;4888;221.5;463.17;48.08;732.75;GSA - E
ComDragagem2030;4889;46.83;0.0;47.58;94.42;CGC
ComDragagem2030;4890;45.83;30.42;9.25;85.5;CGC
ComDragagem2030;4891;1.58;20.42;1.17;23.17;CGC
ComDragagem2030;4892;524.0;542.67;14.83;1081.5;GSA - E
ComDragagem2030;4893;150.42;640.92;55.92;847.25;GSA - E
ComDragagem2030;4894;46.92;34.5;11.67;93.08;GL
ComDragagem2030;4895;46.92;28.0;10.08;85.0;GL
ComDragagem2030;4896;52.58;89.33;12.33;154.25;GL
ComDragagem2030;4897;137.58;884.42;57.92;1079.92;GSA - E
ComDragagem2030;4898;134.17;894.33;50.42;1078.92;GSA - E
ComDragagem2030;4899;19.42;18.5;3.75;41.67;CGC
ComDragagem2030;4900;47.25;38.25;26.83;112.33;CGC
ComDragagem2030;4901;47.75;27.83;25.0;100.58;CGC
ComDragagem2030;4902;47.92;47.58;18.0;113.5;CGC
ComDragagem2030;4903;8.75;17.42;6.67;32.83;CGNC
ComDragagem2030;4904;226.58;469.58;49.92;746.08;GSA - E
ComDragagem2030;4905;100.25;629.58;61.33;791.17;GSA - E
ComDragagem2030;4906;91.33;616.75;11.42;719.5;GL
ComDragagem2030;4907;45.83;0.0;47.67;93.5;CGC
ComDragagem2030;4908;47.08;0.0;54.08;101.17;CGC
ComDragagem2030;4909;45.83;29.33;12.33;87.5;CGC
ComDragagem2030;4910;59.5;254.25;12.42;326.17;GSM - I
ComDragagem2030;4911;353.67;706.75;19.58;1080.0;GSA - E
ComDragagem2030;4912;49.92;78.92;18.33;147.17;RORO
ComDragagem2030;4913;54.0;101.25;23.42;178.67;RORO
ComDragagem2030;4914;157.17;688.0;58.5;903.67;GSA - E
ComDragagem2030;4915;50.33;67.5;16.08;133.92;GL
ComDragagem2030;4916;0.0;0.0;1.33;1.33;CGNC
ComDragagem2030;4917;8.17;0.0;1.25;9.42;GL
ComDragagem2030;4918;40.83;0.0;14.42;55.25;GL
ComDragagem2030;4919;45.5;42.92;19.5;107.92;CGC
ComDragagem2030;4920;96.33;737.92;9.17;843.42;GSA - I
ComDragagem2030;4921;128.67;860.08;57.92;1046.67;GSA - E
ComDragagem2030;4922;44.0;31.0;24.58;99.58;CGC
ComDragagem2030;4923;43.5;38.58;18.33;100.42;CGC
ComDragagem2030;4924;228.5;494.83;52.92;776.25;GSA - E
ComDragagem2030;4925;43.17;7.33;29.58;80.08;CGC
ComDragagem2030;4926;508.92;527.08;14.83;1050.83;GSA - E
ComDragagem2030;4927;50.33;81.17;16.33;147.83;GL
ComDragagem2030;4928;99.67;697.25;40.75;837.67;GSA - E
ComDragagem2030;4929;15.75;0.0;11.92;27.67;CGNC
ComDragagem2030;4930;22.42;40.25;19.25;81.92;CGC
ComDragagem2030;4931;65.0;646.67;3.17;714.83;GL
ComDragagem2030;4932;274.5;707.0;41.0;1022.5;GSA - E
ComDragagem2030;4933;19.67;43.08;29.67;92.42;CGC
ComDragagem2030;4934;19.0;50.5;30.75;100.25;CGC
ComDragagem2030;4935;21.5;43.25;28.83;93.58;CGC
ComDragagem2030;4936;22.92;69.0;18.67;110.58;CGC
ComDragagem2030;4937;76.33;705.67;12.83;794.83;GL
ComDragagem2030;4938;19.0;0.0;43.83;62.83;CGC
ComDragagem2030;4939;20.25;5.33;62.75;88.33;CGC
ComDragagem2030;4940;19.25;5.33;46.08;70.67;CGC
ComDragagem2030;4941;19.25;5.33;55.58;80.17;CGC
ComDragagem2030;4942;271.42;350.67;3.67;625.75;GSA - E
ComDragagem2030;4943;27.08;102.92;24.75;154.75;RORO
ComDragagem2030;4944;28.92;122.67;8.17;159.75;GL
ComDragagem2030;4945;30.0;110.83;17.83;158.67;GL
ComDragagem2030;4946;78.92;744.42;41.42;864.75;GSA - E
ComDragagem2030;4947;5.83;50.75;20.0;76.58;CGC
ComDragagem2030;4948;5.5;44.42;19.25;69.17;CGC
ComDragagem2030;4949;9.17;63.42;23.25;95.83;CGC
ComDragagem2030;4950;10.08;66.17;24.67;100.92;CGC
ComDragagem2030;4951;47.92;49.17;15.5;112.58;CGC
ComDragagem2030;4952;50.75;53.0;14.83;118.58;CGC
ComDragagem2030;4953;30.0;39.25;14.58;83.83;CGC
ComDragagem2030;4954;91.5;857.67;46.25;995.42;GSA - E
ComDragagem2030;4955;0.0;0.0;0.42;0.42;GL
ComDragagem2030;4956;8.17;56.67;29.25;94.08;CGC
ComDragagem2030;4957;11.67;70.75;31.08;113.5;CGC
ComDragagem2030;4958;10.42;85.0;32.92;128.33;CGC
ComDragagem2030;4959;8.08;81.33;12.67;102.08;CGC
ComDragagem2030;4960;19.0;79.58;12.33;110.92;CGC
ComDragagem2030;4961;200.92;508.08;45.42;754.42;GSA - E
ComDragagem2030;4962;0.0;0.0;10.92;10.92;GSM - I
ComDragagem2030;4963;2.5;22.75;10.17;35.42;CGC
ComDragagem2030;4964;3.75;6.58;55.67;66.0;CGC
ComDragagem2030;4965;5.33;19.25;56.25;80.83;CGC
ComDragagem2030;4966;461.42;526.17;9.0;996.58;GSA - E
ComDragagem2030;4967;11.75;125.5;14.58;151.83;RORO
ComDragagem2030;4968;0.0;0.0;0.75;0.75;GL
ComDragagem2030;4969;2.42;0.0;8.5;10.92;CGNC
ComDragagem2030;4970;0.0;0.0;5.0;5.0;CGNC
ComDragagem2030;4971;13.42;118.5;10.17;142.08;GL
ComDragagem2030;4972;0.17;0.0;0.92;1.08;GSA - E
ComDragagem2030;4973;0.0;0.0;0.0;0.0;GL
ComDragagem2030;4974;12.92;89.33;12.92;115.17;CGC
ComDragagem2030;4975;44.08;44.67;6.58;95.33;CGC
ComDragagem2030;4976;74.67;805.17;6.75;886.58;GL
ComDragagem2030;4977;90.0;839.58;39.83;969.42;GSA - E
ComDragagem2030;4978;253.5;690.67;25.0;969.17;GSA - E
ComDragagem2030;4979;11.67;80.25;21.17;113.08;CGC
ComDragagem2030;4980;37.42;471.42;0.0;508.83;CGNC
ComDragagem2030;4981;4.08;0.08;47.83;52.0;CGC
ComDragagem2030;4982;5.33;0.08;50.08;55.5;CGC
ComDragagem2030;4983;5.33;20.67;32.33;58.33;CGC
ComDragagem2030;4984;292.17;669.33;7.83;969.33;GSA - E
ComDragagem2030;4985;292.17;670.42;7.83;970.42;GSA - E
ComDragagem2030;4986;110.83;643.08;52.42;806.33;GSA - E
ComDragagem2030;4987;0.0;0.0;4.42;4.42;GSM - I
ComDragagem2030;4988;18.75;130.42;12.17;161.33;GL
ComDragagem2030;4989;7.5;62.92;0.0;70.42;GL
ComDragagem2030;4990;0.0;0.0;1.08;1.08;CGNC
ComDragagem2030;4991;11.08;65.0;13.33;89.42;CGC
ComDragagem2030;4992;13.08;81.08;17.0;111.17;CGC
ComDragagem2030;4993;13.08;75.83;13.33;102.25;CGC
ComDragagem2030;4994;53.67;53.33;11.5;118.5;CGC
ComDragagem2030;4995;41.58;33.5;6.58;81.67;CGC
ComDragagem2030;4996;88.5;812.75;39.83;941.08;GSA - E
ComDragagem2030;4997;88.5;812.83;39.83;941.17;GSA - E
ComDragagem2030;4998;245.67;672.42;25.0;943.08;GSA - E
ComDragagem2030;4999;20.33;286.0;1.83;308.17;GSA - E
ComDragagem2030;5000;10.42;59.17;19.25;88.83;CGC
ComDragagem2030;5001;39.92;497.08;3.5;540.5;CGNC
ComDragagem2030;5002;66.58;614.92;50.33;731.83;GSA - E
ComDragagem2030;5003;0.0;0.0;1.5;1.5;GSM - I
ComDragagem2030;5004;5.25;0.08;41.75;47.08;CGC
ComDragagem2030;5005;7.5;20.67;35.33;63.5;CGC
ComDragagem2030;5006;15.0;18.0;22.83;55.83;CGC
ComDragagem2030;5007;285.33;652.08;7.83;945.25;GSA - E
ComDragagem2030;5008;439.5;499.58;6.17;945.25;GSA - E
ComDragagem2030;5009;0.0;0.0;0.0;0.0;GSA - E
ComDragagem2030;5010;0.0;0.0;0.83;0.83;GSM - I
ComDragagem2030;5011;11.83;95.33;3.67;110.83;GL
ComDragagem2030;5012;12.92;78.42;11.5;102.83;CGC
ComDragagem2030;5013;9.67;67.92;11.5;89.08;CGC
ComDragagem2030;5014;12.92;85.67;11.67;110.25;CGC
ComDragagem2030;5015;77.92;826.42;8.08;912.42;GL
ComDragagem2030;5016;85.42;789.83;39.83;915.08;GSA - E
ComDragagem2030;5017;85.08;788.25;39.83;913.17;GSA - E
ComDragagem2030;5018;5.25;49.17;15.08;69.5;CGC
ComDragagem2030;5019;69.25;626.08;53.67;749.0;GSA - E
ComDragagem2030;5020;195.25;493.25;42.5;731.0;GSA - E
ComDragagem2030;5021;2.42;0.0;22.08;24.5;CGC
ComDragagem2030;5022;5.67;0.08;52.33;58.08;CGC
ComDragagem2030;5023;243.0;365.25;4.58;612.83;GSA - E
ComDragagem2030;5024;10.17;84.33;6.0;100.5;RORO
ComDragagem2030;5025;15.08;86.75;1.33;103.17;GL
ComDragagem2030;5026;12.33;113.67;14.08;140.08;GL
ComDragagem2030;5027;254.08;552.08;14.25;820.42;GSA - E
ComDragagem2030;5028;16.92;143.75;15.33;176.0;GL
ComDragagem2030;5029;83.92;785.08;39.83;908.83;GSA - E
ComDragagem2030;5030;370.0;522.08;17.83;909.92;GSA - E
ComDragagem2030;5031;10.08;67.5;20.33;97.92;CGC
ComDragagem2030;5032;6.33;65.08;18.17;89.58;CGC
ComDragagem2030;5033;7.08;50.83;17.42;75.33;CGC
ComDragagem2030;5034;7.33;76.75;1.08;85.17;CGC
ComDragagem2030;5035;38.92;506.25;4.75;549.92;CGNC
ComDragagem2030;5036;211.08;536.08;44.83;792.0;GSA - E
ComDragagem2030;5037;71.42;656.08;55.17;782.67;GSA - E
ComDragagem2030;5038;67.58;757.42;17.25;842.25;GL
ComDragagem2030;5039;3.42;36.25;2.33;42.0;CGC
ComDragagem2030;5040;4.67;50.83;3.42;58.92;CGC
ComDragagem2030;5041;6.08;67.92;5.33;79.33;CGC
ComDragagem2030;5042;13.25;243.25;0.0;256.5;GSM - I
ComDragagem2030;5043;270.25;633.83;7.83;911.92;GSA - E
ComDragagem2030;5044;10.42;102.08;8.83;121.33;RORO
ComDragagem2030;5045;1.17;13.92;0.0;15.08;GSA - E
ComDragagem2030;5046;107.33;648.67;55.0;811.0;GSA - E
ComDragagem2030;5047;15.25;118.5;16.17;149.92;GL
ComDragagem2030;5048;0.25;0.0;2.83;3.08;GL
ComDragagem2030;5049;0.0;0.0;0.0;0.0;CGNC
ComDragagem2030;5050;0.0;0.0;3.33;3.33;GL
ComDragagem2030;5051;0.0;0.0;9.08;9.08;GL
ComDragagem2030;5052;8.92;85.42;7.58;101.92;CGC
ComDragagem2030;5053;74.42;798.42;8.08;880.92;GL
ComDragagem2030;5054;80.25;761.17;37.25;878.67;GSA - E
ComDragagem2030;5055;5.58;66.25;14.75;86.58;CGC
ComDragagem2030;5056;70.75;671.83;53.08;795.67;GSA - E
ComDragagem2030;5057;69.58;692.75;55.58;817.92;GSA - E
ComDragagem2030;5058;2.67;44.5;0.58;47.75;CGC
ComDragagem2030;5059;1.17;33.33;0.0;34.5;GSA - E
ComDragagem2030;5060;11.17;100.67;8.83;120.67;GL
ComDragagem2030;5061;378.83;453.33;13.0;845.17;GSA - E
ComDragagem2030;5062;0.0;0.0;4.08;4.08;GL
ComDragagem2030;5063;58.92;793.25;10.42;862.58;GSA - I
ComDragagem2030;5064;75.92;753.08;24.42;853.42;GSA - E
ComDragagem2030;5065;207.08;624.83;21.5;853.42;GSA - E
ComDragagem2030;5066;4.92;43.42;7.67;56.0;CGC
ComDragagem2030;5067;6.33;48.67;9.25;64.25;CGC
ComDragagem2030;5068;6.58;57.17;10.83;74.58;CGC
ComDragagem2030;5069;52.58;29.67;0.0;82.25;CGC
ComDragagem2030;5070;35.5;0.0;501.83;537.33;CGNC
ComDragagem2030;5071;0.0;0.0;0.25;0.25;CGC
ComDragagem2030;5072;1.42;3.0;27.0;31.42;CGC
ComDragagem2030;5073;4.08;15.58;24.92;44.58;CGC
ComDragagem2030;5074;39.17;2.42;13.75;55.33;CGC
ComDragagem2030;5075;6.17;25.5;0.0;31.67;GSA - E
ComDragagem2030;5076;3.92;47.5;0.0;51.42;GSA - E
ComDragagem2030;5077;0.0;0.0;0.17;0.17;GSM - I
ComDragagem2030;5078;0.0;0.0;1.5;1.5;GL
ComDragagem2030;5079;379.67;462.92;13.0;855.58;GSA - E
ComDragagem2030;5080;0.0;0.0;0.17;0.17;CGNC
ComDragagem2030;5081;0.0;0.0;0.67;0.67;CGNC
ComDragagem2030;5082;0.0;0.0;7.5;7.5;CGNC
ComDragagem2030;5083;5.08;32.33;2.5;39.92;CGC
ComDragagem2030;5084;6.92;58.42;10.67;76.0;CGC
ComDragagem2030;5085;5.08;35.67;4.08;44.83;CGC
ComDragagem2030;5086;6.92;51.92;6.58;65.42;CGC
ComDragagem2030;5087;20.0;50.67;9.58;80.25;CGC
ComDragagem2030;5088;44.5;17.42;6.83;68.75;CGC
ComDragagem2030;5089;57.83;764.25;10.42;832.5;GSA - I
ComDragagem2030;5090;14.08;245.0;1.42;260.5;GL
ComDragagem2030;5091;6.17;64.58;11.0;81.75;CGC
ComDragagem2030;5092;6.17;47.58;8.75;62.5;CGC
ComDragagem2030;5093;6.42;52.75;10.33;69.5;CGC
ComDragagem2030;5094;6.75;81.08;2.25;90.08;CGC
ComDragagem2030;5095;6.17;53.17;15.0;74.33;CGNC
ComDragagem2030;5096;0.0;0.0;6.25;6.25;CGNC
ComDragagem2030;5097;66.08;739.33;21.92;827.33;GSA - I
ComDragagem2030;5098;37.0;462.58;47.25;546.83;CGNC
ComDragagem2030;5099;3.92;0.0;39.83;43.75;CGC
ComDragagem2030;5100;2.67;18.83;0.42;21.92;CGC
ComDragagem2030;5101;18.08;67.5;2.92;88.5;GSA - E
ComDragagem2030;5102;5.42;69.92;5.08;80.42;RORO
ComDragagem2030;5103;99.83;592.17;48.08;740.08;GSA - E
ComDragagem2030;5104;3.0;15.42;1.83;20.25;GL
ComDragagem2030;5105;0.5;0.0;1.83;2.33;GSA - E
ComDragagem2030;5106;7.33;64.17;10.83;82.33;CGC
ComDragagem2030;5107;5.5;54.5;9.25;69.25;CGC
ComDragagem2030;5108;14.75;49.08;9.92;73.75;CGC
ComDragagem2030;5109;22.08;57.5;11.0;90.58;CGC
ComDragagem2030;5110;74.17;692.17;34.0;800.33;GSA - E
ComDragagem2030;5111;194.33;584.92;19.83;799.08;GSA - E
ComDragagem2030;5112;5.0;47.08;9.42;61.5;CGC
ComDragagem2030;5113;4.75;60.75;6.58;72.08;CGNC
ComDragagem2030;5114;1.25;0.0;19.42;20.67;CGC
ComDragagem2030;5115;1.25;0.0;17.25;18.5;CGC
ComDragagem2030;5116;15.75;6.75;14.92;37.42;CGC
ComDragagem2030;5117;26.75;116.58;4.08;147.42;GSA - E
ComDragagem2030;5118;2.33;51.25;0.0;53.58;GSA - E
ComDragagem2030;5119;2.08;14.67;4.33;21.08;GL
ComDragagem2030;5120;101.17;619.33;50.67;771.17;GSA - E
ComDragagem2030;5121;7.67;69.08;6.25;83.0;GL
ComDragagem2030;5122;0.0;0.0;0.33;0.33;GL
ComDragagem2030;5123;221.83;563.25;14.17;799.25;GSA - E
ComDragagem2030;5124;0.0;0.0;0.0;0.0;CGNC
ComDragagem2030;5125;0.0;0.0;3.33;3.33;CGNC
ComDragagem2030;5126;5.5;56.5;10.58;72.58;CGC
ComDragagem2030;5127;81.25;19.33;0.58;101.17;CGC
ComDragagem2030;5128;16.0;66.92;10.08;93.0;CGC
ComDragagem2030;5129;13.83;55.33;10.08;79.25;CGC
ComDragagem2030;5130;72.67;665.42;34.0;772.08;GSA - E
ComDragagem2030;5131;189.5;565.75;17.75;773.0;GSA - E
ComDragagem2030;5132;189.5;565.75;17.75;773.0;GSA - E
ComDragagem2030;5133;0.0;0.0;3.08;3.08;GL
ComDragagem2030;5134;5.0;41.92;10.92;57.83;CGC
ComDragagem2030;5135;4.0;49.5;9.17;62.67;CGC
ComDragagem2030;5136;57.67;3.83;642.92;704.42;CGNC
ComDragagem2030;5137;1.25;6.58;0.0;7.83;CGC
ComDragagem2030;5138;1.25;13.17;1.08;15.5;CGC
ComDragagem2030;5139;2.5;28.33;1.08;31.92;CGC
ComDragagem2030;5140;8.67;106.83;5.5;121.0;GL
ComDragagem2030;5141;44.17;157.92;5.08;207.17;GSA - E
ComDragagem2030;5142;343.08;428.0;6.17;777.25;GSA - E
ComDragagem2030;5143;101.17;601.67;52.67;755.5;GSA - E
ComDragagem2030;5144;2.08;19.75;0.0;21.83;GSM - I
ComDragagem2030;5145;3.17;20.58;7.58;31.33;GL
ComDragagem2030;5146;342.17;420.17;11.83;774.17;GSA - E
ComDragagem2030;5147;2.17;0.0;4.92;7.08;CGNC
ComDragagem2030;5148;6.25;54.25;2.58;63.08;CGC
ComDragagem2030;5149;9.08;97.25;2.67;109.0;CGC
ComDragagem2030;5150;8.08;82.67;2.67;93.42;CGC
ComDragagem2030;5151;66.17;671.17;8.08;745.42;GL
ComDragagem2030;5152;71.17;640.83;34.0;746.0;GSA - E
ComDragagem2030;5153;183.92;544.83;17.75;746.5;GSA - E
ComDragagem2030;5154;183.92;544.83;17.75;746.5;GSA - E
ComDragagem2030;5155;1.92;34.92;8.5;45.33;CGC
ComDragagem2030;5156;0.0;0.42;0.0;0.42;CGC
ComDragagem2030;5157;1.25;16.33;0.08;17.67;CGC
ComDragagem2030;5158;2.5;27.75;0.08;30.33;CGC
ComDragagem2030;5159;139.67;415.25;8.0;562.92;GSA - E
ComDragagem2030;5160;210.25;527.42;7.83;745.5;GSA - E
ComDragagem2030;5161;5.67;69.33;5.67;80.67;GL
ComDragagem2030;5162;5.5;63.08;3.67;72.25;GL
ComDragagem2030;5163;209.25;520.83;14.17;744.25;GSA - E
ComDragagem2030;5164;0.0;0.0;1.17;1.17;GL
ComDragagem2030;5165;69.67;640.33;34.0;744.0;GSA - E
ComDragagem2030;5166;182.5;542.67;17.75;742.92;GSA - E
ComDragagem2030;5167;5.75;57.25;8.5;71.5;CGC
ComDragagem2030;5168;4.75;58.58;9.08;72.42;CGC
ComDragagem2030;5169;3.42;41.42;8.5;53.33;CGC
ComDragagem2030;5170;5.75;71.58;10.08;87.42;CGC
ComDragagem2030;5171;63.17;592.83;46.92;702.92;GSA - E
ComDragagem2030;5172;176.83;507.17;43.92;727.92;GSA - E
ComDragagem2030;5173;0.0;0.0;2.75;2.75;GSM - I
ComDragagem2030;5174;62.42;655.58;18.5;736.5;GL
ComDragagem2030;5175;0.0;6.58;0.08;6.67;CGC
ComDragagem2030;5176;1.25;35.67;0.67;37.58;CGC
ComDragagem2030;5177;1.25;31.92;0.67;33.83;CGC
ComDragagem2030;5178;6.58;180.58;0.0;187.17;GSM - I
ComDragagem2030;5179;3.17;40.17;0.0;43.33;RORO
ComDragagem2030;5180;0.0;22.0;0.0;22.0;RORO
ComDragagem2030;5181;1.17;40.33;0.0;41.5;GSA - E
ComDragagem2030;5182;101.92;591.25;50.67;743.83;GSA - E
ComDragagem2030;5183;8.42;101.5;7.25;117.17;GL
ComDragagem2030;5184;8.42;100.0;0.0;108.42;GL
ComDragagem2030;5185;2.0;0.0;3.0;5.0;GSA - E
ComDragagem2030;5186;0.0;0.0;1.17;1.17;GL
ComDragagem2030;5187;0.0;2.83;1.58;4.42;CGNC
ComDragagem2030;5188;6.25;79.0;0.17;85.42;CGC
ComDragagem2030;5189;68.17;615.25;27.17;710.58;GSA - E
ComDragagem2030;5190;20.08;299.25;2.5;321.83;GSA - E
ComDragagem2030;5191;4.75;59.5;2.75;67.0;CGC
ComDragagem2030;5192;65.83;598.67;47.17;711.67;GSA - E
ComDragagem2030;5193;2.0;0.0;29.0;31.0;CGC
ComDragagem2030;5194;2.0;12.08;10.67;24.75;CGC
ComDragagem2030;5195;3.08;53.58;0.0;56.67;GSA - E
ComDragagem2030;5196;8.42;88.75;1.83;99.0;GL
ComDragagem2030;5197;323.67;377.67;11.42;712.75;GSA - E
ComDragagem2030;5198;1.42;0.0;0.75;2.17;CGNC
ComDragagem2030;5199;0.0;0.0;0.08;0.08;GL
ComDragagem2030;5200;1.83;36.75;0.08;38.67;CGC
ComDragagem2030;5201;65.92;592.5;27.17;685.58;GSA - E
ComDragagem2030;5202;5.0;52.75;4.08;61.83;CGC
ComDragagem2030;5203;8.83;51.42;6.67;66.92;CGC
ComDragagem2030;5204;0.0;0.0;0.25;0.25;CGC
ComDragagem2030;5205;1.25;22.5;1.08;24.83;CGC
ComDragagem2030;5206;1.25;21.58;0.92;23.75;CGC
ComDragagem2030;5207;57.42;144.5;2.0;203.92;GSA - E
ComDragagem2030;5208;96.0;542.0;50.67;688.67;GSA - E
ComDragagem2030;5209;96.0;540.92;50.67;687.58;GSA - E
ComDragagem2030;5210;7.92;110.5;5.5;123.92;GL
ComDragagem2030;5211;0.0;0.0;4.5;4.5;GL
ComDragagem2030;5212;8.75;23.58;0.0;32.33;CGC
ComDragagem2030;5213;60.08;596.5;5.83;662.42;GL
ComDragagem2030;5214;167.83;475.83;14.67;658.33;GSA - E
ComDragagem2030;5215;1.58;9.92;6.67;18.17;CGC
ComDragagem2030;5216;3.33;34.33;18.67;56.33;CGC
ComDragagem2030;5217;0.0;0.0;2.67;2.67;CGNC
ComDragagem2030;5218;0.0;0.0;6.25;6.25;CGC
ComDragagem2030;5219;1.25;15.25;7.5;24.0;CGC
ComDragagem2030;5220;302.17;354.5;3.83;660.5;GSA - E
ComDragagem2030;5221;93.42;516.33;50.67;660.42;GSA - E
ComDragagem2030;5222;93.42;517.42;50.67;661.5;GSA - E
ComDragagem2030;5223;5.75;54.33;7.0;67.08;GL
ComDragagem2030;5224;0.0;0.0;7.58;7.58;GL
ComDragagem2030;5225;0.0;0.0;1.92;1.92;CGNC
ComDragagem2030;5226;1.83;0.0;6.25;8.08;GSA - E
ComDragagem2030;5227;1.83;15.75;0.0;17.58;CGC
ComDragagem2030;5228;1.83;23.67;0.0;25.5;CGC
ComDragagem2030;5229;12.75;22.58;0.0;35.33;CGC
ComDragagem2030;5230;62.92;543.75;24.58;631.25;GSA - E
ComDragagem2030;5231;62.92;544.83;24.58;632.33;GSA - E
ComDragagem2030;5232;62.92;545.92;24.58;633.42;GSA - E
ComDragagem2030;5233;1.58;9.58;8.83;20.0;CGC
ComDragagem2030;5234;2.67;28.58;13.17;44.42;CGC
ComDragagem2030;5235;43.67;8.25;0.5;52.42;CGC
ComDragagem2030;5236;4.0;55.83;4.5;64.33;CGC
ComDragagem2030;5237;3.17;22.67;11.58;37.42;CGC
ComDragagem2030;5238;7.42;74.0;5.0;86.42;CGC
ComDragagem2030;5239;161.92;431.0;39.33;632.25;GSA - E
ComDragagem2030;5240;161.92;431.0;39.33;632.25;GSA - E
ComDragagem2030;5241;0.0;0.0;4.67;4.67;CGC
ComDragagem2030;5242;0.0;0.0;4.17;4.17;RORO
ComDragagem2030;5243;1.33;23.17;5.58;30.08;RORO
ComDragagem2030;5244;4.0;50.5;8.25;62.75;RORO
ComDragagem2030;5245;9.33;61.5;12.83;83.67;GL
ComDragagem2030;5246;1.58;9.67;1.83;13.08;GL
ComDragagem2030;5247;0.0;0.0;2.92;2.92;CGNC
ComDragagem2030;5248;0.0;0.0;3.83;3.83;GL
ComDragagem2030;5249;1.83;9.08;1.0;11.92;CGC
ComDragagem2030;5250;1.83;12.67;2.83;17.33;CGC
ComDragagem2030;5251;34.5;7.25;0.0;41.75;CGC
ComDragagem2030;5252;3.67;23.17;2.83;29.67;CGC
ComDragagem2030;5253;24.42;27.83;5.5;57.75;CGC
ComDragagem2030;5254;47.42;555.5;10.42;613.33;GSA - I
ComDragagem2030;5255;61.42;520.17;24.58;606.17;GSA - E
ComDragagem2030;5256;3.17;26.67;7.08;36.92;CGC
ComDragagem2030;5257;6.58;40.75;12.5;59.83;CGC
ComDragagem2030;5258;9.67;55.17;15.25;80.08;CGC
ComDragagem2030;5259;8.92;60.0;16.92;85.83;CGC
ComDragagem2030;5260;9.92;70.92;0.5;81.33;CGC
ComDragagem2030;5261;155.0;412.83;39.33;607.17;GSA - E
ComDragagem2030;5262;155.0;412.83;39.33;607.17;GSA - E
ComDragagem2030;5263;50.67;484.33;59.33;594.33;CGNC
ComDragagem2030;5264;55.42;538.58;16.25;610.25;GL
ComDragagem2030;5265;0.0;0.0;0.08;0.08;CGC
ComDragagem2030;5266;132.5;370.67;10.58;513.75;GSA - E
ComDragagem2030;5267;179.33;424.33;4.5;608.17;GSA - E
ComDragagem2030;5268;88.25;467.25;50.67;606.17;GSA - E
ComDragagem2030;5269;6.58;46.25;6.58;59.42;GL
ComDragagem2030;5270;11.25;86.75;11.58;109.58;GL
ComDragagem2030;5271;2.17;0.0;2.83;5.0;CGNC
ComDragagem2030;5272;0.0;0.0;2.75;2.75;CGNC
ComDragagem2030;5273;1.83;12.92;1.33;16.08;CGC
ComDragagem2030;5274;57.92;5.08;0.0;63.0;CGC
ComDragagem2030;5275;20.0;15.67;4.33;40.0;CGC
ComDragagem2030;5276;147.75;415.0;14.67;577.42;GSA - E
ComDragagem2030;5277;8.08;49.5;14.33;71.92;CGC
ComDragagem2030;5278;8.92;55.75;19.17;83.83;CGC
ComDragagem2030;5279;0.0;0.0;0.0;0.0;CGNC
ComDragagem2030;5280;1.0;0.0;0.25;1.25;GSM - I
ComDragagem2030;5281;0.0;0.0;0.5;0.5;CGC
ComDragagem2030;5282;1.25;0.0;6.58;7.83;CGC
ComDragagem2030;5283;4.42;20.08;11.08;35.58;CGC
ComDragagem2030;5284;1.25;0.0;2.67;3.92;CGC
ComDragagem2030;5285;1.25;0.0;9.5;10.75;CGC
ComDragagem2030;5286;28.58;18.08;9.83;56.5;CGC
ComDragagem2030;5287;1.25;11.5;10.75;23.5;CGC
ComDragagem2030;5288;170.25;405.25;4.5;580.0;GSA - E
ComDragagem2030;5289;4.75;25.58;5.83;36.17;RORO
ComDragagem2030;5290;0.0;0.0;0.5;0.5;GSA - E
ComDragagem2030;5291;0.0;0.0;1.75;1.75;GSM - I
ComDragagem2030;5292;0.0;0.0;0.58;0.58;GSM - I
ComDragagem2030;5293;11.75;78.58;9.25;99.58;GL
ComDragagem2030;5294;9.17;73.42;6.42;89.0;GL
ComDragagem2030;5295;0.0;0.0;1.42;1.42;CGNC
ComDragagem2030;5296;0.0;0.0;1.67;1.67;GL
ComDragagem2030;5297;0.0;0.0;4.42;4.42;GL
ComDragagem2030;5298;6.83;41.92;6.33;55.08;CGC
ComDragagem2030;5299;8.67;55.92;6.33;70.92;CGC
ComDragagem2030;5300;8.67;67.08;6.33;82.08;CGC
ComDragagem2030;5301;45.58;519.83;10.42;575.83;GSA - I
ComDragagem2030;5302;58.42;495.5;22.0;575.92;GSA - E
ComDragagem2030;5303;58.42;495.5;22.0;575.92;GSA - E
ComDragagem2030;5304;146.58;413.67;14.67;574.92;GSA - E
ComDragagem2030;5305;8.25;51.92;14.33;74.5;CGC
ComDragagem2030;5306;56.58;477.17;42.17;575.92;GSA - E
ComDragagem2030;5307;146.33;392.58;35.0;573.92;GSA - E
ComDragagem2030;5308;0.0;0.0;7.17;7.17;GSM - I
ComDragagem2030;5309;52.92;456.33;60.58;569.83;CGNC
ComDragagem2030;5310;4.25;22.75;12.25;39.25;CGC
ComDragagem2030;5311;3.42;20.25;11.25;34.92;CGC
ComDragagem2030;5312;7.42;55.83;10.5;73.75;CGC
ComDragagem2030;5313;6.17;33.0;12.25;51.42;CGC
ComDragagem2030;5314;32.08;35.83;12.33;80.25;CGC
ComDragagem2030;5315;44.0;2.08;45.58;91.67;CGC
ComDragagem2030;5316;77.25;93.67;3.5;174.42;GSA - E
ComDragagem2030;5317;261.33;309.75;3.83;574.92;GSA - E
ComDragagem2030;5318;83.08;442.08;50.67;575.83;GSA - E
ComDragagem2030;5319;14.17;97.42;12.67;124.25;GL
ComDragagem2030;5320;0.0;0.0;7.83;7.83;CGNC
ComDragagem2030;5321;1.33;0.0;1.17;2.5;GSA - E
ComDragagem2030;5322;0.0;0.0;1.67;1.67;GL
ComDragagem2030;5323;8.42;60.83;4.0;73.25;CGC
ComDragagem2030;5324;51.33;487.67;5.83;544.83;GL
ComDragagem2030;5325;53.17;475.75;16.75;545.67;GSA - E
ComDragagem2030;5326;30.58;307.83;12.25;350.67;GL
ComDragagem2030;5327;24.17;255.83;11.17;291.17;GSA - E
ComDragagem2030;5328;7.92;54.58;8.83;71.33;CGC
ComDragagem2030;5329;6.92;55.58;10.0;72.5;CGC
ComDragagem2030;5330;53.17;453.0;39.58;545.75;GSA - E
ComDragagem2030;5331;134.17;378.75;32.83;545.75;GSA - E
ComDragagem2030;5332;53.17;453.0;39.58;545.75;GSA - E
ComDragagem2030;5333;2.75;23.75;4.0;30.5;CGC
ComDragagem2030;5334;6.67;32.42;50.33;89.42;CGC
ComDragagem2030;5335;36.5;0.58;27.0;64.08;CGC
ComDragagem2030;5336;242.33;301.67;3.83;547.83;GSA - E
ComDragagem2030;5337;0.0;0.0;1.17;1.17;GSA - E
ComDragagem2030;5338;0.0;0.0;2.42;2.42;CGNC
ComDragagem2030;5339;240.67;298.83;6.25;545.75;GSA - E
ComDragagem2030;5340;7.75;84.33;8.17;100.25;GL
ComDragagem2030;5341;0.0;0.0;8.0;8.0;GL
ComDragagem2030;5342;5.08;56.42;0.83;62.33;CGC
ComDragagem2030;5343;4.58;26.83;9.83;41.25;CGC
ComDragagem2030;5344;6.42;54.92;10.67;72.0;CGC
ComDragagem2030;5345;5.17;0.0;64.33;69.5;CGC
ComDragagem2030;5346;5.17;34.42;27.0;66.58;CGC
ComDragagem2030;5347;6.42;53.58;31.42;91.42;CGC
ComDragagem2030;5348;39.58;162.58;3.33;205.5;GSA - E
ComDragagem2030;5349;0.0;8.33;0.0;8.33;RORO
ComDragagem2030;5350;74.75;394.17;50.67;519.58;GSA - E
ComDragagem2030;5351;7.17;62.42;8.17;77.75;GL
ComDragagem2030;5352;3.25;25.75;0.17;29.17;CGC
ComDragagem2030;5353;5.08;47.92;6.08;59.08;CGC
ComDragagem2030;5354;12.5;29.25;4.25;46.0;CGC
ComDragagem2030;5355;48.83;424.75;16.75;490.33;GSA - E
ComDragagem2030;5356;0.17;0.0;1.33;1.5;GL
ComDragagem2030;5357;4.58;25.67;6.42;36.67;CGC
ComDragagem2030;5358;10.75;28.42;4.08;43.25;CGC
ComDragagem2030;5359;0.0;0.17;2.5;2.67;GSM - I
ComDragagem2030;5360;3.92;0.0;50.25;54.17;CGC
ComDragagem2030;5361;60.5;198.83;4.33;263.67;GSA - E
ComDragagem2030;5362;0.0;0.0;0.92;0.92;GSA - E
ComDragagem2030;5363;72.17;370.67;50.67;493.5;GSA - E
ComDragagem2030;5364;9.08;67.83;11.5;88.42;GL
ComDragagem2030;5365;0.0;0.0;1.5;1.5;GL
ComDragagem2030;5366;207.33;277.92;5.17;490.42;GSA - E
ComDragagem2030;5367;0.67;0.0;4.33;5.0;GSA - E
ComDragagem2030;5368;1.83;20.08;5.92;27.83;CGC
ComDragagem2030;5369;3.67;40.58;5.92;50.17;CGC
ComDragagem2030;5370;9.83;36.25;5.17;51.25;CGC
ComDragagem2030;5371;5.5;67.17;5.92;78.58;CGC
ComDragagem2030;5372;47.58;393.58;22.0;463.17;GSA - E
ComDragagem2030;5373;107.5;340.92;14.67;463.08;GSA - E
ComDragagem2030;5374;107.5;340.92;14.67;463.08;GSA - E
ComDragagem2030;5375;3.17;43.25;5.5;51.92;CGC
ComDragagem2030;5376;3.17;25.33;3.83;32.33;CGC
ComDragagem2030;5377;4.75;67.58;5.5;77.83;CGC
ComDragagem2030;5378;2.67;40.33;5.5;48.5;CGC
ComDragagem2030;5379;3.33;37.67;1.08;42.08;CGC
ComDragagem2030;5380;107.75;326.58;29.92;464.25;GSA - E
ComDragagem2030;5381;1.25;0.0;26.0;27.25;CGC
ComDragagem2030;5382;76.75;237.58;5.5;319.83;GSA - E
ComDragagem2030;5383;0.0;0.0;0.08;0.08;RORO
ComDragagem2030;5384;2.67;32.42;1.75;36.83;RORO
ComDragagem2030;5385;68.17;356.67;39.42;464.25;GSA - E
ComDragagem2030;5386;68.17;356.67;39.42;464.25;GSA - E
ComDragagem2030;5387;121.75;335.42;6.0;463.17;GSA - E
ComDragagem2030;5388;6.83;27.75;3.33;37.92;GSA - E
ComDragagem2030;5389;1.83;19.42;0.0;21.25;CGC
ComDragagem2030;5390;3.67;38.25;0.0;41.92;CGC
ComDragagem2030;5391;3.67;45.08;0.0;48.75;CGC
ComDragagem2030;5392;11.42;48.58;0.0;60.0;CGC
ComDragagem2030;5393;12.08;54.08;0.25;66.42;CGC
ComDragagem2030;5394;35.58;400.08;7.5;443.17;GSA - I
ComDragagem2030;5395;46.08;369.08;22.0;437.17;GSA - E
ComDragagem2030;5396;0.0;0.0;0.17;0.17;GL
ComDragagem2030;5397;4.58;60.42;1.67;66.67;CGC
ComDragagem2030;5398;2.67;46.83;1.67;51.17;CGC
ComDragagem2030;5399;3.33;39.83;1.67;44.83;CGC
ComDragagem2030;5400;5.58;68.17;0.17;73.92;CGC
ComDragagem2030;5401;13.58;70.17;0.17;83.92;CGC
ComDragagem2030;5402;101.5;306.75;29.92;438.17;GSA - E
ComDragagem2030;5403;0.0;0.0;1.92;1.92;GSM - I
ComDragagem2030;5404;1.25;0.58;4.58;6.42;CGC
ComDragagem2030;5405;1.25;4.0;22.17;27.42;CGC
ComDragagem2030;5406;97.0;335.83;7.42;440.25;GSA - E
ComDragagem2030;5407;117.83;317.83;4.5;440.17;GSA - E
ComDragagem2030;5408;2.67;33.0;5.58;41.25;RORO
ComDragagem2030;5409;0.0;0.0;0.67;0.67;GL
ComDragagem2030;5410;0.0;0.0;0.25;0.25;CGNC
ComDragagem2030;5411;1.0;0.0;0.5;1.5;GL
ComDragagem2030;5412;6.08;59.67;0.5;66.25;CGC
ComDragagem2030;5413;6.08;48.92;0.25;55.25;CGC
ComDragagem2030;5414;9.42;50.83;0.5;60.75;CGC
ComDragagem2030;5415;96.42;300.33;11.83;408.58;GSA - E
ComDragagem2030;5416;97.17;300.33;11.83;409.33;GSA - E
ComDragagem2030;5417;5.58;64.0;0.33;69.92;CGC
ComDragagem2030;5418;5.92;88.25;0.33;94.5;CGC
ComDragagem2030;5419;1.0;7.33;1.58;9.92;GSM - I
ComDragagem2030;5420;40.33;363.42;13.33;417.08;GL
ComDragagem2030;5421;1.83;0.08;22.67;24.58;CGC
ComDragagem2030;5422;1.25;14.75;0.92;16.92;CGC
ComDragagem2030;5423;1.25;1.08;0.83;3.17;CGC
ComDragagem2030;5424;2.42;22.67;14.58;39.67;CGC
ComDragagem2030;5425;1.25;21.83;1.0;24.08;CGC
ComDragagem2030;5426;81.67;261.17;7.0;349.83;GSA - E
ComDragagem2030;5427;112.92;294.58;4.5;412.0;GSA - E
ComDragagem2030;5428;0.42;0.0;1.33;1.75;GSA - E
ComDragagem2030;5429;62.0;342.33;5.25;409.58;GSA - E
ComDragagem2030;5430;2.0;0.0;0.0;2.0;GSM - I
ComDragagem2030;5431;0.0;0.0;1.58;1.58;GSM - I
ComDragagem2030;5432;4.75;49.17;7.08;61.0;GL
ComDragagem2030;5433;3.17;35.17;5.25;43.58;GL
ComDragagem2030;5434;0.0;0.0;0.17;0.17;CGNC
ComDragagem2030;5435;0.0;0.0;5.5;5.5;GL
ComDragagem2030;5436;0.0;0.0;3.92;3.92;CGNC
ComDragagem2030;5437;6.08;76.33;1.42;83.83;CGC
ComDragagem2030;5438;6.08;74.33;1.42;81.83;CGC
ComDragagem2030;5439;6.08;65.42;0.5;72.0;CGC
ComDragagem2030;5440;43.08;344.17;17.58;404.83;GSA - E
ComDragagem2030;5441;43.08;347.25;17.58;407.92;GSA - E
ComDragagem2030;5442;43.08;361.75;0.0;404.83;GSA - E
ComDragagem2030;5443;155.75;241.92;9.25;406.92;GSA - E
ComDragagem2030;5444;5.58;82.5;0.33;88.42;CGC
ComDragagem2030;5445;39.08;3.83;360.92;403.83;CGNC
ComDragagem2030;5446;95.83;282.17;29.92;407.92;GSA - E
ComDragagem2030;5447;1.58;25.83;6.75;34.17;GSM - I
ComDragagem2030;5448;39.08;350.5;13.33;402.92;GL
ComDragagem2030;5449;1.83;0.0;39.17;41.0;CGC
ComDragagem2030;5450;0.0;0.0;19.92;19.92;CGC
ComDragagem2030;5451;3.08;19.67;38.33;61.08;CGC
ComDragagem2030;5452;3.08;1.58;42.25;46.92;CGC
ComDragagem2030;5453;22.83;16.5;12.0;51.33;CGC
ComDragagem2030;5454;16.17;19.67;69.25;105.08;CGC
ComDragagem2030;5455;0.0;0.0;0.75;0.75;GSM - I
ComDragagem2030;5456;1.92;28.42;4.25;34.58;RORO
ComDragagem2030;5457;60.42;313.75;33.75;407.92;GSA - E
ComDragagem2030;5458;0.0;0.0;1.83;1.83;GL
ComDragagem2030;5459;0.0;0.0;1.67;1.67;GL
ComDragagem2030;5460;0.0;0.0;0.0;0.0;CGNC
ComDragagem2030;5461;0.0;0.0;0.0;0.0;CGNC
ComDragagem2030;5462;6.08;60.25;1.42;67.75;CGC
ComDragagem2030;5463;41.0;318.17;17.58;376.75;GSA - E
ComDragagem2030;5464;40.33;323.75;13.58;377.67;GSA - E
ComDragagem2030;5465;91.08;274.67;11.83;377.58;GSA - E
ComDragagem2030;5466;2.17;38.75;6.08;47.0;GL
ComDragagem2030;5467;4.58;81.92;0.33;86.83;CGC
ComDragagem2030;5468;19.08;63.75;0.33;83.17;CGC
ComDragagem2030;5469;39.75;302.33;33.58;375.67;GSA - E
ComDragagem2030;5470;40.33;302.33;35.08;377.75;GSA - E
ComDragagem2030;5471;39.75;302.33;33.58;375.67;GSA - E
ComDragagem2030;5472;3.08;37.08;2.83;43.0;CGC
ComDragagem2030;5473;1.83;35.5;2.67;40.0;CGC
ComDragagem2030;5474;3.08;48.58;4.42;56.08;CGC
ComDragagem2030;5475;164.5;210.5;3.83;378.83;GSA - E
ComDragagem2030;5476;1.92;34.5;0.0;36.42;RORO
ComDragagem2030;5477;1.75;17.17;0.17;19.08;GSA - E
ComDragagem2030;5478;164.17;210.25;3.33;377.75;GSA - E
ComDragagem2030;5479;0.0;0.0;0.67;0.67;CGNC
ComDragagem2030;5480;1.58;26.08;2.17;29.83;GL
ComDragagem2030;5481;0.0;0.0;0.0;0.0;GL
ComDragagem2030;5482;37.17;307.58;5.83;350.58;GL
ComDragagem2030;5483;5.17;64.08;5.08;74.33;CGC
ComDragagem2030;5484;5.5;80.5;0.33;86.33;CGC
ComDragagem2030;5485;0.0;0.0;0.33;0.33;CGNC
ComDragagem2030;5486;2.5;33.75;10.58;46.83;CGC
ComDragagem2030;5487;2.5;0.0;52.08;54.58;CGC
ComDragagem2030;5488;138.0;210.83;3.83;352.67;GSA - E
ComDragagem2030;5489;156.0;190.75;3.83;350.58;GSA - E
ComDragagem2030;5490;54.67;274.0;23.92;352.58;GSA - E
ComDragagem2030;5491;54.67;298.0;0.0;352.67;GSA - E
ComDragagem2030;5492;1.83;19.92;0.0;21.75;CGC
ComDragagem2030;5493;35.83;284.83;5.83;326.5;GL
ComDragagem2030;5494;36.92;274.67;10.75;322.33;GSA - E
ComDragagem2030;5495;11.58;50.67;4.42;66.67;CGC
ComDragagem2030;5496;12.58;58.67;5.67;76.92;CGC
ComDragagem2030;5497;14.92;69.0;0.0;83.92;CGC
ComDragagem2030;5498;34.75;3.83;284.83;323.42;CGNC
ComDragagem2030;5499;2.92;11.08;23.67;37.67;CGC
ComDragagem2030;5500;95.17;227.42;1.92;324.5;GSA - E
ComDragagem2030;5501;0.0;0.0;0.0;0.0;GSA - E
ComDragagem2030;5502;52.08;249.5;23.92;325.5;GSA - E
ComDragagem2030;5503;4.25;32.75;1.83;38.83;GL
ComDragagem2030;5504;12.58;45.75;6.42;64.75;GL
ComDragagem2030;5505;147.42;171.58;3.33;322.33;GSA - E
ComDragagem2030;5506;0.0;2.42;0.0;2.42;CGC
ComDragagem2030;5507;6.17;8.75;1.17;16.08;CGC
ComDragagem2030;5508;0.25;0.0;0.17;0.42;CGC
ComDragagem2030;5509;36.5;244.75;14.0;295.25;GSA - E
ComDragagem2030;5510;36.5;244.75;14.0;295.25;GSA - E
ComDragagem2030;5511;77.67;208.25;9.17;295.08;GSA - E
ComDragagem2030;5512;77.67;208.25;9.17;295.08;GSA - E
ComDragagem2030;5513;13.08;38.25;9.67;61.0;CGC
ComDragagem2030;5514;12.58;60.08;0.42;73.08;CGC
ComDragagem2030;5515;14.08;79.17;1.0;94.25;CGC
ComDragagem2030;5516;15.08;75.0;0.42;90.5;CGC
ComDragagem2030;5517;0.0;0.0;0.92;0.92;CGNC
ComDragagem2030;5518;35.5;235.17;25.58;296.25;GSA - E
ComDragagem2030;5519;35.5;235.17;25.58;296.25;GSA - E
ComDragagem2030;5520;1.67;17.08;0.67;19.42;CGC
ComDragagem2030;5521;138.67;157.08;1.58;297.33;GSA - E
ComDragagem2030;5522;0.0;0.0;2.42;2.42;RORO
ComDragagem2030;5523;49.5;228.42;18.33;296.25;GSA - E
ComDragagem2030;5524;0.0;0.0;0.17;0.17;GSM - I
ComDragagem2030;5525;11.83;31.08;8.33;51.25;GL
ComDragagem2030;5526;0.25;0.0;2.25;2.5;CGNC
ComDragagem2030;5527;0.0;0.0;1.42;1.42;CGNC
ComDragagem2030;5528;0.5;0.0;0.0;0.5;CGC
ComDragagem2030;5529;10.08;14.5;8.0;32.58;CGC
ComDragagem2030;5530;7.75;0.92;3.08;11.75;CGC
ComDragagem2030;5531;11.17;4.5;3.92;19.58;CGC
ComDragagem2030;5532;15.33;7.83;3.92;27.08;CGC
ComDragagem2030;5533;32.75;237.92;3.58;274.25;GL
ComDragagem2030;5534;34.58;220.5;14.0;269.08;GSA - E
ComDragagem2030;5535;25.42;214.67;5.25;245.33;GSA - E
ComDragagem2030;5536;12.83;34.17;11.33;58.33;CGC
ComDragagem2030;5537;17.33;47.33;13.5;78.17;CGC
ComDragagem2030;5538;19.67;63.0;27.42;110.08;CGC
ComDragagem2030;5539;17.17;70.58;6.33;94.08;CGC
ComDragagem2030;5540;17.58;65.83;4.67;88.08;CGC
ComDragagem2030;5541;0.0;0.0;0.0;0.0;CGNC
ComDragagem2030;5542;0.0;0.0;0.0;0.0;GSM - I
ComDragagem2030;5543;8.0;0.0;3.67;11.67;CGC
ComDragagem2030;5544;8.33;1.25;3.75;13.33;CGC
ComDragagem2030;5545;0.25;0.0;4.58;4.83;GL
ComDragagem2030;5546;0.0;0.0;1.08;1.08;GSM - I
ComDragagem2030;5547;1.75;0.0;1.08;2.83;GL
ComDragagem2030;5548;11.25;34.5;5.67;51.42;GL
ComDragagem2030;5549;11.25;33.58;5.67;50.5;GL
ComDragagem2030;5550;0.5;0.0;0.75;1.25;GSA - E
ComDragagem2030;5551;1.0;0.0;0.25;1.25;GL
ComDragagem2030;5552;3.0;17.08;4.92;25.0;CGC
ComDragagem2030;5553;9.0;13.58;2.08;24.67;CGC
ComDragagem2030;5554;12.67;17.67;2.33;32.67;CGC
ComDragagem2030;5555;57.08;175.08;9.17;241.33;GSA - E
ComDragagem2030;5556;9.33;55.08;26.08;90.5;CGC
ComDragagem2030;5557;9.67;68.83;6.33;84.83;CGC
ComDragagem2030;5558;22.08;206.83;12.08;241.0;CGNC
ComDragagem2030;5559;1.0;0.0;0.75;1.75;GSM - I
ComDragagem2030;5560;0.0;0.0;0.08;0.08;CGC
ComDragagem2030;5561;1.0;3.83;2.17;7.0;CGC
ComDragagem2030;5562;29.17;0.83;0.42;30.42;CGC
ComDragagem2030;5563;0.67;18.42;4.0;23.08;CGC
ComDragagem2030;5564;1.0;4.0;3.42;8.42;CGC
ComDragagem2030;5565;20.42;7.92;5.08;33.42;CGC
ComDragagem2030;5566;54.25;184.17;4.67;243.08;GSA - E
ComDragagem2030;5567;103.75;138.67;1.58;244.0;GSA - E
ComDragagem2030;5568;0.0;0.0;0.17;0.17;GSA - E
ComDragagem2030;5569;5.42;40.33;0.33;46.08;GSA - E
ComDragagem2030;5570;2.0;0.0;6.67;8.67;GSM - I
ComDragagem2030;5571;9.25;37.25;13.17;59.67;GSM - I
ComDragagem2030;5572;2.75;22.42;1.5;26.67;GL
ComDragagem2030;5573;0.0;0.0;14.08;14.08;CGNC
ComDragagem2030;5574;0.0;0.0;4.83;4.83;GL
ComDragagem2030;5575;6.75;35.75;5.25;47.75;CGC
ComDragagem2030;5576;7.92;49.42;6.17;63.5;CGC
ComDragagem2030;5577;4.75;33.58;5.25;43.58;CGC
ComDragagem2030;5578;44.92;19.67;3.83;68.42;CGC
ComDragagem2030;5579;23.58;205.0;9.33;237.92;GSA - E
ComDragagem2030;5580;23.58;202.92;9.33;235.83;GSA - E
ComDragagem2030;5581;22.75;205.42;10.75;238.92;GSA - E
ComDragagem2030;5582;19.42;216.17;1.25;236.83;GSA - E
ComDragagem2030;5583;0.0;11.33;5.5;16.83;CGNC
ComDragagem2030;5584;22.75;193.58;23.58;239.92;GSA - E
ComDragagem2030;5585;22.75;193.58;23.58;239.92;GSA - E
ComDragagem2030;5586;1.25;35.25;0.0;36.5;GSM - I
ComDragagem2030;5587;21.08;204.75;7.75;233.58;GL
ComDragagem2030;5588;6.92;0.08;58.0;65.0;CGC
ComDragagem2030;5589;76.33;1.83;1.42;79.58;CGC
ComDragagem2030;5590;8.83;55.17;28.42;92.42;CGC
ComDragagem2030;5591;4.33;15.83;23.58;43.75;CGC
ComDragagem2030;5592;6.92;39.33;22.58;68.83;CGC
ComDragagem2030;5593;7.42;52.33;3.08;62.83;GL
ComDragagem2030;5594;7.25;82.08;0.0;89.33;GSM - I
ComDragagem2030;5595;0.0;0.0;5.0;5.0;RORO
ComDragagem2030;5596;2.08;26.67;5.17;33.92;GL
ComDragagem2030;5597;0.0;0.0;1.83;1.83;GL
ComDragagem2030;5598;19.42;216.25;3.17;238.83;GSA - E
ComDragagem2030;5599;13.83;13.92;1.75;29.5;GSA - E
ComDragagem2030;5600;0.0;0.0;0.58;0.58;GL
ComDragagem2030;5601;7.92;36.0;1.0;44.92;CGC
ComDragagem2030;5602;21.92;175.33;9.33;206.58;GSA - E
ComDragagem2030;5603;21.92;176.42;9.33;207.67;GSA - E
ComDragagem2030;5604;47.25;153.25;9.17;209.67;GSA - E
ComDragagem2030;5605;9.67;48.0;17.33;75.0;CGC
ComDragagem2030;5606;9.92;66.25;5.92;82.08;CGC
ComDragagem2030;5607;8.08;45.75;10.17;64.0;CGNC
ComDragagem2030;5608;19.67;177.92;12.08;209.67;CGNC
ComDragagem2030;5609;46.92;143.25;17.5;207.67;GSA - E
ComDragagem2030;5610;46.92;143.25;17.5;207.67;GSA - E
ComDragagem2030;5611;8.67;0.0;59.67;68.33;CGC
ComDragagem2030;5612;8.67;50.25;24.25;83.17;CGC
ComDragagem2030;5613;45.0;161.08;3.67;209.75;GSA - E
ComDragagem2030;5614;84.5;124.75;1.58;210.83;GSA - E
ComDragagem2030;5615;0.0;3.0;4.58;7.58;RORO
ComDragagem2030;5616;0.0;0.0;3.08;3.08;CGNC
ComDragagem2030;5617;18.17;190.5;3.17;211.83;GSA - E
ComDragagem2030;5618;3.5;30.75;0.42;34.67;CGC
ComDragagem2030;5619;5.67;37.83;0.42;43.92;CGC
ComDragagem2030;5620;14.17;167.08;1.25;182.5;GSA - E
ComDragagem2030;5621;4.67;47.92;1.08;53.67;CGC
ComDragagem2030;5622;4.5;0.0;39.83;44.33;CGC
ComDragagem2030;5623;4.5;0.0;54.42;58.92;CGC
ComDragagem2030;5624;5.75;26.25;34.67;66.67;CGC
ComDragagem2030;5625;70.67;110.33;1.58;182.58;GSA - E
ComDragagem2030;5626;1.17;8.58;0.0;9.75;RORO
ComDragagem2030;5627;26.0;144.83;13.75;184.58;GSA - E
ComDragagem2030;5628;3.92;28.75;0.0;32.67;GL
ComDragagem2030;5629;70.5;108.75;2.25;181.5;GSA - E
ComDragagem2030;5630;2.5;17.83;11.08;31.42;CGC
ComDragagem2030;5631;12.17;10.25;6.17;28.58;CGC
ComDragagem2030;5632;13.5;141.42;3.58;158.5;GL
ComDragagem2030;5633;3.33;49.08;6.25;58.67;CGC
ComDragagem2030;5634;3.83;32.42;4.67;40.92;CGC
ComDragagem2030;5635;4.0;44.92;0.0;48.92;CGC
ComDragagem2030;5636;12.92;131.5;12.08;156.5;CGNC
ComDragagem2030;5637;3.17;9.58;35.42;48.17;CGC
ComDragagem2030;5638;30.0;125.92;2.58;158.5;GSA - E
ComDragagem2030;5639;0.67;11.67;0.0;12.33;GSA - E
ComDragagem2030;5640;22.08;126.25;9.17;157.5;GSA - E
ComDragagem2030;5641;4.25;32.67;9.5;46.42;GL
ComDragagem2030;5642;2.58;18.58;5.83;27.0;GL
ComDragagem2030;5643;0.67;5.5;0.0;6.17;GL
ComDragagem2030;5644;1.83;28.25;3.25;33.33;CGC
ComDragagem2030;5645;1.83;18.5;3.25;23.58;CGC
ComDragagem2030;5646;6.67;6.75;1.75;15.17;CGC
ComDragagem2030;5647;11.5;118.25;3.58;133.33;GL
ComDragagem2030;5648;12.5;113.17;2.58;128.25;GSA - E
ComDragagem2030;5649;12.0;109.17;8.08;129.25;GSA - E
ComDragagem2030;5650;3.17;29.08;6.5;38.75;CGC
ComDragagem2030;5651;4.75;41.67;10.58;57.0;CGC
ComDragagem2030;5652;2.67;39.17;8.08;49.92;CGC
ComDragagem2030;5653;5.0;68.17;0.0;73.17;CGC
ComDragagem2030;5654;3.33;35.5;8.08;46.92;CGC
ComDragagem2030;5655;4.0;62.75;0.0;66.75;CGC
ComDragagem2030;5656;41.25;76.08;10.92;128.25;GSA - E
ComDragagem2030;5657;1.25;11.67;0.92;13.83;CGC
ComDragagem2030;5658;1.67;36.58;1.92;40.17;GSM - I
ComDragagem2030;5659;28.75;100.83;1.92;131.5;GSA - E
ComDragagem2030;5660;0.0;0.0;2.25;2.25;RORO
ComDragagem2030;5661;1.17;30.92;0.0;32.08;GSA - E
ComDragagem2030;5662;3.83;24.42;5.83;34.08;GL
ComDragagem2030;5663;0.0;2.25;1.83;4.08;GL
ComDragagem2030;5664;1.42;0.0;5.75;7.17;GL
ComDragagem2030;5665;3.67;44.25;0.33;48.25;CGC
ComDragagem2030;5666;3.67;40.5;0.33;44.5;CGC
ComDragagem2030;5667;1.83;11.5;0.0;13.33;CGC
ComDragagem2030;5668;5.42;11.92;0.17;17.5;CGC
ComDragagem2030;5669;4.83;40.08;0.33;45.25;CGC
ComDragagem2030;5670;8.08;96.67;2.42;107.17;GSA - I
ComDragagem2030;5671;11.0;88.08;0.0;99.08;GSA - E
ComDragagem2030;5672;0.0;0.0;1.08;1.08;GL
ComDragagem2030;5673;4.75;40.75;8.92;54.42;CGC
ComDragagem2030;5674;75.5;26.67;0.0;102.17;CGC
ComDragagem2030;5675;4.75;59.42;10.5;74.67;CGC
ComDragagem2030;5676;5.0;69.42;0.0;74.42;CGC
ComDragagem2030;5677;5.17;62.0;0.0;67.17;CGC
ComDragagem2030;5678;10.58;79.17;13.42;103.17;GSA - E
ComDragagem2030;5679;0.0;0.0;2.58;2.58;GSM - I
ComDragagem2030;5680;0.0;3.67;0.0;3.67;CGC
ComDragagem2030;5681;1.25;13.67;0.0;14.92;CGC
ComDragagem2030;5682;1.58;8.67;2.5;12.75;GL
ComDragagem2030;5683;7.67;93.83;2.75;104.25;GSM - I
ComDragagem2030;5684;0.0;0.0;9.0;9.0;GL
ComDragagem2030;5685;3.17;21.25;8.83;33.25;GL
ComDragagem2030;5686;1.17;0.0;4.75;5.92;CGNC
ComDragagem2030;5687;0.0;0.0;0.92;0.92;CGNC
ComDragagem2030;5688;4.17;44.17;9.92;58.25;CGC
ComDragagem2030;5689;3.67;32.25;0.0;35.92;CGC
ComDragagem2030;5690;13.08;54.25;5.25;72.58;GSA - E
ComDragagem2030;5691;13.92;54.25;5.25;73.42;GSA - E
ComDragagem2030;5692;8.83;65.17;0.0;74.0;CGC
ComDragagem2030;5693;14.08;52.08;8.83;75.0;GSA - E
ComDragagem2030;5694;13.08;50.67;8.83;72.58;GSA - E
ComDragagem2030;5695;8.5;70.17;2.42;81.08;GL
ComDragagem2030;5696;0.0;0.0;0.0;0.0;CGC
ComDragagem2030;5697;0.5;9.58;11.67;21.75;CGC
ComDragagem2030;5698;1.83;24.33;11.67;37.83;CGC
ComDragagem2030;5699;1.25;0.83;10.42;12.5;CGC
ComDragagem2030;5700;1.25;9.5;11.67;22.42;CGC
ComDragagem2030;5701;13.25;63.83;0.0;77.08;GSA - E
ComDragagem2030;5702;0.0;0.0;0.0;0.0;RORO
ComDragagem2030;5703;0.5;19.17;0.0;19.67;GSA - E
ComDragagem2030;5704;0.17;0.0;3.0;3.17;GSA - E
ComDragagem2030;5705;11.25;56.33;4.58;72.17;GSA - E
ComDragagem2030;5706;2.0;0.25;8.08;10.33;GSM - I
ComDragagem2030;5707;4.08;11.25;10.67;26.0;GSM - I
ComDragagem2030;5708;0.0;0.0;1.33;1.33;GL
ComDragagem2030;5709;0.33;0.0;1.67;2.0;PASSAGEIROS
ComDragagem2030;5710;0.0;0.0;3.67;3.67;CGNC
ComDragagem2030;5711;0.0;0.0;1.92;1.92;GL
ComDragagem2030;5712;0.0;0.0;9.08;9.08;GL
ComDragagem2030;5713;9.0;49.08;11.75;69.83;CGC
ComDragagem2030;5714;3.67;43.83;3.75;51.25;CGC
ComDragagem2030;5715;3.67;43.5;11.75;58.92;CGC
ComDragagem2030;5716;12.75;45.33;11.75;69.83;CGC
ComDragagem2030;5717;8.0;59.83;0.0;67.83;GSA - E
ComDragagem2030;5718;8.0;58.83;0.0;66.83;GSA - E
ComDragagem2030;5719;7.75;57.92;5.25;70.92;GSA - E
ComDragagem2030;5720;7.5;58.42;5.0;70.92;CGC
ComDragagem2030;5721;1.58;0.17;23.08;24.83;CGNC
ComDragagem2030;5722;12.5;50.58;8.83;71.92;GSA - E
ComDragagem2030;5723;0.0;0.0;1.25;1.25;GL
ComDragagem2030;5724;7.0;61.83;0.0;68.83;GSA - I
ComDragagem2030;5725;0.0;1.08;11.67;12.75;CGC
ComDragagem2030;5726;1.25;12.17;9.67;23.08;CGC
ComDragagem2030;5727;2.5;3.17;51.08;56.75;CGC
ComDragagem2030;5728;2.5;5.33;51.33;59.17;CGC
ComDragagem2030;5729;7.25;12.33;49.25;68.83;CGC
ComDragagem2030;5730;2.5;33.75;11.67;47.92;CGC
ComDragagem2030;5731;3.83;44.17;1.83;49.83;GL
ComDragagem2030;5732;6.0;66.0;0.0;72.0;GSM - I
ComDragagem2030;5733;3.0;62.83;0.0;65.83;GSA - E
ComDragagem2030;5734;0.0;11.0;6.25;17.25;GL
ComDragagem2030;5735;3.83;38.75;7.5;50.08;GL
ComDragagem2030;5736;0.0;0.0;0.0;0.0;GL
ComDragagem2030;5737;0.0;0.0;0.33;0.33;GL
ComDragagem2030;5738;7.17;25.92;11.75;44.83;CGC
ComDragagem2030;5739;6.5;32.17;0.0;38.67;GSA - E
ComDragagem2030;5740;6.33;35.25;0.0;41.58;GSA - E
ComDragagem2030;5741;6.33;35.33;0.0;41.67;GSA - E
ComDragagem2030;5742;6.17;37.67;0.0;43.83;CGC
ComDragagem2030;5743;6.17;36.58;0.0;42.75;CGC
ComDragagem2030;5744;6.0;28.08;7.67;41.75;CGNC
ComDragagem2030;5745;6.33;28.17;5.17;39.67;GSA - E
ComDragagem2030;5746;9.25;26.42;4.0;39.67;GSA - E
ComDragagem2030;5747;6.33;28.17;5.17;39.67;GSA - E
ComDragagem2030;5748;6.0;23.83;7.67;37.5;CGNC
ComDragagem2030;5749;6.0;12.33;25.5;43.83;CGC
ComDragagem2030;5750;8.75;33.0;0.0;41.75;GSA - E
ComDragagem2030;5751;0.0;0.0;1.58;1.58;RORO
ComDragagem2030;5752;5.83;33.83;0.0;39.67;GSA - E
ComDragagem2030;5753;15.25;24.33;0.0;39.58;GSA - E
ComDragagem2030;5754;15.67;25.0;0.0;40.67;GSA - E
ComDragagem2030;5755;0.0;0.0;0.0;0.0;CGNC
ComDragagem2030;5756;0.0;0.0;0.33;0.33;CGNC
ComDragagem2030;5757;0.17;0.0;0.58;0.75;GSA - E
ComDragagem2030;5758;4.92;8.67;0.0;13.58;GL
ComDragagem2030;5759;5.0;8.58;0.0;13.58;GSA - E
ComDragagem2030;5760;4.83;8.67;0.0;13.5;CGC
ComDragagem2030;5761;9.08;4.42;0.0;13.5;CGC
ComDragagem2030;5762;4.75;0.0;8.75;13.5;CGC
ComDragagem2030;5763;4.75;8.75;0.0;13.5;CGC
ComDragagem2030;5764;4.75;8.75;0.0;13.5;CGC
ComDragagem2030;5765;9.17;6.5;0.0;15.67;GSA - E
ComDragagem2030;5766;0.0;6.42;0.0;6.42;RORO
ComDragagem2030;5767;5.92;7.0;2.67;15.58;GSA - E
ComDragagem2030;5768;0.0;5.17;0.0;5.17;GL
ComDragagem2030;5769;1.0;0.0;2.58;3.58;PASSAGEIROS
