DATETIME;SUNSET;SUNRISE
2025-01-01;05:20:00;18:57:00
2025-01-02;05:21:00;18:58:00
2025-01-03;05:21:00;18:58:00
2025-01-04;05:22:00;18:58:00
2025-01-05;05:23:00;18:58:00
2025-01-06;05:23:00;18:58:00
2025-01-07;05:24:00;18:59:00
2025-01-08;05:25:00;18:59:00
2025-01-09;05:25:00;18:59:00
2025-01-10;05:26:00;18:59:00
2025-01-11;05:27:00;18:59:00
2025-01-12;05:28:00;18:59:00
2025-01-13;05:28:00;18:59:00
2025-01-14;05:29:00;18:59:00
2025-01-15;05:30:00;18:59:00
2025-01-16;05:31:00;18:59:00
2025-01-17;05:31:00;18:59:00
2025-01-18;05:32:00;18:59:00
2025-01-19;05:33:00;18:58:00
2025-01-20;05:34:00;18:58:00
2025-01-21;05:34:00;18:58:00
2025-01-22;05:35:00;18:58:00
2025-01-23;05:36:00;18:58:00
2025-01-24;05:37:00;18:57:00
2025-01-25;05:37:00;18:57:00
2025-01-26;05:38:00;18:57:00
2025-01-27;05:39:00;18:57:00
2025-01-28;05:39:00;18:56:00
2025-01-29;05:40:00;18:56:00
2025-01-30;05:41:00;18:55:00
2025-01-31;05:42:00;18:55:00
2025-02-01;05:42:00;18:55:00
2025-02-02;05:43:00;18:54:00
2025-02-03;05:44:00;18:54:00
2025-02-04;05:44:00;18:53:00
2025-02-05;05:45:00;18:53:00
2025-02-06;05:46:00;18:52:00
2025-02-07;05:46:00;18:52:00
2025-02-08;05:47:00;18:51:00
2025-02-09;05:48:00;18:50:00
2025-02-10;05:48:00;18:50:00
2025-02-11;05:49:00;18:49:00
2025-02-12;05:50:00;18:48:00
2025-02-13;05:50:00;18:48:00
2025-02-14;05:51:00;18:47:00
2025-02-15;05:51:00;18:46:00
2025-02-16;05:52:00;18:46:00
2025-02-17;05:53:00;18:45:00
2025-02-18;05:53:00;18:44:00
2025-02-19;05:54:00;18:43:00
2025-02-20;05:54:00;18:43:00
2025-02-21;05:55:00;18:42:00
2025-02-22;05:55:00;18:41:00
2025-02-23;05:56:00;18:40:00
2025-02-24;05:57:00;18:39:00
2025-02-25;05:57:00;18:39:00
2025-02-26;05:58:00;18:38:00
2025-02-27;05:58:00;18:37:00
2025-02-28;05:59:00;18:36:00
2025-03-01;05:59:00;18:35:00
2025-03-02;06:00:00;18:34:00
2025-03-03;06:00:00;18:33:00
2025-03-04;06:01:00;18:32:00
2025-03-05;06:01:00;18:31:00
2025-03-06;06:01:00;18:30:00
2025-03-07;06:02:00;18:30:00
2025-03-08;06:02:00;18:29:00
2025-03-09;06:03:00;18:28:00
2025-03-10;06:03:00;18:27:00
2025-03-11;06:04:00;18:26:00
2025-03-12;06:04:00;18:25:00
2025-03-13;06:05:00;18:24:00
2025-03-14;06:05:00;18:23:00
2025-03-15;06:05:00;18:22:00
2025-03-16;06:06:00;18:21:00
2025-03-17;06:06:00;18:20:00
2025-03-18;06:07:00;18:19:00
2025-03-19;06:07:00;18:18:00
2025-03-20;06:08:00;18:17:00
2025-03-21;06:08:00;18:16:00
2025-03-22;06:08:00;18:15:00
2025-03-23;06:09:00;18:14:00
2025-03-24;06:09:00;18:13:00
2025-03-25;06:10:00;18:12:00
2025-03-26;06:10:00;18:11:00
2025-03-27;06:10:00;18:10:00
2025-03-28;06:11:00;18:09:00
2025-03-29;06:11:00;18:08:00
2025-03-30;06:12:00;18:07:00
2025-03-31;06:12:00;18:06:00
2025-04-01;06:12:00;18:05:00
2025-04-02;06:13:00;18:04:00
2025-04-03;06:13:00;18:03:00
2025-04-04;06:13:00;18:02:00
2025-04-05;06:14:00;18:01:00
2025-04-06;06:14:00;18:00:00
2025-04-07;06:15:00;17:59:00
2025-04-08;06:15:00;17:58:00
2025-04-09;06:15:00;17:57:00
2025-04-10;06:16:00;17:56:00
2025-04-11;06:16:00;17:55:00
2025-04-12;06:17:00;17:54:00
2025-04-13;06:17:00;17:53:00
2025-04-14;06:17:00;17:53:00
2025-04-15;06:18:00;17:52:00
2025-04-16;06:18:00;17:51:00
2025-04-17;06:19:00;17:50:00
2025-04-18;06:19:00;17:49:00
2025-04-19;06:20:00;17:48:00
2025-04-20;06:20:00;17:47:00
2025-04-21;06:20:00;17:47:00
2025-04-22;06:21:00;17:46:00
2025-04-23;06:21:00;17:45:00
2025-04-24;06:22:00;17:44:00
2025-04-25;06:22:00;17:43:00
2025-04-26;06:23:00;17:43:00
2025-04-27;06:23:00;17:42:00
2025-04-28;06:23:00;17:41:00
2025-04-29;06:24:00;17:40:00
2025-04-30;06:24:00;17:40:00
2025-05-01;06:25:00;17:39:00
2025-05-02;06:25:00;17:38:00
2025-05-03;06:26:00;17:38:00
2025-05-04;06:26:00;17:37:00
2025-05-05;06:27:00;17:36:00
2025-05-06;06:27:00;17:36:00
2025-05-07;06:28:00;17:35:00
2025-05-08;06:28:00;17:35:00
2025-05-09;06:28:00;17:34:00
2025-05-10;06:29:00;17:34:00
2025-05-11;06:29:00;17:33:00
2025-05-12;06:30:00;17:32:00
2025-05-13;06:30:00;17:32:00
2025-05-14;06:31:00;17:32:00
2025-05-15;06:31:00;17:31:00
2025-05-16;06:32:00;17:31:00
2025-05-17;06:32:00;17:30:00
2025-05-18;06:33:00;17:30:00
2025-05-19;06:33:00;17:29:00
2025-05-20;06:34:00;17:29:00
2025-05-21;06:34:00;17:29:00
2025-05-22;06:35:00;17:28:00
2025-05-23;06:35:00;17:28:00
2025-05-24;06:36:00;17:28:00
2025-05-25;06:36:00;17:28:00
2025-05-26;06:36:00;17:27:00
2025-05-27;06:37:00;17:27:00
2025-05-28;06:37:00;17:27:00
2025-05-29;06:38:00;17:27:00
2025-05-30;06:38:00;17:27:00
2025-05-31;06:39:00;17:26:00
2025-06-01;06:39:00;17:26:00
2025-06-02;06:40:00;17:26:00
2025-06-03;06:40:00;17:26:00
2025-06-04;06:40:00;17:26:00
2025-06-05;06:41:00;17:26:00
2025-06-06;06:41:00;17:26:00
2025-06-07;06:42:00;17:26:00
2025-06-08;06:42:00;17:26:00
2025-06-09;06:42:00;17:26:00
2025-06-10;06:43:00;17:26:00
2025-06-11;06:43:00;17:26:00
2025-06-12;06:43:00;17:26:00
2025-06-13;06:44:00;17:26:00
2025-06-14;06:44:00;17:26:00
2025-06-15;06:44:00;17:27:00
2025-06-16;06:45:00;17:27:00
2025-06-17;06:45:00;17:27:00
2025-06-18;06:45:00;17:27:00
2025-06-19;06:45:00;17:27:00
2025-06-20;06:46:00;17:27:00
2025-06-21;06:46:00;17:28:00
2025-06-22;06:46:00;17:28:00
2025-06-23;06:46:00;17:28:00
2025-06-24;06:46:00;17:28:00
2025-06-25;06:47:00;17:29:00
2025-06-26;06:47:00;17:29:00
2025-06-27;06:47:00;17:29:00
2025-06-28;06:47:00;17:30:00
2025-06-29;06:47:00;17:30:00
2025-06-30;06:47:00;17:30:00
2025-07-01;06:47:00;17:31:00
2025-07-02;06:47:00;17:31:00
2025-07-03;06:47:00;17:31:00
2025-07-04;06:47:00;17:32:00
2025-07-05;06:47:00;17:32:00
2025-07-06;06:47:00;17:32:00
2025-07-07;06:47:00;17:33:00
2025-07-08;06:47:00;17:33:00
2025-07-09;06:47:00;17:33:00
2025-07-10;06:47:00;17:34:00
2025-07-11;06:47:00;17:34:00
2025-07-12;06:46:00;17:35:00
2025-07-13;06:46:00;17:35:00
2025-07-14;06:46:00;17:36:00
2025-07-15;06:46:00;17:36:00
2025-07-16;06:46:00;17:36:00
2025-07-17;06:45:00;17:37:00
2025-07-18;06:45:00;17:37:00
2025-07-19;06:45:00;17:38:00
2025-07-20;06:44:00;17:38:00
2025-07-21;06:44:00;17:39:00
2025-07-22;06:44:00;17:39:00
2025-07-23;06:43:00;17:39:00
2025-07-24;06:43:00;17:40:00
2025-07-25;06:42:00;17:40:00
2025-07-26;06:42:00;17:41:00
2025-07-27;06:42:00;17:41:00
2025-07-28;06:41:00;17:42:00
2025-07-29;06:41:00;17:42:00
2025-07-30;06:40:00;17:43:00
2025-07-31;06:40:00;17:43:00
2025-08-01;06:39:00;17:43:00
2025-08-02;06:38:00;17:44:00
2025-08-03;06:38:00;17:44:00
2025-08-04;06:37:00;17:45:00
2025-08-05;06:37:00;17:45:00
2025-08-06;06:36:00;17:45:00
2025-08-07;06:35:00;17:46:00
2025-08-08;06:35:00;17:46:00
2025-08-09;06:34:00;17:47:00
2025-08-10;06:33:00;17:47:00
2025-08-11;06:32:00;17:48:00
2025-08-12;06:32:00;17:48:00
2025-08-13;06:31:00;17:48:00
2025-08-14;06:30:00;17:49:00
2025-08-15;06:29:00;17:49:00
2025-08-16;06:29:00;17:49:00
2025-08-17;06:28:00;17:50:00
2025-08-18;06:27:00;17:50:00
2025-08-19;06:26:00;17:51:00
2025-08-20;06:25:00;17:51:00
2025-08-21;06:24:00;17:51:00
2025-08-22;06:24:00;17:52:00
2025-08-23;06:23:00;17:52:00
2025-08-24;06:22:00;17:52:00
2025-08-25;06:21:00;17:53:00
2025-08-26;06:20:00;17:53:00
2025-08-27;06:19:00;17:53:00
2025-08-28;06:18:00;17:54:00
2025-08-29;06:17:00;17:54:00
2025-08-30;06:16:00;17:55:00
2025-08-31;06:15:00;17:55:00
2025-09-01;06:14:00;17:55:00
2025-09-02;06:13:00;17:56:00
2025-09-03;06:12:00;17:56:00
2025-09-04;06:11:00;17:56:00
2025-09-05;06:10:00;17:57:00
2025-09-06;06:09:00;17:57:00
2025-09-07;06:08:00;17:57:00
2025-09-08;06:07:00;17:58:00
2025-09-09;06:06:00;17:58:00
2025-09-10;06:05:00;17:58:00
2025-09-11;06:04:00;17:58:00
2025-09-12;06:03:00;17:59:00
2025-09-13;06:02:00;17:59:00
2025-09-14;06:01:00;17:59:00
2025-09-15;06:00:00;18:00:00
2025-09-17;05:58:00;18:00:00
2025-09-18;05:57:00;18:01:00
2025-09-19;05:56:00;18:01:00
2025-09-20;05:55:00;18:01:00
2025-09-21;05:54:00;18:02:00
2025-09-22;05:53:00;18:02:00
2025-09-23;05:52:00;18:02:00
2025-09-24;05:51:00;18:03:00
2025-09-25;05:50:00;18:03:00
2025-09-26;05:49:00;18:03:00
2025-09-27;05:47:00;18:04:00
2025-09-28;05:46:00;18:04:00
2025-09-29;05:45:00;18:05:00
2025-09-30;05:44:00;18:05:00
2025-10-01;05:43:00;18:05:00
2025-10-02;05:42:00;18:06:00
2025-10-03;05:41:00;18:06:00
2025-10-04;05:40:00;18:06:00
2025-10-05;05:39:00;18:07:00
2025-10-06;05:38:00;18:07:00
2025-10-07;05:37:00;18:08:00
2025-10-08;05:36:00;18:08:00
2025-10-09;05:35:00;18:08:00
2025-10-10;05:35:00;18:09:00
2025-10-11;05:34:00;18:09:00
2025-10-12;05:33:00;18:10:00
2025-10-13;05:32:00;18:10:00
2025-10-14;05:31:00;18:11:00
2025-10-15;05:30:00;18:11:00
2025-10-16;05:29:00;18:12:00
2025-10-17;05:28:00;18:12:00
2025-10-18;05:27:00;18:13:00
2025-10-19;05:26:00;18:13:00
2025-10-20;05:26:00;18:13:00
2025-10-21;05:25:00;18:14:00
2025-10-22;05:24:00;18:15:00
2025-10-23;05:23:00;18:15:00
2025-10-24;05:22:00;18:16:00
2025-10-25;05:22:00;18:16:00
2025-10-26;05:21:00;18:17:00
2025-10-27;05:20:00;18:17:00
2025-10-28;05:19:00;18:18:00
2025-10-29;05:19:00;18:18:00
2025-10-30;05:18:00;18:19:00
2025-10-31;05:17:00;18:19:00
2025-11-01;05:17:00;18:20:00
2025-11-02;05:16:00;18:21:00
2025-11-03;05:15:00;18:21:00
2025-11-04;05:15:00;18:22:00
2025-11-05;05:14:00;18:23:00
2025-11-06;05:14:00;18:23:00
2025-11-07;05:13:00;18:24:00
2025-11-08;05:13:00;18:24:00
2025-11-09;05:12:00;18:25:00
2025-11-10;05:12:00;18:26:00
2025-11-11;05:11:00;18:26:00
2025-11-12;05:11:00;18:27:00
2025-11-13;05:11:00;18:28:00
2025-11-14;05:10:00;18:28:00
2025-11-15;05:10:00;18:29:00
2025-11-16;05:10:00;18:30:00
2025-11-17;05:09:00;18:31:00
2025-11-18;05:09:00;18:31:00
2025-11-19;05:09:00;18:32:00
2025-11-20;05:08:00;18:33:00
2025-11-21;05:08:00;18:33:00
2025-11-22;05:08:00;18:34:00
2025-11-23;05:08:00;18:35:00
2025-11-24;05:08:00;18:35:00
2025-11-25;05:08:00;18:36:00
2025-11-26;05:08:00;18:37:00
2025-11-27;05:08:00;18:38:00
2025-11-28;05:07:00;18:38:00
2025-11-29;05:07:00;18:39:00
2025-11-30;05:07:00;18:40:00
2025-12-01;05:08:00;18:40:00
2025-12-02;05:08:00;18:41:00
2025-12-03;05:08:00;18:42:00
2025-12-04;05:08:00;18:43:00
2025-12-05;05:08:00;18:43:00
2025-12-06;05:08:00;18:44:00
2025-12-07;05:08:00;18:45:00
2025-12-08;05:09:00;18:45:00
2025-12-09;05:09:00;18:46:00
2025-12-10;05:09:00;18:47:00
2025-12-11;05:09:00;18:47:00
2025-12-12;05:10:00;18:48:00
2025-12-13;05:10:00;18:48:00
2025-12-14;05:10:00;18:49:00
2025-12-15;05:11:00;18:50:00
2025-12-16;05:11:00;18:50:00
2025-12-17;05:11:00;18:51:00
2025-12-18;05:12:00;18:51:00
2025-12-19;05:12:00;18:52:00
2025-12-20;05:13:00;18:52:00
2025-12-21;05:13:00;18:53:00
2025-12-22;05:14:00;18:53:00
2025-12-23;05:14:00;18:54:00
2025-12-24;05:15:00;18:54:00
2025-12-25;05:15:00;18:55:00
2025-12-26;05:16:00;18:55:00
2025-12-27;05:17:00;18:56:00
2025-12-28;05:17:00;18:56:00
2025-12-29;05:18:00;18:56:00
2025-12-30;05:18:00;18:57:00
2025-12-31;05:19:00;18:57:00
