SCENARIO_ID;ARRIVAL_ID;BEAM;LENGTH;DRAFT;IS_NEW_PANAMAX;IS_PASSENGER;IS_RORO;ARRIVAL_D;ARRIVAL_H;METOCEAN_QUEUE_TIME;BERTH_QUEUE_TIME;CHANNEL_QUEUE_TIME;TOTAL_QUEUE_TIME;TERMINAL;MARKET_CATEGORY;BERTH_ID;BERTH;IN_SEG1_ARR_D;IN_SEG1_ARR_H;IN_SEG1_DP_D;IN_SEG1_DP_H;IN_SEG2_ARR_D;IN_SEG2_ARR_H;IN_SEG2_DP_D;IN_SEG2_DP_H;IN_SEG3_ARR_D;IN_SEG3_ARR_H;IN_SEG3_DP_D;IN_SEG3_DP_H;IN_SEG4_ARR_D;IN_SEG4_ARR_H;IN_SEG4_DP_D;IN_SEG4_DP_H;IN_SEG5_ARR_D;IN_SEG5_ARR_H;IN_SEG5_DP_D;IN_SEG5_DP_H;IN_SEG6_ARR_D;IN_SEG6_ARR_H;IN_SEG6_DP_D;IN_SEG6_DP_H;IN_SEG7_ARR_D;IN_SEG7_ARR_H;IN_SEG7_DP_D;IN_SEG7_DP_H;IN_SEG8_ARR_D;IN_SEG8_ARR_H;IN_SEG8_DP_D;IN_SEG8_DP_H;IN_SEG9_ARR_D;IN_SEG9_ARR_H;IN_SEG9_DP_D;IN_SEG9_DP_H;IN_SEG10_ARR_D;IN_SEG10_ARR_H;IN_SEG10_DP_D;IN_SEG10_DP_H;IN_SEG11_ARR_D;IN_SEG11_ARR_H;IN_SEG11_DP_D;IN_SEG11_DP_H;IN_SEG12_ARR_D;IN_SEG12_ARR_H;IN_SEG12_DP_D;IN_SEG12_DP_H;IN_SEG13_ARR_D;IN_SEG13_ARR_H;IN_SEG13_DP_D;IN_SEG13_DP_H;IN_SEG14_ARR_D;IN_SEG14_ARR_H;IN_SEG14_DP_D;IN_SEG14_DP_H;IN_SEG15_ARR_D;IN_SEG15_ARR_H;IN_SEG15_DP_D;IN_SEG15_DP_H;IN_SEG16_ARR_D;IN_SEG16_ARR_H;IN_SEG16_DP_D;IN_SEG16_DP_H;IN_SEG17_ARR_D;IN_SEG17_ARR_H;IN_SEG17_DP_D;IN_SEG17_DP_H;BERTH_ARR_D;BERTH_ARR_H;OPERATION_START_D;OPERATION_START_H;OPERATION_END_D;OPERATION_END_H;BERTH_DP_D;BERTH_DP_H;OUT_SEG17_ARR_D;OUT_SEG17_ARR_H;OUT_SEG17_DP_D;OUT_SEG17_DP_H;OUT_SEG16_ARR_D;OUT_SEG16_ARR_H;OUT_SEG16_DP_D;OUT_SEG16_DP_H;OUT_SEG15_ARR_D;OUT_SEG15_ARR_H;OUT_SEG15_DP_D;OUT_SEG15_DP_H;OUT_SEG14_ARR_D;OUT_SEG14_ARR_H;OUT_SEG14_DP_D;OUT_SEG14_DP_H;OUT_SEG13_ARR_D;OUT_SEG13_ARR_H;OUT_SEG13_DP_D;OUT_SEG13_DP_H;OUT_SEG12_ARR_D;OUT_SEG12_ARR_H;OUT_SEG12_DP_D;OUT_SEG12_DP_H;OUT_SEG11_ARR_D;OUT_SEG11_ARR_H;OUT_SEG11_DP_D;OUT_SEG11_DP_H;OUT_SEG10_ARR_D;OUT_SEG10_ARR_H;OUT_SEG10_DP_D;OUT_SEG10_DP_H;OUT_SEG9_ARR_D;OUT_SEG9_ARR_H;OUT_SEG9_DP_D;OUT_SEG9_DP_H;OUT_SEG8_ARR_D;OUT_SEG8_ARR_H;OUT_SEG8_DP_D;OUT_SEG8_DP_H;OUT_SEG7_ARR_D;OUT_SEG7_ARR_H;OUT_SEG7_DP_D;OUT_SEG7_DP_H;OUT_SEG6_ARR_D;OUT_SEG6_ARR_H;OUT_SEG6_DP_D;OUT_SEG6_DP_H;OUT_SEG5_ARR_D;OUT_SEG5_ARR_H;OUT_SEG5_DP_D;OUT_SEG5_DP_H;OUT_SEG4_ARR_D;OUT_SEG4_ARR_H;OUT_SEG4_DP_D;OUT_SEG4_DP_H;OUT_SEG3_ARR_D;OUT_SEG3_ARR_H;OUT_SEG3_DP_D;OUT_SEG3_DP_H;OUT_SEG2_ARR_D;OUT_SEG2_ARR_H;OUT_SEG2_DP_D;OUT_SEG2_DP_H;OUT_SEG1_ARR_D;OUT_SEG1_ARR_H;OUT_SEG1_DP_D;OUT_SEG1_DP_H;NON_PRODUCTIVE_TIME_SPENT
S20254;1;32.0;229.07;7.56;0;0;0;-8;03:04;260.17;0.0;1.58;261.75;AUTORIDADE_PONTA;CGNC;28;BERÇO ARM 37;3;00:50;3;01:10;3;01:10;3;01:15;3;01:15;3;01:20;3;01:20;3;01:55;;;;;;;;;;;;;;;;;;;;;;;;;;;;;;;;;;;;;;;;;;;;;;;;;;;;;3;01:55;3;01:55;5;19:45;5;19:45;;;;;;;;;;;;;;;;;;;;;;;;;;;;;;;;;;;;;;;;;;;;;;;;;;;;;5;19:45;5;19:55;5;19:55;5;20:00;5;20:00;5;20:05;5;20:05;5;20:25;
S20254;6;33.0;209.75;11.0;0;0;0;-8;11:24;204.58;12.08;0.0;216.67;SANTOSBR;CGC;53;BERÇO TECON 1.2;1;12:05;1;12:25;1;12:25;1;12:30;1;12:30;1;12:35;1;12:35;1;12:40;1;12:40;1;12:45;1;12:45;1;13:00;;;;;;;;;;;;;;;;;;;;;;;;;;;;;;;;;;;;;;;;;;;;;1;13:00;1;13:00;2;06:50;2;08:00;;;;;;;;;;;;;;;;;;;;;;;;;;;;;;;;;;;;;;;;;;;;;2;08:00;2;08:30;2;08:30;2;08:35;2;08:35;2;08:40;2;08:40;2;08:45;2;08:45;2;08:50;2;08:50;2;09:10;
S20254;15;32.0;189.99;12.74;0;0;0;-7;03:18;380.67;0.0;0.5;381.17;TERMAG;GSM - I;57;BERÇO TERMAG;9;00:30;9;00:50;9;00:50;9;00:55;9;00:55;9;01:00;9;01:00;9;01:05;9;01:05;9;01:20;;;;;;;;;;;;;;;;;;;;;;;;;;;;;;;;;;;;;;;;;;;;;;;;;9;01:20;9;01:20;14;17:10;;;;;;;;;;;;;;;;;;;;;;;;;;;;;;;;;;;;;;;;;;;;;;;;;;;;;;;;;;;;;;;;;;;;;;;
S20254;30;32.0;225.0;9.0;0;0;0;-6;03:00;165.0;16.75;1.33;183.08;DPW - CGNC;CGNC;45;BERÇO DPW 4;1;18:05;1;18:25;1;18:25;1;18:30;1;18:30;1;18:35;1;18:35;1;18:40;1;18:40;1;18:45;1;18:45;1;18:50;1;18:50;1;18:55;1;18:55;1;19:00;1;19:00;1;19:05;1;19:05;1;19:40;;;;;;;;;;;;;;;;;;;;;;;;;;;;;1;19:40;1;19:40;8;16:20;8;18:00;;;;;;;;;;;;;;;;;;;;;;;;;;;;;8;18:00;8;18:10;8;18:10;8;18:15;8;18:15;8;18:20;8;18:20;8;18:25;8;18:25;8;18:30;8;18:30;8;18:35;8;18:35;8;18:40;8;18:40;8;18:45;8;18:45;8;18:50;8;18:50;8;19:10;
S20254;73;32.3;189.99;6.19;0;0;0;-3;07:00;89.0;0.0;0.0;89.0;TIPLAM - GSA - E;GSA - E;61;BERÇO TIPLAM 2;1;00:00;1;00:20;1;00:20;1;00:25;1;00:25;1;00:30;1;00:30;1;00:35;1;00:35;1;00:40;1;00:40;1;00:45;1;00:45;1;00:50;1;00:50;1;00:55;1;00:55;1;01:00;1;01:00;1;01:05;1;01:05;1;01:10;1;01:10;1;01:15;1;01:15;1;01:20;1;01:20;1;01:25;1;01:25;1;01:30;1;01:30;1;01:45;1;01:45;1;02:30;1;02:30;1;02:30;3;19:50;3;20:20;3;20:20;3;20:30;3;20:30;3;20:45;3;20:45;3;20:50;3;20:50;3;20:55;3;20:55;3;21:00;3;21:00;3;21:05;3;21:05;3;21:10;3;21:10;3;21:15;3;21:15;3;21:20;3;21:20;3;21:25;3;21:25;3;21:30;3;21:30;3;21:35;3;21:35;3;21:40;3;21:40;3;21:45;3;21:45;3;21:50;3;21:50;3;21:55;3;21:55;3;22:15;
S20254;81;33.0;180.4;10.28;0;0;0;-3;13:00;83.0;0.0;0.75;83.75;BRACELL;CGNC;27;BERÇO ARM 35P2;1;00:45;1;01:05;1;01:05;1;01:10;1;01:10;1;01:15;1;01:15;1;01:20;1;01:20;1;01:25;1;01:25;1;01:40;;;;;;;;;;;;;;;;;;;;;;;;;;;;;;;;;;;;;;;;;;;;;1;01:40;1;01:40;7;18:05;7;18:05;;;;;;;;;;;;;;;;;;;;;;;;;;;;;;;;;;;;;;;;;;;;;7;18:05;7;18:35;7;18:35;7;18:40;7;18:40;7;18:45;7;18:45;7;18:50;7;18:50;7;18:55;7;18:55;7;19:15;
S20254;83;32.0;263.23;10.1;0;0;0;-3;13:30;106.5;9.25;0.0;115.75;DPW - CGC;CGC;42;BERÇO DPW 1;2;09:15;2;09:35;2;09:35;2;09:40;2;09:40;2;09:45;2;09:45;2;09:50;2;09:50;2;09:55;2;09:55;2;10:00;2;10:00;2;10:05;2;10:05;2;10:10;2;10:10;2;10:15;2;10:15;2;10:20;2;10:20;2;10:35;;;;;;;;;;;;;;;;;;;;;;;;;2;10:35;2;10:35;2;21:55;2;22:05;;;;;;;;;;;;;;;;;;;;;;;;;2;22:05;2;22:35;2;22:35;2;22:40;2;22:40;2;22:45;2;22:45;2;22:50;2;22:50;2;22:55;2;22:55;2;23:00;2;23:00;2;23:05;2;23:05;2;23:10;2;23:10;2;23:15;2;23:15;2;23:20;2;23:20;2;23:40;
S20254;85;33.0;199.9;7.5;0;0;0;-3;16:30;79.5;0.0;5.0;84.5;AUTORIDADE_SABOO;CGNC;39;BERÇO CS 04;1;05:00;1;05:20;1;05:20;1;05:25;1;05:25;1;05:30;1;05:30;1;05:35;1;05:35;1;05:40;1;05:40;1;05:45;1;05:45;1;05:50;1;05:50;1;05:55;1;05:55;1;06:00;1;06:00;1;06:05;1;06:05;1;06:10;1;06:10;1;06:45;;;;;;;;;;;;;;;;;;;;;1;06:45;1;06:45;5;13:10;5;13:10;;;;;;;;;;;;;;;;;;;;;5;13:10;5;13:20;5;13:20;5;13:25;5;13:25;5;13:30;5;13:30;5;13:35;5;13:35;5;13:40;5;13:40;5;13:45;5;13:45;5;13:50;5;13:50;5;13:55;5;13:55;5;14:00;5;14:00;5;14:05;5;14:05;5;14:10;5;14:10;5;14:30;
S20254;90;28.0;179.99;8.0;0;0;0;-3;22:48;73.17;17.83;0.0;91.0;AGEO_TERMINAIS;GL;1;BERÇO Ageo I;1;17:50;1;18:10;1;18:10;1;18:15;1;18:15;1;18:20;1;18:20;1;18:25;1;18:25;1;18:30;1;18:30;1;18:35;1;18:35;1;18:40;1;18:40;1;18:45;1;18:45;1;18:50;1;18:50;1;18:55;1;18:55;1;19:00;1;19:00;1;19:35;;;;;;;;;;;;;;;;;;;;;1;19:35;1;19:35;4;21:15;4;21:15;;;;;;;;;;;;;;;;;;;;;4;21:15;4;21:25;4;21:25;4;21:30;4;21:30;4;21:35;4;21:35;4;21:40;4;21:40;4;21:45;4;21:45;4;21:50;4;21:50;4;21:55;4;21:55;4;22:00;4;22:00;4;22:05;4;22:05;4;22:10;4;22:10;4;22:15;4;22:15;4;22:35;
S20254;91;29.0;175.53;9.94;0;0;0;-2;01:00;191.0;0.0;0.0;191.0;TIPLAM - GSM - I;GSM - I;61;BERÇO TIPLAM 2;6;00:00;6;00:20;6;00:20;6;00:25;6;00:25;6;00:30;6;00:30;6;00:35;6;00:35;6;00:40;6;00:40;6;00:45;6;00:45;6;00:50;6;00:50;6;00:55;6;00:55;6;01:00;6;01:00;6;01:05;6;01:05;6;01:10;6;01:10;6;01:15;6;01:15;6;01:20;6;01:20;6;01:25;6;01:25;6;01:30;6;01:30;6;01:45;6;01:45;6;02:00;6;02:00;6;02:00;12;19:55;;;;;;;;;;;;;;;;;;;;;;;;;;;;;;;;;;;;;;;;;;;;;;;;;;;;;;;;;;;;;;;;;;;;;;;
S20254;96;37.0;227.92;9.9;0;0;0;-2;12:30;59.5;6.92;0.0;66.42;SANTOSBR;CGC;52;BERÇO TECON 1.1;1;06:55;1;07:15;1;07:15;1;07:20;1;07:20;1;07:25;1;07:25;1;07:30;1;07:30;1;07:35;1;07:35;1;08:10;;;;;;;;;;;;;;;;;;;;;;;;;;;;;;;;;;;;;;;;;;;;;1;08:10;1;08:10;1;15:15;1;16:05;;;;;;;;;;;;;;;;;;;;;;;;;;;;;;;;;;;;;;;;;;;;;1;16:05;1;16:15;1;16:15;1;16:20;1;16:20;1;16:25;1;16:25;1;16:30;1;16:30;1;16:35;1;16:35;1;16:55;
S20254;100;43.0;346.98;9.8;1;0;0;-2;23:06;57.92;3.33;0.0;61.25;SANTOSBR;CGC;54;BERÇO TECON 2;1;12:25;1;12:50;1;12:50;1;12:55;1;12:55;1;13:00;1;13:00;1;13:05;1;13:05;1;13:10;1;13:10;1;13:25;;;;;;;;;;;;;;;;;;;;;;;;;;;;;;;;;;;;;;;;;;;;;1;13:25;1;13:25;2;00:45;2;00:55;;;;;;;;;;;;;;;;;;;;;;;;;;;;;;;;;;;;;;;;;;;;;2;00:55;2;01:25;2;01:25;2;01:30;2;01:30;2;01:35;2;01:35;2;01:40;2;01:40;2;01:45;2;01:45;2;02:10;
S20254;103;48.0;328.46;14.5;0;0;0;-1;05:06;42.83;0.0;0.25;43.08;BTP;CGC;32;BERÇO BTP 1;1;00:15;1;00:35;1;00:35;1;00:40;1;00:40;1;00:45;1;00:45;1;00:50;1;00:50;1;00:55;1;00:55;1;01:00;1;01:00;1;01:05;1;01:05;1;01:10;1;01:10;1;01:15;1;01:15;1;01:20;1;01:20;1;01:25;1;01:25;1;01:30;1;01:30;1;01:45;;;;;;;;;;;;;;;;;1;01:45;1;01:45;2;08:10;2;14:45;;;;;;;;;;;;;;;;;2;14:45;2;15:15;2;15:15;2;15:20;2;15:20;2;15:25;2;15:25;2;15:30;2;15:30;2;15:35;2;15:35;2;15:40;2;15:40;2;15:45;2;15:45;2;15:50;2;15:50;2;15:55;2;15:55;2;16:00;2;16:00;2;16:05;2;16:05;2;16:10;2;16:10;2;16:30;
S20254;107;28.0;179.99;9.33;0;0;0;-1;09:00;39.0;0.0;0.5;39.5;OUTROS_SABOO;CGNC;36;BERÇO CS 01;1;00:30;1;00:50;1;00:50;1;00:55;1;00:55;1;01:00;1;01:00;1;01:05;1;01:05;1;01:10;1;01:10;1;01:15;1;01:15;1;01:20;1;01:20;1;01:25;1;01:25;1;01:30;1;01:30;1;01:35;1;01:35;1;01:40;1;01:40;1;01:55;;;;;;;;;;;;;;;;;;;;;1;01:55;1;01:55;8;02:10;8;06:30;;;;;;;;;;;;;;;;;;;;;8;06:30;8;07:00;8;07:00;8;07:05;8;07:05;8;07:10;8;07:10;8;07:15;8;07:15;8;07:20;8;07:20;8;07:25;8;07:25;8;07:30;8;07:30;8;07:35;8;07:35;8;07:40;8;07:40;8;07:45;8;07:45;8;07:50;8;07:50;8;08:10;
S20254;109;32.0;189.99;6.25;0;0;0;-1;10:06;61.83;12.67;0.0;74.5;AUTORIDADE_OUT;CGNC;14;BERÇO ARM 20/21;2;12:40;2;13:00;2;13:00;2;13:05;2;13:05;2;13:10;2;13:10;2;13:15;2;13:15;2;13:20;2;13:20;2;13:25;2;13:25;2;13:30;2;13:30;2;14:05;;;;;;;;;;;;;;;;;;;;;;;;;;;;;;;;;;;;;2;14:05;2;14:05;4;04:35;4;04:35;;;;;;;;;;;;;;;;;;;;;;;;;;;;;;;;;;;;;4;04:35;4;04:45;4;04:45;4;04:50;4;04:50;4;04:55;4;04:55;4;05:00;4;05:00;4;05:05;4;05:05;4;05:10;4;05:10;4;05:15;4;05:15;4;05:35;
S20254;110;30.0;199.08;7.5;0;0;0;-1;12:55;107.08;0.0;0.25;107.33;OUTROS_OUT;CGNC;16;BERÇO ARM 23;4;00:15;4;00:35;4;00:35;4;00:40;4;00:40;4;00:45;4;00:45;4;00:50;4;00:50;4;00:55;4;00:55;4;01:00;4;01:00;4;01:15;;;;;;;;;;;;;;;;;;;;;;;;;;;;;;;;;;;;;;;;;4;01:15;4;01:15;7;21:45;7;22:10;;;;;;;;;;;;;;;;;;;;;;;;;;;;;;;;;;;;;;;;;7;22:10;7;22:40;7;22:40;7;22:45;7;22:45;7;22:50;7;22:50;7;22:55;7;22:55;7;23:00;7;23:00;7;23:05;7;23:05;7;23:25;
S20254;114;24.0;146.6;5.8;0;0;0;-1;19:54;148.08;19.92;0.0;168.0;STOLTHAVEN;GL;4;BERÇO AL 03;6;19:55;6;20:15;6;20:15;6;20:20;6;20:20;6;20:25;6;20:25;6;20:30;6;20:30;6;20:35;6;20:35;6;20:40;6;20:40;6;20:45;6;20:45;6;20:50;6;20:50;6;20:55;6;20:55;6;21:00;6;21:00;6;21:05;6;21:05;6;21:10;6;21:10;6;21:15;6;21:15;6;21:50;;;;;;;;;;;;;6;21:50;6;21:50;7;21:10;7;22:10;;;;;;;;;;;;;7;22:10;7;22:20;7;22:20;7;22:25;7;22:25;7;22:30;7;22:30;7;22:35;7;22:35;7;22:40;7;22:40;7;22:45;7;22:45;7;22:50;7;22:50;7;22:55;7;22:55;7;23:00;7;23:00;7;23:05;7;23:05;7;23:10;7;23:10;7;23:15;7;23:15;7;23:20;7;23:20;7;23:40;
S20254;115;35.0;228.95;7.3;0;0;0;-1;21:00;243.17;0.0;1.83;245.0;AUTORIDADE_PONTA;CGNC;28;BERÇO ARM 37;10;02:00;10;02:20;10;02:20;10;02:25;10;02:25;10;02:30;10;02:30;10;03:05;;;;;;;;;;;;;;;;;;;;;;;;;;;;;;;;;;;;;;;;;;;;;;;;;;;;;10;03:05;10;03:05;12;03:40;;;;;;;;;;;;;;;;;;;;;;;;;;;;;;;;;;;;;;;;;;;;;;;;;;;;;;;;;;;;;;;;;;;;;;;
S20254;116;45.86;334.8;13.9;0;0;0;-1;23:36;24.33;11.83;0.0;36.17;DPW - CGC;CGC;43;BERÇO DPW 2;1;11:50;1;12:10;1;12:10;1;12:15;1;12:15;1;12:20;1;12:20;1;12:25;1;12:25;1;12:30;1;12:30;1;12:35;1;12:35;1;12:40;1;12:40;1;12:45;1;12:45;1;12:50;1;12:50;1;12:55;1;12:55;1;13:10;;;;;;;;;;;;;;;;;;;;;;;;;1;13:10;1;13:10;3;01:10;3;01:25;;;;;;;;;;;;;;;;;;;;;;;;;3;01:25;3;01:55;3;01:55;3;02:00;3;02:00;3;02:05;3;02:05;3;02:10;3;02:10;3;02:15;3;02:15;3;02:20;3;02:20;3;02:25;3;02:25;3;02:30;3;02:30;3;02:35;3;02:35;3;02:40;3;02:40;3;03:00;
S20254;118;40.0;284.71;10.1;0;0;0;0;04:12;163.75;9.42;0.0;173.17;DPW - CGC;CGC;42;BERÇO DPW 1;7;09:25;7;09:45;7;09:45;7;09:50;7;09:50;7;09:55;7;09:55;7;10:00;7;10:00;7;10:05;7;10:05;7;10:10;7;10:10;7;10:15;7;10:15;7;10:20;7;10:20;7;10:25;7;10:25;7;10:30;7;10:30;7;10:45;;;;;;;;;;;;;;;;;;;;;;;;;7;10:45;7;10:45;8;07:15;8;07:15;;;;;;;;;;;;;;;;;;;;;;;;;8;07:15;8;07:45;8;07:45;8;07:50;8;07:50;8;07:55;8;07:55;8;08:00;8;08:00;8;08:05;8;08:05;8;08:10;8;08:10;8;08:15;8;08:15;8;08:20;8;08:20;8;08:25;8;08:25;8;08:30;8;08:30;8;08:50;
S20254;122;27.4;183.98;7.4;0;0;0;0;06:06;185.83;0.0;0.33;186.17;TRANSPETRO;GL;3;BERÇO AL 02;8;00:20;8;00:40;8;00:40;8;00:45;8;00:45;8;00:50;8;00:50;8;00:55;8;00:55;8;01:00;8;01:00;8;01:05;8;01:05;8;01:10;8;01:10;8;01:15;8;01:15;8;01:20;8;01:20;8;01:25;8;01:25;8;01:30;8;01:30;8;01:35;8;01:35;8;01:40;8;01:40;8;02:15;;;;;;;;;;;;;8;02:15;8;02:15;9;13:55;9;16:40;;;;;;;;;;;;;9;16:40;9;16:50;9;16:50;9;16:55;9;16:55;9;17:00;9;17:00;9;17:05;9;17:05;9;17:10;9;17:10;9;17:15;9;17:15;9;17:20;9;17:20;9;17:25;9;17:25;9;17:30;9;17:30;9;17:35;9;17:35;9;17:40;9;17:40;9;17:45;9;17:45;9;17:50;9;17:50;9;18:10;
S20254;125;51.0;336.0;10.8;0;0;0;0;15:00;9.0;8.75;0.0;17.75;SANTOSBR;CGC;55;BERÇO TECON 3;1;08:45;1;09:05;1;09:05;1;09:10;1;09:10;1;09:15;1;09:15;1;09:20;1;09:20;1;09:25;1;09:25;1;10:00;;;;;;;;;;;;;;;;;;;;;;;;;;;;;;;;;;;;;;;;;;;;;1;10:00;1;10:00;2;20:55;2;21:40;;;;;;;;;;;;;;;;;;;;;;;;;;;;;;;;;;;;;;;;;;;;;2;21:40;2;21:50;2;21:50;2;21:55;2;21:55;2;22:00;2;22:00;2;22:05;2;22:05;2;22:10;2;22:10;2;22:30;
S20254;128;46.0;334.8;10.1;0;0;0;0;19:12;50.83;1.92;0.33;53.08;DPW - CGC;CGC;43;BERÇO DPW 2;3;00:20;3;00:40;3;00:40;3;00:45;3;00:45;3;00:50;3;00:50;3;00:55;3;00:55;3;01:00;3;01:00;3;01:05;3;01:05;3;01:10;3;01:10;3;01:15;3;01:15;3;01:20;3;01:20;3;01:25;3;01:25;3;02:00;;;;;;;;;;;;;;;;;;;;;;;;;3;02:00;3;02:00;4;09:55;4;15:20;;;;;;;;;;;;;;;;;;;;;;;;;4;15:20;4;15:30;4;15:30;4;15:35;4;15:35;4;15:40;4;15:40;4;15:45;4;15:45;4;15:50;4;15:50;4;15:55;4;15:55;4;16:00;4;16:00;4;16:05;4;16:05;4;16:10;4;16:10;4;16:15;4;16:15;4;16:35;
S20254;129;45.0;299.9;10.1;0;0;0;0;20:54;3.08;19.17;2.58;24.83;BTP;CGC;34;BERÇO BTP 3;1;21:45;1;22:05;1;22:05;1;22:10;1;22:10;1;22:15;1;22:15;1;22:20;1;22:20;1;22:25;1;22:25;1;22:30;1;22:30;1;22:35;1;22:35;1;22:40;1;22:40;1;22:45;1;22:45;1;22:50;1;22:50;1;22:55;1;22:55;1;23:00;1;23:00;1;23:15;;;;;;;;;;;;;;;;;1;23:15;1;23:15;2;17:25;2;17:25;;;;;;;;;;;;;;;;;2;17:25;2;17:55;2;17:55;2;18:00;2;18:00;2;18:05;2;18:05;2;18:10;2;18:10;2;18:15;2;18:15;2;18:20;2;18:20;2;18:25;2;18:25;2;18:30;2;18:30;2;18:35;2;18:35;2;18:40;2;18:40;2;18:45;2;18:45;2;18:50;2;18:50;2;19:10;
S20254;130;48.0;299.99;11.3;0;0;0;1;00:45;0.0;0.0;0.33;0.33;BTP;CGC;34;BERÇO BTP 3;1;01:05;1;01:25;1;01:25;1;01:30;1;01:30;1;01:35;1;01:35;1;01:40;1;01:40;1;01:45;1;01:45;1;01:50;1;01:50;1;01:55;1;01:55;1;02:00;1;02:00;1;02:05;1;02:05;1;02:10;1;02:10;1;02:15;1;02:15;1;02:20;1;02:20;1;02:35;;;;;;;;;;;;;;;;;1;02:35;1;02:35;1;19:50;1;19:50;;;;;;;;;;;;;;;;;1;19:50;1;20:20;1;20:20;1;20:25;1;20:25;1;20:30;1;20:30;1;20:35;1;20:35;1;20:40;1;20:40;1;20:45;1;20:45;1;20:50;1;20:50;1;20:55;1;20:55;1;21:00;1;21:00;1;21:05;1;21:05;1;21:10;1;21:10;1;21:15;1;21:15;1;21:35;
S20254;131;32.0;225.0;9.25;0;0;0;1;01:10;0.0;0.0;0.17;0.17;DPW - CGNC;CGNC;44;BERÇO DPW 3;1;01:20;1;01:40;1;01:40;1;01:45;1;01:45;1;01:50;1;01:50;1;01:55;1;01:55;1;02:00;1;02:00;1;02:05;1;02:05;1;02:10;1;02:10;1;02:15;1;02:15;1;02:20;1;02:20;1;02:55;;;;;;;;;;;;;;;;;;;;;;;;;;;;;1;02:55;1;02:55;3;16:30;3;16:50;;;;;;;;;;;;;;;;;;;;;;;;;;;;;3;16:50;3;17:00;3;17:00;3;17:05;3;17:05;3;17:10;3;17:10;3;17:15;3;17:15;3;17:20;3;17:20;3;17:25;3;17:25;3;17:30;3;17:30;3;17:35;3;17:35;3;17:40;3;17:40;3;18:00;
S20254;132;32.0;258.89;9.0;0;0;0;1;01:42;0.0;0.0;0.0;0.0;SANTOSBR;CGC;53;BERÇO TECON 1.2;1;01:45;1;02:05;1;02:05;1;02:10;1;02:10;1;02:15;1;02:15;1;02:20;1;02:20;1;02:25;1;02:25;1;02:40;;;;;;;;;;;;;;;;;;;;;;;;;;;;;;;;;;;;;;;;;;;;;1;02:40;1;02:40;1;06:15;1;10:10;;;;;;;;;;;;;;;;;;;;;;;;;;;;;;;;;;;;;;;;;;;;;1;10:10;1;10:40;1;10:40;1;10:45;1;10:45;1;10:50;1;10:50;1;10:55;1;10:55;1;11:00;1;11:00;1;11:20;
S20254;133;32.0;199.9;7.6;0;0;0;1;03:12;0.33;0.0;0.0;0.33;TEAG;GSA - E;51;BERÇO TEAG;1;03:35;1;03:55;1;03:55;1;04:00;1;04:00;1;04:05;1;04:05;1;04:10;1;04:10;1;04:45;;;;;;;;;;;;;;;;;;;;;;;;;;;;;;;;;;;;;;;;;;;;;;;;;1;04:45;1;04:45;5;08:05;5;12:35;;;;;;;;;;;;;;;;;;;;;;;;;;;;;;;;;;;;;;;;;;;;;;;;;5;12:35;5;12:45;5;12:45;5;12:50;5;12:50;5;12:55;5;12:55;5;13:00;5;13:00;5;13:20;
S20254;134;28.0;186.36;9.0;0;0;0;1;06:00;0.0;12.58;0.0;12.58;SANTOSBR;CGC;52;BERÇO TECON 1.1;1;18:35;1;18:55;1;18:55;1;19:00;1;19:00;1;19:05;1;19:05;1;19:10;1;19:10;1;19:15;1;19:15;1;19:50;;;;;;;;;;;;;;;;;;;;;;;;;;;;;;;;;;;;;;;;;;;;;1;19:50;1;19:50;2;09:55;2;10:30;;;;;;;;;;;;;;;;;;;;;;;;;;;;;;;;;;;;;;;;;;;;;2;10:30;2;10:40;2;10:40;2;10:45;2;10:45;2;10:50;2;10:50;2;10:55;2;10:55;2;11:00;2;11:00;2;11:20;
S20254;135;38.0;333.33;8.6;0;1;0;1;06:25;0.0;0.0;0.25;0.25;CONCAIS;PASSAGEIROS;71;BERÇO OUT 2;1;06:40;1;07:00;1;07:00;1;07:05;1;07:05;1;07:10;1;07:10;1;07:15;1;07:15;1;07:20;1;07:20;1;07:25;1;07:25;1;08:00;;;;;;;;;;;;;;;;;;;;;;;;;;;;;;;;;;;;;;;;;1;08:00;1;08:00;1;20:10;1;20:10;;;;;;;;;;;;;;;;;;;;;;;;;;;;;;;;;;;;;;;;;1;20:10;1;20:20;1;20:20;1;20:25;1;20:25;1;20:30;1;20:30;1;20:35;1;20:35;1;20:40;1;20:40;1;20:45;1;20:45;1;21:05;
S20254;136;32.31;189.99;9.18;0;0;0;1;07:00;17.0;0.0;0.0;17.0;USIMINAS;GSM - E;67;BERÇO USIMINAS 3;2;00:00;2;00:20;2;00:20;2;00:25;2;00:25;2;00:30;2;00:30;2;00:35;2;00:35;2;00:40;2;00:40;2;00:45;2;00:45;2;00:50;2;00:50;2;00:55;2;00:55;2;01:00;2;01:00;2;01:05;2;01:05;2;01:10;2;01:10;2;01:15;2;01:15;2;01:20;2;01:20;2;01:25;2;01:25;2;01:30;2;01:30;2;01:45;2;01:45;2;02:00;2;02:00;2;02:00;7;11:25;7;11:25;7;11:25;7;11:55;7;11:55;7;12:10;7;12:10;7;12:15;7;12:15;7;12:20;7;12:20;7;12:25;7;12:25;7;12:30;7;12:30;7;12:35;7;12:35;7;12:40;7;12:40;7;12:45;7;12:45;7;12:50;7;12:50;7;12:55;7;12:55;7;13:00;7;13:00;7;13:05;7;13:05;7;13:10;7;13:10;7;13:15;7;13:15;7;13:20;7;13:20;7;13:40;
S20254;137;28.0;179.87;8.5;0;0;0;1;08:45;63.25;0.0;0.0;63.25;TIPLAM - GL;GL;60;BERÇO TIPLAM 1;4;00:00;4;00:20;4;00:20;4;00:25;4;00:25;4;00:30;4;00:30;4;00:35;4;00:35;4;00:40;4;00:40;4;00:45;4;00:45;4;00:50;4;00:50;4;00:55;4;00:55;4;01:00;4;01:00;4;01:05;4;01:05;4;01:10;4;01:10;4;01:15;4;01:15;4;01:20;4;01:20;4;01:25;4;01:25;4;01:30;4;01:30;4;01:45;4;01:45;4;02:00;4;02:00;4;02:00;5;04:30;5;06:25;5;06:25;5;07:05;5;07:05;5;07:20;5;07:20;5;07:25;5;07:25;5;07:30;5;07:30;5;07:35;5;07:35;5;07:40;5;07:40;5;07:45;5;07:45;5;07:50;5;07:50;5;07:55;5;07:55;5;08:00;5;08:00;5;08:05;5;08:05;5;08:10;5;08:10;5;08:15;5;08:15;5;08:20;5;08:20;5;08:25;5;08:25;5;08:30;5;08:30;5;08:50;
S20254;138;32.0;231.0;12.0;0;0;0;1;13:54;1.33;29.58;0.0;30.92;DPW - CGC;CGC;42;BERÇO DPW 1;2;20:50;2;21:10;2;21:10;2;21:15;2;21:15;2;21:20;2;21:20;2;21:25;2;21:25;2;21:30;2;21:30;2;21:35;2;21:35;2;21:40;2;21:40;2;21:45;2;21:45;2;21:50;2;21:50;2;21:55;2;21:55;2;22:10;;;;;;;;;;;;;;;;;;;;;;;;;2;22:10;2;22:10;3;14:10;3;14:10;;;;;;;;;;;;;;;;;;;;;;;;;3;14:10;3;14:40;3;14:40;3;14:45;3;14:45;3;14:50;3;14:50;3;14:55;3;14:55;3;15:00;3;15:00;3;15:05;3;15:05;3;15:10;3;15:10;3;15:15;3;15:15;3;15:20;3;15:20;3;15:25;3;15:25;3;15:45;
S20254;139;30.0;199.2;11.15;0;0;0;1;15:00;0.0;0.0;0.0;0.0;OUTROS_MACUCO;CGNC;73;BERÇO ARM 35P1;1;15:00;1;15:20;1;15:20;1;15:25;1;15:25;1;15:30;1;15:30;1;15:35;1;15:35;1;16:10;;;;;;;;;;;;;;;;;;;;;;;;;;;;;;;;;;;;;;;;;;;;;;;;;1;16:10;1;16:10;2;06:35;2;10:00;;;;;;;;;;;;;;;;;;;;;;;;;;;;;;;;;;;;;;;;;;;;;;;;;2;10:00;2;10:10;2;10:10;2;10:15;2;10:15;2;10:20;2;10:20;2;10:25;2;10:25;2;10:45;
S20254;140;32.0;199.98;6.48;0;0;0;1;15:36;104.33;0.0;0.92;105.25;AUTORIDADE_PONTA;CGNC;28;BERÇO ARM 37;6;00:55;6;01:15;6;01:15;6;01:20;6;01:20;6;01:25;6;01:25;6;02:00;;;;;;;;;;;;;;;;;;;;;;;;;;;;;;;;;;;;;;;;;;;;;;;;;;;;;6;02:00;6;02:00;9;06:15;9;06:55;;;;;;;;;;;;;;;;;;;;;;;;;;;;;;;;;;;;;;;;;;;;;;;;;;;;;9;06:55;9;07:05;9;07:05;9;07:10;9;07:10;9;07:15;9;07:15;9;07:35;
S20254;141;32.0;190.0;11.71;0;0;0;1;17:00;0.0;0.0;1.33;1.33;TGRAO;GSA - E;72;BERÇO OUT 3;1;18:20;1;18:40;1;18:40;1;18:45;1;18:45;1;18:50;1;18:50;1;18:55;1;18:55;1;19:00;1;19:00;1;19:05;1;19:05;1;19:40;;;;;;;;;;;;;;;;;;;;;;;;;;;;;;;;;;;;;;;;;1;19:40;1;19:40;2;01:30;2;03:45;;;;;;;;;;;;;;;;;;;;;;;;;;;;;;;;;;;;;;;;;2;03:45;2;03:55;2;03:55;2;04:00;2;04:00;2;04:05;2;04:05;2;04:10;2;04:10;2;04:15;2;04:15;2;04:20;2;04:20;2;04:40;
S20254;142;38.0;230.0;10.92;0;0;0;2;01:10;0.17;0.0;1.17;1.33;ADM;GSA - E;30;BERÇO ARM 39;2;02:30;2;02:50;2;02:50;2;02:55;2;02:55;2;03:00;2;03:00;2;03:35;;;;;;;;;;;;;;;;;;;;;;;;;;;;;;;;;;;;;;;;;;;;;;;;;;;;;2;03:35;2;03:35;3;12:50;3;13:40;;;;;;;;;;;;;;;;;;;;;;;;;;;;;;;;;;;;;;;;;;;;;;;;;;;;;3;13:40;3;13:50;3;13:50;3;13:55;3;13:55;3;14:00;3;14:00;3;14:20;
S20254;143;23.0;164.34;8.0;0;0;0;2;03:00;0.0;0.0;0.25;0.25;DOW;GL;41;BERÇO DOW;2;03:15;2;03:35;2;03:35;2;03:40;2;03:40;2;03:45;2;03:45;2;04:00;;;;;;;;;;;;;;;;;;;;;;;;;;;;;;;;;;;;;;;;;;;;;;;;;;;;;2;04:00;2;04:00;3;07:55;3;09:40;;;;;;;;;;;;;;;;;;;;;;;;;;;;;;;;;;;;;;;;;;;;;;;;;;;;;3;09:40;3;10:10;3;10:10;3;10:15;3;10:15;3;10:20;3;10:20;3;10:40;
S20254;144;50.0;305.0;8.6;0;1;0;2;06:00;0.0;0.0;0.0;0.0;CONCAIS;PASSAGEIROS;74;BERÇO 25 + FRIG;2;06:00;2;06:20;2;06:20;2;06:25;2;06:25;2;06:30;2;06:30;2;06:35;2;06:35;2;06:40;2;06:40;2;06:45;2;06:45;2;07:20;;;;;;;;;;;;;;;;;;;;;;;;;;;;;;;;;;;;;;;;;2;07:20;2;07:20;2;18:30;2;18:50;;;;;;;;;;;;;;;;;;;;;;;;;;;;;;;;;;;;;;;;;2;18:50;2;19:20;2;19:20;2;19:25;2;19:25;2;19:30;2;19:30;2;19:35;2;19:35;2;19:40;2;19:40;2;19:45;2;19:45;2;20:05;
S20254;145;52.0;331.43;8.65;0;1;0;2;06:45;0.0;0.0;0.0;0.0;CONCAIS;PASSAGEIROS;76;BERÇO OUT 1;2;06:45;2;07:05;2;07:05;2;07:10;2;07:10;2;07:15;2;07:15;2;07:20;2;07:20;2;07:25;2;07:25;2;07:30;2;07:30;2;08:05;;;;;;;;;;;;;;;;;;;;;;;;;;;;;;;;;;;;;;;;;2;08:05;2;08:05;2;18:25;2;18:35;;;;;;;;;;;;;;;;;;;;;;;;;;;;;;;;;;;;;;;;;2;18:35;2;18:45;2;18:45;2;18:50;2;18:50;2;18:55;2;18:55;2;19:00;2;19:00;2;19:05;2;19:05;2;19:10;2;19:10;2;19:30;
S20254;146;40.0;272.08;10.2;0;0;0;2;07:00;0.0;0.5;0.0;0.5;SANTOSBR;CGC;53;BERÇO TECON 1.2;2;07:30;2;07:50;2;07:50;2;07:55;2;07:55;2;08:00;2;08:00;2;08:05;2;08:05;2;08:10;2;08:10;2;08:25;;;;;;;;;;;;;;;;;;;;;;;;;;;;;;;;;;;;;;;;;;;;;2;08:25;2;08:25;3;00:55;3;01:35;;;;;;;;;;;;;;;;;;;;;;;;;;;;;;;;;;;;;;;;;;;;;3;01:35;3;02:05;3;02:05;3;02:10;3;02:10;3;02:15;3;02:15;3;02:20;3;02:20;3;02:25;3;02:25;3;02:45;
S20254;147;51.0;336.0;14.3;0;0;0;2;09:48;14.17;0.0;0.58;14.75;SANTOSBR;CGC;55;BERÇO TECON 3;3;00:35;3;00:55;3;00:55;3;01:00;3;01:00;3;01:05;3;01:05;3;01:10;3;01:10;3;01:15;3;01:15;3;01:30;;;;;;;;;;;;;;;;;;;;;;;;;;;;;;;;;;;;;;;;;;;;;3;01:30;3;01:30;4;03:05;4;03:05;;;;;;;;;;;;;;;;;;;;;;;;;;;;;;;;;;;;;;;;;;;;;4;03:05;4;03:35;4;03:35;4;03:40;4;03:40;4;03:45;4;03:45;4;03:50;4;03:50;4;03:55;4;03:55;4;04:15;
S20254;148;40.0;306.0;12.0;0;0;0;2;12:30;22.33;12.08;15.0;49.42;DPW - CGC;CGC;43;BERÇO DPW 2;4;13:55;4;14:15;4;14:15;4;14:20;4;14:20;4;14:25;4;14:25;4;14:30;4;14:30;4;14:35;4;14:35;4;14:40;4;14:40;4;14:45;4;14:45;4;14:50;4;14:50;4;14:55;4;14:55;4;15:00;4;15:00;4;15:35;;;;;;;;;;;;;;;;;;;;;;;;;4;15:35;4;15:35;5;12:45;5;13:35;;;;;;;;;;;;;;;;;;;;;;;;;5;13:35;5;13:45;5;13:45;5;13:50;5;13:50;5;13:55;5;13:55;5;14:00;5;14:00;5;14:05;5;14:05;5;14:10;5;14:10;5;14:15;5;14:15;5;14:20;5;14:20;5;14:25;5;14:25;5;14:30;5;14:30;5;14:50;
S20254;149;36.0;199.99;9.85;0;0;0;2;14:15;0.0;0.0;0.0;0.0;OUTROS_MACUCO;CGNC;18;BERÇO ARM 29;2;14:15;2;14:35;2;14:35;2;14:40;2;14:40;2;14:45;2;14:45;2;14:50;2;14:50;2;14:55;2;14:55;2;15:00;2;15:00;2;15:35;;;;;;;;;;;;;;;;;;;;;;;;;;;;;;;;;;;;;;;;;2;15:35;2;15:35;3;18:05;3;21:40;;;;;;;;;;;;;;;;;;;;;;;;;;;;;;;;;;;;;;;;;3;21:40;3;21:50;3;21:50;3;21:55;3;21:55;3;22:00;3;22:00;3;22:05;3;22:05;3;22:10;3;22:10;3;22:15;3;22:15;3;22:35;
S20254;151;28.0;183.2;8.5;0;0;0;2;16:00;176.0;0.0;0.0;176.0;TRANSPETRO;GL;3;BERÇO AL 02;10;00:00;10;00:20;10;00:20;10;00:25;10;00:25;10;00:30;10;00:30;10;00:35;10;00:35;10;00:40;10;00:40;10;00:45;10;00:45;10;00:50;10;00:50;10;00:55;10;00:55;10;01:00;10;01:00;10;01:05;10;01:05;10;01:10;10;01:10;10;01:15;10;01:15;10;01:20;10;01:20;10;01:55;;;;;;;;;;;;;10;01:55;10;01:55;11;03:35;;;;;;;;;;;;;;;;;;;;;;;;;;;;;;;;;;;;;;;;;;;;;;;;;;;;;;;;;;;;;;;;;;;;;;;
S20254;152;32.0;180.0;7.4;0;0;0;2;18:00;174.0;1.75;0.0;175.75;OUTROS_LIBRA;CGNC;26;BERÇO ARM 34;10;01:45;10;02:05;10;02:05;10;02:10;10;02:10;10;02:15;10;02:15;10;02:20;10;02:20;10;02:25;10;02:25;10;03:00;;;;;;;;;;;;;;;;;;;;;;;;;;;;;;;;;;;;;;;;;;;;;10;03:00;10;03:00;16;07:40;;;;;;;;;;;;;;;;;;;;;;;;;;;;;;;;;;;;;;;;;;;;;;;;;;;;;;;;;;;;;;;;;;;;;;;
S20254;153;37.0;228.41;7.42;0;0;0;2;18:24;53.58;0.0;0.0;53.58;AUTORIDADE_OUT;CGNC;14;BERÇO ARM 20/21;5;00:00;5;00:20;5;00:20;5;00:25;5;00:25;5;00:30;5;00:30;5;00:35;5;00:35;5;00:40;5;00:40;5;00:45;5;00:45;5;00:50;5;00:50;5;01:25;;;;;;;;;;;;;;;;;;;;;;;;;;;;;;;;;;;;;5;01:25;5;01:25;8;03:05;8;06:55;;;;;;;;;;;;;;;;;;;;;;;;;;;;;;;;;;;;;8;06:55;8;07:05;8;07:05;8;07:10;8;07:10;8;07:15;8;07:15;8;07:20;8;07:20;8;07:25;8;07:25;8;07:30;8;07:30;8;07:35;8;07:35;8;07:55;
S20254;154;48.0;333.17;11.4;0;0;0;2;19:30;0.0;0.67;0.0;0.67;SANTOSBR;CGC;54;BERÇO TECON 2;2;20:10;2;20:30;2;20:30;2;20:35;2;20:35;2;20:40;2;20:40;2;20:45;2;20:45;2;20:50;2;20:50;2;21:05;;;;;;;;;;;;;;;;;;;;;;;;;;;;;;;;;;;;;;;;;;;;;2;21:05;2;21:05;3;21:55;4;16:20;;;;;;;;;;;;;;;;;;;;;;;;;;;;;;;;;;;;;;;;;;;;;4;16:20;4;16:50;4;16:50;4;16:55;4;16:55;4;17:00;4;17:00;4;17:05;4;17:05;4;17:10;4;17:10;4;17:30;
S20254;155;48.0;299.88;9.8;0;0;0;2;23:50;0.0;0.0;0.25;0.25;BTP;CGC;32;BERÇO BTP 1;3;00:05;3;00:25;3;00:25;3;00:30;3;00:30;3;00:35;3;00:35;3;00:40;3;00:40;3;00:45;3;00:45;3;00:50;3;00:50;3;00:55;3;00:55;3;01:00;3;01:00;3;01:05;3;01:05;3;01:10;3;01:10;3;01:15;3;01:15;3;01:20;3;01:20;3;01:55;;;;;;;;;;;;;;;;;3;01:55;3;01:55;3;16:40;4;15:25;;;;;;;;;;;;;;;;;4;15:25;4;15:35;4;15:35;4;15:40;4;15:40;4;15:45;4;15:45;4;15:50;4;15:50;4;15:55;4;15:55;4;16:00;4;16:00;4;16:05;4;16:05;4;16:10;4;16:10;4;16:15;4;16:15;4;16:20;4;16:20;4;16:25;4;16:25;4;16:30;4;16:30;4;16:50;
S20254;156;48.0;330.03;14.0;0;0;0;3;05:48;0.0;0.0;0.0;0.0;BTP;CGC;34;BERÇO BTP 3;3;05:50;3;06:10;3;06:10;3;06:15;3;06:15;3;06:20;3;06:20;3;06:25;3;06:25;3;06:30;3;06:30;3;06:35;3;06:35;3;06:40;3;06:40;3;06:45;3;06:45;3;06:50;3;06:50;3;06:55;3;06:55;3;07:00;3;07:00;3;07:05;3;07:05;3;07:20;;;;;;;;;;;;;;;;;3;07:20;3;07:20;4;07:20;4;07:20;;;;;;;;;;;;;;;;;4;07:20;4;07:50;4;07:50;4;07:55;4;07:55;4;08:00;4;08:00;4;08:05;4;08:05;4;08:10;4;08:10;4;08:15;4;08:15;4;08:20;4;08:20;4;08:25;4;08:25;4;08:30;4;08:30;4;08:35;4;08:35;4;08:40;4;08:40;4;08:45;4;08:45;4;09:05;
S20254;157;44.0;289.59;8.3;0;1;0;3;06:30;0.0;0.0;0.0;0.0;CONCAIS;PASSAGEIROS;22;BERÇO ARM 31/32;3;06:30;3;06:50;3;06:50;3;06:55;3;06:55;3;07:00;3;07:00;3;07:05;3;07:05;3;07:10;3;07:10;3;07:45;;;;;;;;;;;;;;;;;;;;;;;;;;;;;;;;;;;;;;;;;;;;;3;07:45;3;07:45;3;19:05;3;19:10;;;;;;;;;;;;;;;;;;;;;;;;;;;;;;;;;;;;;;;;;;;;;3;19:10;3;19:40;3;19:40;3;19:45;3;19:45;3;19:50;3;19:50;3;19:55;3;19:55;3;20:00;3;20:00;3;20:20;
S20254;158;32.0;190.0;6.06;0;0;0;3;07:30;16.5;0.0;0.5;17.0;OUTROS_PONTA;CGNC;29;BERÇO ARM 38;4;00:30;4;00:50;4;00:50;4;00:55;4;00:55;4;01:00;4;01:00;4;01:35;;;;;;;;;;;;;;;;;;;;;;;;;;;;;;;;;;;;;;;;;;;;;;;;;;;;;4;01:35;4;01:35;5;09:25;5;09:25;;;;;;;;;;;;;;;;;;;;;;;;;;;;;;;;;;;;;;;;;;;;;;;;;;;;;5;09:25;5;09:35;5;09:35;5;09:40;5;09:40;5;09:45;5;09:45;5;10:05;
S20254;159;44.0;323.0;8.65;0;1;0;3;07:30;0.0;0.0;0.0;0.0;CONCAIS;PASSAGEIROS;71;BERÇO OUT 2;3;07:30;3;07:50;3;07:50;3;07:55;3;07:55;3;08:00;3;08:00;3;08:05;3;08:05;3;08:10;3;08:10;3;08:15;3;08:15;3;08:50;;;;;;;;;;;;;;;;;;;;;;;;;;;;;;;;;;;;;;;;;3;08:50;3;08:50;3;19:05;4;15:20;;;;;;;;;;;;;;;;;;;;;;;;;;;;;;;;;;;;;;;;;4;15:20;4;15:30;4;15:30;4;15:35;4;15:35;4;15:40;4;15:40;4;15:45;4;15:45;4;15:50;4;15:50;4;15:55;4;15:55;4;16:15;
S20254;160;30.0;218.45;7.6;0;0;0;3;09:00;0.0;0.0;0.0;0.0;SANTOSBR;CGC;52;BERÇO TECON 1.1;3;09:00;3;09:20;3;09:20;3;09:25;3;09:25;3;09:30;3;09:30;3;09:35;3;09:35;3;09:40;3;09:40;3;09:55;;;;;;;;;;;;;;;;;;;;;;;;;;;;;;;;;;;;;;;;;;;;;3;09:55;3;09:55;4;06:15;4;06:15;;;;;;;;;;;;;;;;;;;;;;;;;;;;;;;;;;;;;;;;;;;;;4;06:15;4;06:45;4;06:45;4;06:50;4;06:50;4;06:55;4;06:55;4;07:00;4;07:00;4;07:05;4;07:05;4;07:25;
S20254;161;32.0;229.0;6.8;0;0;0;3;11:00;109.17;0.0;0.67;109.83;TGRAO;GSA - E;71;BERÇO OUT 2;8;00:50;8;01:10;8;01:10;8;01:15;8;01:15;8;01:20;8;01:20;8;01:25;8;01:25;8;01:30;8;01:30;8;01:35;8;01:35;8;02:10;;;;;;;;;;;;;;;;;;;;;;;;;;;;;;;;;;;;;;;;;8;02:10;8;02:10;10;14:50;10;14:50;;;;;;;;;;;;;;;;;;;;;;;;;;;;;;;;;;;;;;;;;10;14:50;10;15:00;10;15:00;10;15:05;10;15:05;10;15:10;10;15:10;10;15:15;10;15:15;10;15:20;10;15:20;10;15:25;10;15:25;10;15:45;
S20254;162;45.0;299.9;14.5;0;0;0;3;13:00;0.0;0.0;0.0;0.0;SANTOSBR;CGC;53;BERÇO TECON 1.2;3;13:00;3;13:20;3;13:20;3;13:25;3;13:25;3;13:30;3;13:30;3;13:35;3;13:35;3;13:40;3;13:40;3;13:55;;;;;;;;;;;;;;;;;;;;;;;;;;;;;;;;;;;;;;;;;;;;;3;13:55;3;13:55;4;14:00;4;14:45;;;;;;;;;;;;;;;;;;;;;;;;;;;;;;;;;;;;;;;;;;;;;4;14:45;4;15:15;4;15:15;4;15:20;4;15:20;4;15:25;4;15:25;4;15:30;4;15:30;4;15:35;4;15:35;4;15:55;
S20254;163;43.0;270.9;10.5;0;0;0;3;15:48;0.0;2.42;0.0;2.42;DPW - CGC;CGC;42;BERÇO DPW 1;3;18:15;3;18:35;3;18:35;3;18:40;3;18:40;3;18:45;3;18:45;3;18:50;3;18:50;3;18:55;3;18:55;3;19:00;3;19:00;3;19:05;3;19:05;3;19:10;3;19:10;3;19:15;3;19:15;3;19:20;3;19:20;3;19:35;;;;;;;;;;;;;;;;;;;;;;;;;3;19:35;3;19:35;5;07:00;5;07:00;;;;;;;;;;;;;;;;;;;;;;;;;5;07:00;5;07:30;5;07:30;5;07:35;5;07:35;5;07:40;5;07:40;5;07:45;5;07:45;5;07:50;5;07:50;5;07:55;5;07:55;5;08:00;5;08:00;5;08:05;5;08:05;5;08:10;5;08:10;5;08:15;5;08:15;5;08:35;
S20254;164;27.0;170.7;9.81;0;0;0;3;17:00;79.0;19.33;0.0;98.33;BRACELL;CGNC;27;BERÇO ARM 35P2;7;19:20;7;19:40;7;19:40;7;19:45;7;19:45;7;19:50;7;19:50;7;19:55;7;19:55;7;20:00;7;20:00;7;20:15;;;;;;;;;;;;;;;;;;;;;;;;;;;;;;;;;;;;;;;;;;;;;7;20:15;7;20:15;13;04:55;;;;;;;;;;;;;;;;;;;;;;;;;;;;;;;;;;;;;;;;;;;;;;;;;;;;;;;;;;;;;;;;;;;;;;;
S20254;165;26.0;168.03;9.4;0;0;0;3;18:40;29.33;5.75;0.0;35.08;DPW - CGC;CGC;42;BERÇO DPW 1;5;05:45;5;06:05;5;06:05;5;06:10;5;06:10;5;06:15;5;06:15;5;06:20;5;06:20;5;06:25;5;06:25;5;06:30;5;06:30;5;06:35;5;06:35;5;06:40;5;06:40;5;06:45;5;06:45;5;06:50;5;06:50;5;07:05;;;;;;;;;;;;;;;;;;;;;;;;;5;07:05;5;07:05;5;21:20;5;22:00;;;;;;;;;;;;;;;;;;;;;;;;;5;22:00;5;22:30;5;22:30;5;22:35;5;22:35;5;22:40;5;22:40;5;22:45;5;22:45;5;22:50;5;22:50;5;22:55;5;22:55;5;23:00;5;23:00;5;23:05;5;23:05;5;23:10;5;23:10;5;23:15;5;23:15;5;23:35;
S20254;166;44.0;248.97;9.3;0;0;0;3;20:04;0.0;0.33;0.0;0.33;TRANSPETRO;GL;2;BERÇO AL 01;3;20:25;3;20:45;3;20:45;3;20:50;3;20:50;3;20:55;3;20:55;3;21:00;3;21:00;3;21:05;3;21:05;3;21:10;3;21:10;3;21:15;3;21:15;3;21:20;3;21:20;3;21:25;3;21:25;3;21:30;3;21:30;3;21:35;3;21:35;3;21:40;3;21:40;3;21:45;3;21:45;3;22:20;;;;;;;;;;;;;3;22:20;3;22:20;7;06:40;7;07:15;;;;;;;;;;;;;7;07:15;7;07:25;7;07:25;7;07:30;7;07:30;7;07:35;7;07:35;7;07:40;7;07:40;7;07:45;7;07:45;7;07:50;7;07:50;7;07:55;7;07:55;7;08:00;7;08:00;7;08:05;7;08:05;7;08:10;7;08:10;7;08:15;7;08:15;7;08:20;7;08:20;7;08:25;7;08:25;7;08:45;
S20254;167;32.0;199.98;11.7;0;0;0;3;20:13;0.0;0.0;0.42;0.42;OUTROS_MACUCO;CGNC;73;BERÇO ARM 35P1;3;20:40;3;21:00;3;21:00;3;21:05;3;21:05;3;21:10;3;21:10;3;21:15;3;21:15;3;21:30;;;;;;;;;;;;;;;;;;;;;;;;;;;;;;;;;;;;;;;;;;;;;;;;;3;21:30;3;21:30;13;16:10;;;;;;;;;;;;;;;;;;;;;;;;;;;;;;;;;;;;;;;;;;;;;;;;;;;;;;;;;;;;;;;;;;;;;;;
S20254;169;32.2;225.0;7.24;0;0;0;4;05:30;44.33;0.0;0.08;44.42;TEAG;GSA - E;51;BERÇO TEAG;6;01:55;6;02:15;6;02:15;6;02:20;6;02:20;6;02:25;6;02:25;6;02:30;6;02:30;6;03:05;;;;;;;;;;;;;;;;;;;;;;;;;;;;;;;;;;;;;;;;;;;;;;;;;6;03:05;6;03:05;11;16:15;;;;;;;;;;;;;;;;;;;;;;;;;;;;;;;;;;;;;;;;;;;;;;;;;;;;;;;;;;;;;;;;;;;;;;;
S20254;170;48.0;300.07;13.4;0;0;0;4;05:30;7.5;0.0;0.33;7.83;BTP;CGC;33;BERÇO BTP 2;4;13:20;4;13:40;4;13:40;4;13:45;4;13:45;4;13:50;4;13:50;4;13:55;4;13:55;4;14:00;4;14:00;4;14:05;4;14:05;4;14:10;4;14:10;4;14:15;4;14:15;4;14:20;4;14:20;4;14:25;4;14:25;4;14:30;4;14:30;4;14:35;4;14:35;4;14:50;;;;;;;;;;;;;;;;;4;14:50;4;14:50;5;08:40;5;09:00;;;;;;;;;;;;;;;;;5;09:00;5;09:30;5;09:30;5;09:35;5;09:35;5;09:40;5;09:40;5;09:45;5;09:45;5;09:50;5;09:50;5;09:55;5;09:55;5;10:00;5;10:00;5;10:05;5;10:05;5;10:10;5;10:10;5;10:15;5;10:15;5;10:20;5;10:20;5;10:25;5;10:25;5;10:45;
S20254;171;36.0;200.0;10.9;0;0;0;4;05:46;0.0;0.0;0.0;0.0;SANTOSBR;CGC;52;BERÇO TECON 1.1;4;05:50;4;06:10;4;06:10;4;06:15;4;06:15;4;06:20;4;06:20;4;06:25;4;06:25;4;06:30;4;06:30;4;06:45;;;;;;;;;;;;;;;;;;;;;;;;;;;;;;;;;;;;;;;;;;;;;4;06:45;4;06:45;5;03:50;5;06:35;;;;;;;;;;;;;;;;;;;;;;;;;;;;;;;;;;;;;;;;;;;;;5;06:35;5;07:05;5;07:05;5;07:10;5;07:10;5;07:15;5;07:15;5;07:20;5;07:20;5;07:25;5;07:25;5;07:45;
S20254;173;32.0;182.5;9.5;0;0;0;4;15:00;34.92;30.92;0.0;65.83;TRANSPETRO;GL;2;BERÇO AL 01;7;08:50;7;09:10;7;09:10;7;09:15;7;09:15;7;09:20;7;09:20;7;09:25;7;09:25;7;09:30;7;09:30;7;09:35;7;09:35;7;09:40;7;09:40;7;09:45;7;09:45;7;09:50;7;09:50;7;09:55;7;09:55;7;10:00;7;10:00;7;10:05;7;10:05;7;10:10;7;10:10;7;10:45;;;;;;;;;;;;;7;10:45;7;10:45;8;13:50;8;15:00;;;;;;;;;;;;;8;15:00;8;15:10;8;15:10;8;15:15;8;15:15;8;15:20;8;15:20;8;15:25;8;15:25;8;15:30;8;15:30;8;15:35;8;15:35;8;15:40;8;15:40;8;15:45;8;15:45;8;15:50;8;15:50;8;15:55;8;15:55;8;16:00;8;16:00;8;16:05;8;16:05;8;16:10;8;16:10;8;16:30;
S20254;175;30.0;222.14;10.1;0;0;0;4;19:00;0.0;0.0;0.0;0.0;SANTOSBR;CGC;53;BERÇO TECON 1.2;4;19:00;4;19:20;4;19:20;4;19:25;4;19:25;4;19:30;4;19:30;4;19:35;4;19:35;4;19:40;4;19:40;4;19:55;;;;;;;;;;;;;;;;;;;;;;;;;;;;;;;;;;;;;;;;;;;;;4;19:55;4;19:55;5;08:25;5;08:25;;;;;;;;;;;;;;;;;;;;;;;;;;;;;;;;;;;;;;;;;;;;;5;08:25;5;08:55;5;08:55;5;09:00;5;09:00;5;09:05;5;09:05;5;09:10;5;09:10;5;09:15;5;09:15;5;09:35;
S20254;177;48.0;299.95;8.9;0;0;0;4;22:36;25.33;4.42;0.0;29.75;BTP;CGC;34;BERÇO BTP 3;6;04:25;6;04:45;6;04:45;6;04:50;6;04:50;6;04:55;6;04:55;6;05:00;6;05:00;6;05:05;6;05:05;6;05:10;6;05:10;6;05:15;6;05:15;6;05:20;6;05:20;6;05:25;6;05:25;6;05:30;6;05:30;6;05:35;6;05:35;6;05:40;6;05:40;6;06:15;;;;;;;;;;;;;;;;;6;06:15;6;06:15;7;03:40;7;03:40;;;;;;;;;;;;;;;;;7;03:40;7;03:50;7;03:50;7;03:55;7;03:55;7;04:00;7;04:00;7;04:05;7;04:05;7;04:10;7;04:10;7;04:15;7;04:15;7;04:20;7;04:20;7;04:25;7;04:25;7;04:30;7;04:30;7;04:35;7;04:35;7;04:40;7;04:40;7;04:45;7;04:45;7;05:05;
S20254;178;25.0;156.53;7.8;0;0;0;5;03:00;0.0;0.0;0.0;0.0;ULTRACARGO;GL;4;BERÇO AL 03;5;03:00;5;03:20;5;03:20;5;03:25;5;03:25;5;03:30;5;03:30;5;03:35;5;03:35;5;03:40;5;03:40;5;03:45;5;03:45;5;03:50;5;03:50;5;03:55;5;03:55;5;04:00;5;04:00;5;04:05;5;04:05;5;04:10;5;04:10;5;04:15;5;04:15;5;04:20;5;04:20;5;04:35;;;;;;;;;;;;;5;04:35;5;04:35;6;18:00;6;18:00;;;;;;;;;;;;;6;18:00;6;18:30;6;18:30;6;18:35;6;18:35;6;18:40;6;18:40;6;18:45;6;18:45;6;18:50;6;18:50;6;18:55;6;18:55;6;19:00;6;19:00;6;19:05;6;19:05;6;19:10;6;19:10;6;19:15;6;19:15;6;19:20;6;19:20;6;19:25;6;19:25;6;19:30;6;19:30;6;19:50;
S20254;179;49.0;299.97;11.0;0;0;0;5;05:00;0.0;0.0;0.0;0.0;BTP;CGC;34;BERÇO BTP 3;5;05:00;5;05:20;5;05:20;5;05:25;5;05:25;5;05:30;5;05:30;5;05:35;5;05:35;5;05:40;5;05:40;5;05:45;5;05:45;5;05:50;5;05:50;5;05:55;5;05:55;5;06:00;5;06:00;5;06:05;5;06:05;5;06:10;5;06:10;5;06:15;5;06:15;5;06:50;;;;;;;;;;;;;;;;;5;06:50;5;06:50;6;06:00;6;06:00;;;;;;;;;;;;;;;;;6;06:00;6;06:10;6;06:10;6;06:15;6;06:15;6;06:20;6;06:20;6;06:25;6;06:25;6;06:30;6;06:30;6;06:35;6;06:35;6;06:40;6;06:40;6;06:45;6;06:45;6;06:50;6;06:50;6;06:55;6;06:55;6;07:00;6;07:00;6;07:05;6;07:05;6;07:25;
S20254;180;29.0;180.0;7.8;0;0;0;5;05:30;0.0;0.0;1.5;1.5;TRANSPETRO;GL;3;BERÇO AL 02;5;07:00;5;07:20;5;07:20;5;07:25;5;07:25;5;07:30;5;07:30;5;07:35;5;07:35;5;07:40;5;07:40;5;07:45;5;07:45;5;07:50;5;07:50;5;07:55;5;07:55;5;08:00;5;08:00;5;08:05;5;08:05;5;08:10;5;08:10;5;08:15;5;08:15;5;08:20;5;08:20;5;08:35;;;;;;;;;;;;;5;08:35;5;08:35;5;18:30;5;19:00;;;;;;;;;;;;;5;19:00;5;19:30;5;19:30;5;19:35;5;19:35;5;19:40;5;19:40;5;19:45;5;19:45;5;19:50;5;19:50;5;19:55;5;19:55;5;20:00;5;20:00;5;20:05;5;20:05;5;20:10;5;20:10;5;20:15;5;20:15;5;20:20;5;20:20;5;20:25;5;20:25;5;20:30;5;20:30;5;20:50;
S20254;181;42.0;334.07;10.7;0;0;0;5;07:00;0.0;0.0;3.83;3.83;BTP;CGC;33;BERÇO BTP 2;5;10:50;5;11:10;5;11:10;5;11:15;5;11:15;5;11:20;5;11:20;5;11:25;5;11:25;5;11:30;5;11:30;5;11:35;5;11:35;5;11:40;5;11:40;5;11:45;5;11:45;5;11:50;5;11:50;5;11:55;5;11:55;5;12:00;5;12:00;5;12:05;5;12:05;5;12:20;;;;;;;;;;;;;;;;;5;12:20;5;12:20;6;12:50;6;13:20;;;;;;;;;;;;;;;;;6;13:20;6;13:50;6;13:50;6;13:55;6;13:55;6;14:00;6;14:00;6;14:05;6;14:05;6;14:10;6;14:10;6;14:15;6;14:15;6;14:20;6;14:20;6;14:25;6;14:25;6;14:30;6;14:30;6;14:35;6;14:35;6;14:40;6;14:40;6;14:45;6;14:45;6;15:05;
S20254;182;48.0;333.2;11.7;0;0;0;5;08:00;0.0;0.0;3.42;3.42;SANTOSBR;CGC;54;BERÇO TECON 2;5;11:25;5;11:45;5;11:45;5;11:50;5;11:50;5;11:55;5;11:55;5;12:00;5;12:00;5;12:05;5;12:05;5;12:20;;;;;;;;;;;;;;;;;;;;;;;;;;;;;;;;;;;;;;;;;;;;;5;12:20;5;12:20;6;11:30;6;12:50;;;;;;;;;;;;;;;;;;;;;;;;;;;;;;;;;;;;;;;;;;;;;6;12:50;6;13:20;6;13:20;6;13:25;6;13:25;6;13:30;6;13:30;6;13:35;6;13:35;6;13:40;6;13:40;6;14:00;
S20254;183;48.0;328.46;10.7;0;0;0;5;08:42;0.0;0.0;2.42;2.42;BTP;CGC;32;BERÇO BTP 1;5;11:10;5;11:30;5;11:30;5;11:35;5;11:35;5;11:40;5;11:40;5;11:45;5;11:45;5;11:50;5;11:50;5;11:55;5;11:55;5;12:00;5;12:00;5;12:05;5;12:05;5;12:10;5;12:10;5;12:15;5;12:15;5;12:20;5;12:20;5;12:25;5;12:25;5;13:00;;;;;;;;;;;;;;;;;5;13:00;5;13:00;6;21:30;6;22:30;;;;;;;;;;;;;;;;;6;22:30;6;22:40;6;22:40;6;22:45;6;22:45;6;22:50;6;22:50;6;22:55;6;22:55;6;23:00;6;23:00;6;23:05;6;23:05;6;23:10;6;23:10;6;23:15;6;23:15;6;23:20;6;23:20;6;23:25;6;23:25;6;23:30;6;23:30;6;23:35;6;23:35;6;23:55;
S20254;184;30.0;208.85;10.3;0;0;0;5;09:54;0.0;2.67;0.0;2.67;DPW - CGC;CGC;43;BERÇO DPW 2;5;12:35;5;12:55;5;12:55;5;13:00;5;13:00;5;13:05;5;13:05;5;13:10;5;13:10;5;13:15;5;13:15;5;13:20;5;13:20;5;13:25;5;13:25;5;13:30;5;13:30;5;13:35;5;13:35;5;13:40;5;13:40;5;14:15;;;;;;;;;;;;;;;;;;;;;;;;;5;14:15;5;14:15;6;04:15;6;05:40;;;;;;;;;;;;;;;;;;;;;;;;;6;05:40;6;05:50;6;05:50;6;05:55;6;05:55;6;06:00;6;06:00;6;06:05;6;06:05;6;06:10;6;06:10;6;06:15;6;06:15;6;06:20;6;06:20;6;06:25;6;06:25;6;06:30;6;06:30;6;06:35;6;06:35;6;06:55;
S20254;185;32.0;189.99;7.62;0;0;0;5;14:11;0.0;0.0;0.67;0.67;OUTROS_MACUCO;CGNC;21;BERÇO ARM 31;5;14:55;5;15:15;5;15:15;5;15:20;5;15:20;5;15:25;5;15:25;5;15:30;5;15:30;5;15:35;5;15:35;5;15:50;;;;;;;;;;;;;;;;;;;;;;;;;;;;;;;;;;;;;;;;;;;;;5;15:50;5;15:50;7;19:25;7;20:30;;;;;;;;;;;;;;;;;;;;;;;;;;;;;;;;;;;;;;;;;;;;;7;20:30;7;21:00;7;21:00;7;21:05;7;21:05;7;21:10;7;21:10;7;21:15;7;21:15;7;21:20;7;21:20;7;21:40;
S20254;186;42.0;333.99;9.7;0;0;0;5;15:00;82.67;0.0;0.33;83.0;DPW - CGC;CGC;42;BERÇO DPW 1;9;02:00;9;02:20;9;02:20;9;02:25;9;02:25;9;02:30;9;02:30;9;02:35;9;02:35;9;02:40;9;02:40;9;02:45;9;02:45;9;02:50;9;02:50;9;02:55;9;02:55;9;03:00;9;03:00;9;03:05;9;03:05;9;03:20;;;;;;;;;;;;;;;;;;;;;;;;;9;03:20;9;03:20;10;13:20;10;13:20;;;;;;;;;;;;;;;;;;;;;;;;;10;13:20;10;13:50;10;13:50;10;13:55;10;13:55;10;14:00;10;14:00;10;14:05;10;14:05;10;14:10;10;14:10;10;14:15;10;14:15;10;14:20;10;14:20;10;14:25;10;14:25;10;14:30;10;14:30;10;14:35;10;14:35;10;14:55;
S20254;187;25.0;160.0;7.5;0;0;0;5;22:00;0.0;0.0;0.0;0.0;ULTRACARGO;GL;3;BERÇO AL 02;5;22:00;5;22:20;5;22:20;5;22:25;5;22:25;5;22:30;5;22:30;5;22:35;5;22:35;5;22:40;5;22:40;5;22:45;5;22:45;5;22:50;5;22:50;5;22:55;5;22:55;5;23:00;5;23:00;5;23:05;5;23:05;5;23:10;5;23:10;5;23:15;5;23:15;5;23:20;5;23:20;5;23:55;;;;;;;;;;;;;5;23:55;5;23:55;7;20:40;7;20:45;;;;;;;;;;;;;7;20:45;7;20:55;7;20:55;7;21:00;7;21:00;7;21:05;7;21:05;7;21:10;7;21:10;7;21:15;7;21:15;7;21:20;7;21:20;7;21:25;7;21:25;7;21:30;7;21:30;7;21:35;7;21:35;7;21:40;7;21:40;7;21:45;7;21:45;7;21:50;7;21:50;7;21:55;7;21:55;7;22:15;
S20254;188;32.0;189.99;6.54;0;0;0;5;22:00;0.0;0.0;0.83;0.83;ADM;GSA - E;30;BERÇO ARM 39;5;22:50;5;23:10;5;23:10;5;23:15;5;23:15;5;23:20;5;23:20;5;23:55;;;;;;;;;;;;;;;;;;;;;;;;;;;;;;;;;;;;;;;;;;;;;;;;;;;;;5;23:55;5;23:55;11;19:30;;;;;;;;;;;;;;;;;;;;;;;;;;;;;;;;;;;;;;;;;;;;;;;;;;;;;;;;;;;;;;;;;;;;;;;
S20254;189;32.0;228.99;6.6;0;0;0;5;23:12;0.75;0.0;0.25;1.0;TGG;GSA - E;59;BERÇO TGG;6;00:15;6;00:35;6;00:35;6;00:40;6;00:40;6;00:45;6;00:45;6;00:50;6;00:50;6;01:25;;;;;;;;;;;;;;;;;;;;;;;;;;;;;;;;;;;;;;;;;;;;;;;;;6;01:25;6;01:25;9;16:15;9;16:15;;;;;;;;;;;;;;;;;;;;;;;;;;;;;;;;;;;;;;;;;;;;;;;;;9;16:15;9;16:25;9;16:25;9;16:30;9;16:30;9;16:35;9;16:35;9;16:40;9;16:40;9;17:00;
S20254;190;40.0;275.0;13.3;0;0;0;6;03:43;0.0;0.0;0.0;0.0;SANTOSBR;CGC;53;BERÇO TECON 1.2;6;03:45;6;04:05;6;04:05;6;04:10;6;04:10;6;04:15;6;04:15;6;04:20;6;04:20;6;04:25;6;04:25;6;04:40;;;;;;;;;;;;;;;;;;;;;;;;;;;;;;;;;;;;;;;;;;;;;6;04:40;6;04:40;6;19:55;6;21:50;;;;;;;;;;;;;;;;;;;;;;;;;;;;;;;;;;;;;;;;;;;;;6;21:50;6;22:20;6;22:20;6;22:25;6;22:25;6;22:30;6;22:30;6;22:35;6;22:35;6;22:40;6;22:40;6;23:00;
S20254;191;32.0;228.62;8.3;0;0;0;6;05:00;1.33;32.83;4.5;38.67;DPW - CGC;CGC;43;BERÇO DPW 2;7;19:40;7;20:00;7;20:00;7;20:05;7;20:05;7;20:10;7;20:10;7;20:15;7;20:15;7;20:20;7;20:20;7;20:25;7;20:25;7;20:30;7;20:30;7;20:35;7;20:35;7;20:40;7;20:40;7;20:45;7;20:45;7;21:00;;;;;;;;;;;;;;;;;;;;;;;;;7;21:00;7;21:00;8;13:00;8;13:00;;;;;;;;;;;;;;;;;;;;;;;;;8;13:00;8;13:30;8;13:30;8;13:35;8;13:35;8;13:40;8;13:40;8;13:45;8;13:45;8;13:50;8;13:50;8;13:55;8;13:55;8;14:00;8;14:00;8;14:05;8;14:05;8;14:10;8;14:10;8;14:15;8;14:15;8;14:35;
S20254;192;48.0;299.9;11.3;0;0;0;6;06:12;0.0;5.5;0.0;5.5;BTP;CGC;33;BERÇO BTP 2;6;11:45;6;12:05;6;12:05;6;12:10;6;12:10;6;12:15;6;12:15;6;12:20;6;12:20;6;12:25;6;12:25;6;12:30;6;12:30;6;12:35;6;12:35;6;12:40;6;12:40;6;12:45;6;12:45;6;12:50;6;12:50;6;12:55;6;12:55;6;13:00;6;13:00;6;13:35;;;;;;;;;;;;;;;;;6;13:35;6;13:35;7;12:25;7;16:50;;;;;;;;;;;;;;;;;7;16:50;7;17:00;7;17:00;7;17:05;7;17:05;7;17:10;7;17:10;7;17:15;7;17:15;7;17:20;7;17:20;7;17:25;7;17:25;7;17:30;7;17:30;7;17:35;7;17:35;7;17:40;7;17:40;7;17:45;7;17:45;7;17:50;7;17:50;7;17:55;7;17:55;7;18:15;
S20254;193;44.0;323.0;8.6;0;1;0;6;06:30;0.5;0.0;0.5;1.0;CONCAIS;PASSAGEIROS;71;BERÇO OUT 2;6;07:30;6;07:50;6;07:50;6;07:55;6;07:55;6;08:00;6;08:00;6;08:05;6;08:05;6;08:10;6;08:10;6;08:15;6;08:15;6;08:50;;;;;;;;;;;;;;;;;;;;;;;;;;;;;;;;;;;;;;;;;6;08:50;6;08:50;7;00:40;7;02:05;;;;;;;;;;;;;;;;;;;;;;;;;;;;;;;;;;;;;;;;;7;02:05;7;02:15;7;02:15;7;02:20;7;02:20;7;02:25;7;02:25;7;02:30;7;02:30;7;02:35;7;02:35;7;02:40;7;02:40;7;03:00;
S20254;194;40.04;275.0;12.0;0;0;0;6;07:24;0.0;0.0;0.75;0.75;DPW - CGC;CGC;42;BERÇO DPW 1;6;08:10;6;08:30;6;08:30;6;08:35;6;08:35;6;08:40;6;08:40;6;08:45;6;08:45;6;08:50;6;08:50;6;08:55;6;08:55;6;09:00;6;09:00;6;09:05;6;09:05;6;09:10;6;09:10;6;09:15;6;09:15;6;09:30;;;;;;;;;;;;;;;;;;;;;;;;;6;09:30;6;09:30;7;10:25;7;10:40;;;;;;;;;;;;;;;;;;;;;;;;;7;10:40;7;11:10;7;11:10;7;11:15;7;11:15;7;11:20;7;11:20;7;11:25;7;11:25;7;11:30;7;11:30;7;11:35;7;11:35;7;11:40;7;11:40;7;11:45;7;11:45;7;11:50;7;11:50;7;11:55;7;11:55;7;12:15;
S20254;195;19.0;88.8;5.0;0;0;0;6;08:20;0.0;0.0;0.08;0.08;SAIPEM;CGNC;48;BERÇO SAIPEM 1;6;08:25;6;08:45;6;08:45;6;09:20;;;;;;;;;;;;;;;;;;;;;;;;;;;;;;;;;;;;;;;;;;;;;;;;;;;;;;;;;;;;;6;09:20;6;09:20;7;04:55;7;04:55;;;;;;;;;;;;;;;;;;;;;;;;;;;;;;;;;;;;;;;;;;;;;;;;;;;;;;;;;;;;;7;04:55;7;05:05;7;05:05;7;05:25;
S20254;196;42.0;270.07;10.9;0;0;0;6;10:30;61.5;0.0;0.25;61.75;BTP;CGC;32;BERÇO BTP 1;9;00:15;9;00:35;9;00:35;9;00:40;9;00:40;9;00:45;9;00:45;9;00:50;9;00:50;9;00:55;9;00:55;9;01:00;9;01:00;9;01:05;9;01:05;9;01:10;9;01:10;9;01:15;9;01:15;9;01:20;9;01:20;9;01:25;9;01:25;9;01:30;9;01:30;9;01:45;;;;;;;;;;;;;;;;;9;01:45;9;01:45;10;03:20;10;07:00;;;;;;;;;;;;;;;;;10;07:00;10;07:30;10;07:30;10;07:35;10;07:35;10;07:40;10;07:40;10;07:45;10;07:45;10;07:50;10;07:50;10;07:55;10;07:55;10;08:00;10;08:00;10;08:05;10;08:05;10;08:10;10;08:10;10;08:15;10;08:15;10;08:20;10;08:20;10;08:25;10;08:25;10;08:45;
S20254;199;32.0;183.1;10.0;0;0;0;6;16:00;0.0;0.0;0.0;0.0;DOW;GL;41;BERÇO DOW;6;16:00;6;16:20;6;16:20;6;16:25;6;16:25;6;16:30;6;16:30;6;16:45;;;;;;;;;;;;;;;;;;;;;;;;;;;;;;;;;;;;;;;;;;;;;;;;;;;;;6;16:45;6;16:45;7;13:35;7;13:45;;;;;;;;;;;;;;;;;;;;;;;;;;;;;;;;;;;;;;;;;;;;;;;;;;;;;7;13:45;7;14:15;7;14:15;7;14:20;7;14:20;7;14:25;7;14:25;7;14:45;
S20254;200;35.0;185.97;8.35;0;0;0;6;17:00;0.0;0.0;0.33;0.33;SANTOSBR;CGC;52;BERÇO TECON 1.1;6;17:20;6;17:40;6;17:40;6;17:45;6;17:45;6;17:50;6;17:50;6;17:55;6;17:55;6;18:00;6;18:00;6;18:15;;;;;;;;;;;;;;;;;;;;;;;;;;;;;;;;;;;;;;;;;;;;;6;18:15;6;18:15;7;09:05;7;10:15;;;;;;;;;;;;;;;;;;;;;;;;;;;;;;;;;;;;;;;;;;;;;7;10:15;7;10:45;7;10:45;7;10:50;7;10:50;7;10:55;7;10:55;7;11:00;7;11:00;7;11:05;7;11:05;7;11:25;
S20254;201;25.0;182.47;7.5;0;0;0;6;17:00;0.0;0.0;0.0;0.0;SANTOSBR;CGC;54;BERÇO TECON 2;6;17:00;6;17:20;6;17:20;6;17:25;6;17:25;6;17:30;6;17:30;6;17:35;6;17:35;6;17:40;6;17:40;6;17:55;;;;;;;;;;;;;;;;;;;;;;;;;;;;;;;;;;;;;;;;;;;;;6;17:55;6;17:55;7;04:50;7;04:50;;;;;;;;;;;;;;;;;;;;;;;;;;;;;;;;;;;;;;;;;;;;;7;04:50;7;05:20;7;05:20;7;05:25;7;05:25;7;05:30;7;05:30;7;05:35;7;05:35;7;05:40;7;05:40;7;06:00;
S20254;202;37.0;255.4;12.9;0;0;0;6;18:00;0.0;3.0;0.0;3.0;DPW - CGC;CGC;43;BERÇO DPW 2;6;21:00;6;21:20;6;21:20;6;21:25;6;21:25;6;21:30;6;21:30;6;21:35;6;21:35;6;21:40;6;21:40;6;21:45;6;21:45;6;21:50;6;21:50;6;21:55;6;21:55;6;22:00;6;22:00;6;22:05;6;22:05;6;22:40;;;;;;;;;;;;;;;;;;;;;;;;;6;22:40;6;22:40;7;18:30;7;20:40;;;;;;;;;;;;;;;;;;;;;;;;;7;20:40;7;20:50;7;20:50;7;20:55;7;20:55;7;21:00;7;21:00;7;21:05;7;21:05;7;21:10;7;21:10;7;21:15;7;21:15;7;21:20;7;21:20;7;21:25;7;21:25;7;21:30;7;21:30;7;21:35;7;21:35;7;21:55;
S20254;203;32.0;228.99;7.16;0;0;0;6;19:30;0.33;0.0;0.42;0.75;OUTROS_PONTA;CGNC;29;BERÇO ARM 38;6;20:15;6;20:35;6;20:35;6;20:40;6;20:40;6;20:45;6;20:45;6;21:20;;;;;;;;;;;;;;;;;;;;;;;;;;;;;;;;;;;;;;;;;;;;;;;;;;;;;6;21:20;6;21:20;11;17:05;;;;;;;;;;;;;;;;;;;;;;;;;;;;;;;;;;;;;;;;;;;;;;;;;;;;;;;;;;;;;;;;;;;;;;;
S20254;205;37.0;254.73;10.8;0;0;0;6;23:50;0.17;0.0;0.0;0.17;SANTOSBR;CGC;53;BERÇO TECON 1.2;7;00:00;7;00:20;7;00:20;7;00:25;7;00:25;7;00:30;7;00:30;7;00:35;7;00:35;7;00:40;7;00:40;7;00:55;;;;;;;;;;;;;;;;;;;;;;;;;;;;;;;;;;;;;;;;;;;;;7;00:55;7;00:55;7;10:15;7;10:50;;;;;;;;;;;;;;;;;;;;;;;;;;;;;;;;;;;;;;;;;;;;;7;10:50;7;11:20;7;11:20;7;11:25;7;11:25;7;11:30;7;11:30;7;11:35;7;11:35;7;11:40;7;11:40;7;12:00;
S20254;206;32.0;229.0;8.98;0;0;0;7;00:01;0.33;0.0;0.25;0.58;TGRAO;GSA - E;72;BERÇO OUT 3;7;00:40;7;01:00;7;01:00;7;01:05;7;01:05;7;01:10;7;01:10;7;01:15;7;01:15;7;01:20;7;01:20;7;01:25;7;01:25;7;02:00;;;;;;;;;;;;;;;;;;;;;;;;;;;;;;;;;;;;;;;;;7;02:00;7;02:00;9;10:30;9;17:00;;;;;;;;;;;;;;;;;;;;;;;;;;;;;;;;;;;;;;;;;9;17:00;9;17:10;9;17:10;9;17:15;9;17:15;9;17:20;9;17:20;9;17:25;9;17:25;9;17:30;9;17:30;9;17:35;9;17:35;9;17:55;
S20254;207;27.0;169.37;5.33;0;0;0;7;00:01;0.0;0.0;0.25;0.25;USIMINAS;GSM - E;68;BERÇO USIMINAS 4;7;00:20;7;00:40;7;00:40;7;00:45;7;00:45;7;00:50;7;00:50;7;00:55;7;00:55;7;01:00;7;01:00;7;01:05;7;01:05;7;01:10;7;01:10;7;01:15;7;01:15;7;01:20;7;01:20;7;01:25;7;01:25;7;01:30;7;01:30;7;01:35;7;01:35;7;01:40;7;01:40;7;01:45;7;01:45;7;01:50;7;01:50;7;02:05;7;02:05;7;02:40;7;02:40;7;02:40;12;01:10;;;;;;;;;;;;;;;;;;;;;;;;;;;;;;;;;;;;;;;;;;;;;;;;;;;;;;;;;;;;;;;;;;;;;;;
S20254;208;32.0;199.94;7.6;0;0;1;7;06:30;0.0;0.0;0.0;0.0;TEV;RORO;58;BERÇO TEV;7;06:30;7;06:50;7;06:50;7;06:55;7;06:55;7;07:00;7;07:00;7;07:05;7;07:05;7;07:10;7;07:10;7;07:15;7;07:15;7;07:50;;;;;;;;;;;;;;;;;;;;;;;;;;;;;;;;;;;;;;;;;7;07:50;7;07:50;9;04:10;9;04:10;;;;;;;;;;;;;;;;;;;;;;;;;;;;;;;;;;;;;;;;;9;04:10;9;04:20;9;04:20;9;04:25;9;04:25;9;04:30;9;04:30;9;04:35;9;04:35;9;04:40;9;04:40;9;04:45;9;04:45;9;05:05;
S20254;209;18.0;85.34;5.0;0;0;0;7;09:05;0.0;0.0;0.58;0.58;SAIPEM;CGNC;50;BERÇO SAIPEM 3;7;09:40;7;10:00;7;10:00;7;10:35;;;;;;;;;;;;;;;;;;;;;;;;;;;;;;;;;;;;;;;;;;;;;;;;;;;;;;;;;;;;;7;10:35;7;10:35;10;11:30;10;11:30;;;;;;;;;;;;;;;;;;;;;;;;;;;;;;;;;;;;;;;;;;;;;;;;;;;;;;;;;;;;;10;11:30;10;11:40;10;11:40;10;12:00;
S20254;212;30.0;179.97;10.46;0;0;0;7;14:00;0.0;0.0;0.0;0.0;OUTROS_SABOO;CGNC;37;BERÇO CS 02;7;14:00;7;14:20;7;14:20;7;14:25;7;14:25;7;14:30;7;14:30;7;14:35;7;14:35;7;14:40;7;14:40;7;14:45;7;14:45;7;14:50;7;14:50;7;14:55;7;14:55;7;15:00;7;15:00;7;15:05;7;15:05;7;15:10;7;15:10;7;15:25;;;;;;;;;;;;;;;;;;;;;7;15:25;7;15:25;11;12:05;;;;;;;;;;;;;;;;;;;;;;;;;;;;;;;;;;;;;;;;;;;;;;;;;;;;;;;;;;;;;;;;;;;;;;;
S20254;213;28.0;177.85;10.16;0;0;0;7;14:30;0.0;0.0;0.33;0.33;OUTROS_PAQUETA;CGNC;10;BERÇO ARM 13/14;7;14:50;7;15:10;7;15:10;7;15:15;7;15:15;7;15:20;7;15:20;7;15:25;7;15:25;7;15:30;7;15:30;7;15:35;7;15:35;7;15:40;7;15:40;7;15:45;7;15:45;7;16:00;;;;;;;;;;;;;;;;;;;;;;;;;;;;;;;;;7;16:00;7;16:00;20;08:40;;;;;;;;;;;;;;;;;;;;;;;;;;;;;;;;;;;;;;;;;;;;;;;;;;;;;;;;;;;;;;;;;;;;;;;
S20254;214;22.0;119.9;7.6;0;0;0;7;15:00;0.0;0.0;0.17;0.17;AGEO_TERMINAIS;GL;1;BERÇO Ageo I;7;15:10;7;15:30;7;15:30;7;15:35;7;15:35;7;15:40;7;15:40;7;15:45;7;15:45;7;15:50;7;15:50;7;15:55;7;15:55;7;16:00;7;16:00;7;16:05;7;16:05;7;16:10;7;16:10;7;16:15;7;16:15;7;16:20;7;16:20;7;16:55;;;;;;;;;;;;;;;;;;;;;7;16:55;7;16:55;9;18:00;9;18:00;;;;;;;;;;;;;;;;;;;;;9;18:00;9;18:10;9;18:10;9;18:15;9;18:15;9;18:20;9;18:20;9;18:25;9;18:25;9;18:30;9;18:30;9;18:35;9;18:35;9;18:40;9;18:40;9;18:45;9;18:45;9;18:50;9;18:50;9;18:55;9;18:55;9;19:00;9;19:00;9;19:20;
S20254;216;43.0;270.93;10.0;0;0;0;7;21:00;1.25;0.0;3.0;4.25;SANTOSBR;CGC;54;BERÇO TECON 2;8;01:15;8;01:35;8;01:35;8;01:40;8;01:40;8;01:45;8;01:45;8;01:50;8;01:50;8;01:55;8;01:55;8;02:30;;;;;;;;;;;;;;;;;;;;;;;;;;;;;;;;;;;;;;;;;;;;;8;02:30;8;02:30;8;18:30;8;18:50;;;;;;;;;;;;;;;;;;;;;;;;;;;;;;;;;;;;;;;;;;;;;8;18:50;8;19:00;8;19:00;8;19:05;8;19:05;8;19:10;8;19:10;8;19:15;8;19:15;8;19:20;8;19:20;8;19:40;
S20254;217;25.0;160.0;6.8;0;0;0;7;22:20;1.67;0.0;0.58;2.25;AGEO_TERMINAIS;GL;77;BERÇO IB OE;8;00:35;8;00:55;8;00:55;8;01:00;8;01:00;8;01:05;8;01:05;8;01:10;8;01:10;8;01:15;8;01:15;8;01:20;8;01:20;8;01:25;8;01:25;8;01:30;8;01:30;8;01:35;8;01:35;8;01:40;8;01:40;8;01:45;8;01:45;8;02:20;;;;;;;;;;;;;;;;;;;;;8;02:20;8;02:20;11;21:10;;;;;;;;;;;;;;;;;;;;;;;;;;;;;;;;;;;;;;;;;;;;;;;;;;;;;;;;;;;;;;;;;;;;;;;
S20254;218;17.0;82.3;4.4;0;0;0;7;22:40;0.0;0.0;0.0;0.0;SAIPEM;CGNC;49;BERÇO SAIPEM 2;7;22:40;7;23:00;7;23:00;7;23:35;;;;;;;;;;;;;;;;;;;;;;;;;;;;;;;;;;;;;;;;;;;;;;;;;;;;;;;;;;;;;7;23:35;7;23:35;8;18:40;8;20:15;;;;;;;;;;;;;;;;;;;;;;;;;;;;;;;;;;;;;;;;;;;;;;;;;;;;;;;;;;;;;8;20:15;8;20:45;8;20:45;8;21:05;
S20254;219;32.0;183.1;9.8;0;0;0;7;22:52;1.08;0.0;0.0;1.08;OUTROS_ALAMOA;CGNC;4;BERÇO AL 03;8;00:00;8;00:20;8;00:20;8;00:25;8;00:25;8;00:30;8;00:30;8;00:35;8;00:35;8;00:40;8;00:40;8;00:45;8;00:45;8;00:50;8;00:50;8;00:55;8;00:55;8;01:00;8;01:00;8;01:05;8;01:05;8;01:10;8;01:10;8;01:15;8;01:15;8;01:20;8;01:20;8;01:35;;;;;;;;;;;;;8;01:35;8;01:35;10;14:45;10;18:55;;;;;;;;;;;;;10;18:55;10;19:25;10;19:25;10;19:30;10;19:30;10;19:35;10;19:35;10;19:40;10;19:40;10;19:45;10;19:45;10;19:50;10;19:50;10;19:55;10;19:55;10;20:00;10;20:00;10;20:05;10;20:05;10;20:10;10;20:10;10;20:15;10;20:15;10;20:20;10;20:20;10;20:25;10;20:25;10;20:45;
S20254;221;36.0;266.65;12.3;0;0;0;8;01:00;0.0;4.08;14.67;18.75;SANTOSBR;CGC;54;BERÇO TECON 2;8;19:45;8;20:05;8;20:05;8;20:10;8;20:10;8;20:15;8;20:15;8;20:20;8;20:20;8;20:25;8;20:25;8;20:40;;;;;;;;;;;;;;;;;;;;;;;;;;;;;;;;;;;;;;;;;;;;;8;20:40;8;20:40;9;10:15;9;10:30;;;;;;;;;;;;;;;;;;;;;;;;;;;;;;;;;;;;;;;;;;;;;9;10:30;9;11:00;9;11:00;9;11:05;9;11:05;9;11:10;9;11:10;9;11:15;9;11:15;9;11:20;9;11:20;9;11:40;
S20254;222;35.0;185.97;9.45;0;0;0;8;02:00;0.0;4.33;0.0;4.33;DPW - CGC;CGC;42;BERÇO DPW 1;8;06:20;8;06:40;8;06:40;8;06:45;8;06:45;8;06:50;8;06:50;8;06:55;8;06:55;8;07:00;8;07:00;8;07:05;8;07:05;8;07:10;8;07:10;8;07:15;8;07:15;8;07:20;8;07:20;8;07:25;8;07:25;8;07:40;;;;;;;;;;;;;;;;;;;;;;;;;8;07:40;8;07:40;8;20:30;8;20:35;;;;;;;;;;;;;;;;;;;;;;;;;8;20:35;8;21:05;8;21:05;8;21:10;8;21:10;8;21:15;8;21:15;8;21:20;8;21:20;8;21:25;8;21:25;8;21:30;8;21:30;8;21:35;8;21:35;8;21:40;8;21:40;8;21:45;8;21:45;8;21:50;8;21:50;8;22:10;
S20254;223;48.0;299.99;10.6;0;0;0;8;02:18;0.0;0.0;0.0;0.0;BTP;CGC;33;BERÇO BTP 2;8;02:20;8;02:40;8;02:40;8;02:45;8;02:45;8;02:50;8;02:50;8;02:55;8;02:55;8;03:00;8;03:00;8;03:05;8;03:05;8;03:10;8;03:10;8;03:15;8;03:15;8;03:20;8;03:20;8;03:25;8;03:25;8;03:30;8;03:30;8;03:35;8;03:35;8;04:10;;;;;;;;;;;;;;;;;8;04:10;8;04:10;9;01:50;9;03:10;;;;;;;;;;;;;;;;;9;03:10;9;03:20;9;03:20;9;03:25;9;03:25;9;03:30;9;03:30;9;03:35;9;03:35;9;03:40;9;03:40;9;03:45;9;03:45;9;03:50;9;03:50;9;03:55;9;03:55;9;04:00;9;04:00;9;04:05;9;04:05;9;04:10;9;04:10;9;04:15;9;04:15;9;04:35;
S20254;224;33.0;183.1;9.6;0;0;0;8;03:48;0.0;0.0;0.0;0.0;AGEO_TERMINAIS;GL;46;BERÇO IB BC;8;03:50;8;04:10;8;04:10;8;04:15;8;04:15;8;04:20;8;04:20;8;04:25;8;04:25;8;04:30;8;04:30;8;04:35;8;04:35;8;04:40;8;04:40;8;04:45;8;04:45;8;04:50;8;04:50;8;04:55;8;04:55;8;05:00;8;05:00;8;05:15;;;;;;;;;;;;;;;;;;;;;8;05:15;8;05:15;10;17:15;10;17:30;;;;;;;;;;;;;;;;;;;;;10;17:30;10;18:00;10;18:00;10;18:05;10;18:05;10;18:10;10;18:10;10;18:15;10;18:15;10;18:20;10;18:20;10;18:25;10;18:25;10;18:30;10;18:30;10;18:35;10;18:35;10;18:40;10;18:40;10;18:45;10;18:45;10;18:50;10;18:50;10;19:10;
S20254;225;30.0;222.15;10.0;0;0;0;8;04:00;0.0;0.0;0.08;0.08;SANTOSBR;CGC;53;BERÇO TECON 1.2;8;04:05;8;04:25;8;04:25;8;04:30;8;04:30;8;04:35;8;04:35;8;04:40;8;04:40;8;04:45;8;04:45;8;05:00;;;;;;;;;;;;;;;;;;;;;;;;;;;;;;;;;;;;;;;;;;;;;8;05:00;8;05:00;8;11:55;8;12:50;;;;;;;;;;;;;;;;;;;;;;;;;;;;;;;;;;;;;;;;;;;;;8;12:50;8;13:20;8;13:20;8;13:25;8;13:25;8;13:30;8;13:30;8;13:35;8;13:35;8;13:40;8;13:40;8;14:00;
S20254;226;28.0;172.0;7.7;0;0;0;8;05:00;0.0;0.0;0.0;0.0;SANTOSBR;CGC;52;BERÇO TECON 1.1;8;05:00;8;05:20;8;05:20;8;05:25;8;05:25;8;05:30;8;05:30;8;05:35;8;05:35;8;05:40;8;05:40;8;05:55;;;;;;;;;;;;;;;;;;;;;;;;;;;;;;;;;;;;;;;;;;;;;8;05:55;8;05:55;9;02:15;9;02:50;;;;;;;;;;;;;;;;;;;;;;;;;;;;;;;;;;;;;;;;;;;;;9;02:50;9;03:20;9;03:20;9;03:25;9;03:25;9;03:30;9;03:30;9;03:35;9;03:35;9;03:40;9;03:40;9;04:00;
S20254;227;32.0;199.9;8.12;0;0;0;8;05:05;0.0;0.0;0.5;0.5;OUTROS_LIBRA;CGNC;26;BERÇO ARM 34;8;05:35;8;05:55;8;05:55;8;06:00;8;06:00;8;06:05;8;06:05;8;06:10;8;06:10;8;06:15;8;06:15;8;06:50;;;;;;;;;;;;;;;;;;;;;;;;;;;;;;;;;;;;;;;;;;;;;8;06:50;8;06:50;10;00:40;10;00:50;;;;;;;;;;;;;;;;;;;;;;;;;;;;;;;;;;;;;;;;;;;;;10;00:50;10;01:00;10;01:00;10;01:05;10;01:05;10;01:10;10;01:10;10;01:15;10;01:15;10;01:20;10;01:20;10;01:40;
S20254;228;38.0;333.33;8.55;0;1;0;8;06:25;2.42;0.0;0.08;2.5;CONCAIS;PASSAGEIROS;76;BERÇO OUT 1;8;08:55;8;09:15;8;09:15;8;09:20;8;09:20;8;09:25;8;09:25;8;09:30;8;09:30;8;09:35;8;09:35;8;09:40;8;09:40;8;10:15;;;;;;;;;;;;;;;;;;;;;;;;;;;;;;;;;;;;;;;;;8;10:15;8;10:15;8;22:25;8;22:25;;;;;;;;;;;;;;;;;;;;;;;;;;;;;;;;;;;;;;;;;8;22:25;8;22:35;8;22:35;8;22:40;8;22:40;8;22:45;8;22:45;8;22:50;8;22:50;8;22:55;8;22:55;8;23:00;8;23:00;8;23:20;
S20254;229;51.0;336.0;13.3;0;0;0;8;07:00;3.33;1.67;0.0;5.0;DPW - CGC;CGC;43;BERÇO DPW 2;8;12:00;8;12:20;8;12:20;8;12:25;8;12:25;8;12:30;8;12:30;8;12:35;8;12:35;8;12:40;8;12:40;8;12:45;8;12:45;8;12:50;8;12:50;8;12:55;8;12:55;8;13:00;8;13:00;8;13:05;8;13:05;8;13:20;;;;;;;;;;;;;;;;;;;;;;;;;8;13:20;8;13:20;11;18:35;;;;;;;;;;;;;;;;;;;;;;;;;;;;;;;;;;;;;;;;;;;;;;;;;;;;;;;;;;;;;;;;;;;;;;;
S20254;232;51.0;336.0;14.4;0;0;0;8;09:52;4.25;0.0;0.58;4.83;SANTOSBR;CGC;55;BERÇO TECON 3;8;14:45;8;15:05;8;15:05;8;15:10;8;15:10;8;15:15;8;15:15;8;15:20;8;15:20;8;15:25;8;15:25;8;15:40;;;;;;;;;;;;;;;;;;;;;;;;;;;;;;;;;;;;;;;;;;;;;8;15:40;8;15:40;9;14:20;9;16:15;;;;;;;;;;;;;;;;;;;;;;;;;;;;;;;;;;;;;;;;;;;;;9;16:15;9;16:45;9;16:45;9;16:50;9;16:50;9;16:55;9;16:55;9;17:00;9;17:00;9;17:05;9;17:05;9;17:25;
S20254;233;37.0;227.97;10.0;0;0;0;8;12:00;0.0;0.0;0.42;0.42;SANTOSBR;CGC;53;BERÇO TECON 1.2;8;12:25;8;12:45;8;12:45;8;12:50;8;12:50;8;12:55;8;12:55;8;13:00;8;13:00;8;13:05;8;13:05;8;13:20;;;;;;;;;;;;;;;;;;;;;;;;;;;;;;;;;;;;;;;;;;;;;8;13:20;8;13:20;9;10:45;9;12:25;;;;;;;;;;;;;;;;;;;;;;;;;;;;;;;;;;;;;;;;;;;;;9;12:25;9;12:55;9;12:55;9;13:00;9;13:00;9;13:05;9;13:05;9;13:10;9;13:10;9;13:15;9;13:15;9;13:35;
S20254;234;40.0;300.4;11.5;0;0;0;8;15:00;0.0;0.0;1.83;1.83;BTP;CGC;34;BERÇO BTP 3;8;16:50;8;17:10;8;17:10;8;17:15;8;17:15;8;17:20;8;17:20;8;17:25;8;17:25;8;17:30;8;17:30;8;17:35;8;17:35;8;17:40;8;17:40;8;17:45;8;17:45;8;17:50;8;17:50;8;17:55;8;17:55;8;18:00;8;18:00;8;18:05;8;18:05;8;18:20;;;;;;;;;;;;;;;;;8;18:20;8;18:20;9;07:20;9;07:20;;;;;;;;;;;;;;;;;9;07:20;9;07:50;9;07:50;9;07:55;9;07:55;9;08:00;9;08:00;9;08:05;9;08:05;9;08:10;9;08:10;9;08:15;9;08:15;9;08:20;9;08:20;9;08:25;9;08:25;9;08:30;9;08:30;9;08:35;9;08:35;9;08:40;9;08:40;9;08:45;9;08:45;9;09:05;
S20254;237;17.0;82.3;5.0;0;0;0;8;21:20;0.0;0.0;0.0;0.0;SAIPEM;CGNC;48;BERÇO SAIPEM 1;8;21:20;8;21:40;8;21:40;8;22:15;;;;;;;;;;;;;;;;;;;;;;;;;;;;;;;;;;;;;;;;;;;;;;;;;;;;;;;;;;;;;8;22:15;8;22:15;12;15:35;;;;;;;;;;;;;;;;;;;;;;;;;;;;;;;;;;;;;;;;;;;;;;;;;;;;;;;;;;;;;;;;;;;;;;;
S20254;238;32.0;183.0;8.0;0;0;0;8;23:10;0.83;0.0;0.0;0.83;TRANSPETRO;GL;2;BERÇO AL 01;9;00:00;9;00:20;9;00:20;9;00:25;9;00:25;9;00:30;9;00:30;9;00:35;9;00:35;9;00:40;9;00:40;9;00:45;9;00:45;9;00:50;9;00:50;9;00:55;9;00:55;9;01:00;9;01:00;9;01:05;9;01:05;9;01:10;9;01:10;9;01:15;9;01:15;9;01:20;9;01:20;9;01:55;;;;;;;;;;;;;9;01:55;9;01:55;10;10:50;10;12:10;;;;;;;;;;;;;10;12:10;10;12:20;10;12:20;10;12:25;10;12:25;10;12:30;10;12:30;10;12:35;10;12:35;10;12:40;10;12:40;10;12:45;10;12:45;10;12:50;10;12:50;10;12:55;10;12:55;10;13:00;10;13:00;10;13:05;10;13:05;10;13:10;10;13:10;10;13:15;10;13:15;10;13:20;10;13:20;10;13:40;
S20254;239;48.0;333.2;11.8;0;0;0;9;00:50;3.83;7.5;0.0;11.33;SANTOSBR;CGC;53;BERÇO TECON 1.2;9;12:10;9;12:30;9;12:30;9;12:35;9;12:35;9;12:40;9;12:40;9;12:45;9;12:45;9;12:50;9;12:50;9;13:05;;;;;;;;;;;;;;;;;;;;;;;;;;;;;;;;;;;;;;;;;;;;;9;13:05;9;13:05;10;17:10;10;17:10;;;;;;;;;;;;;;;;;;;;;;;;;;;;;;;;;;;;;;;;;;;;;10;17:10;10;17:40;10;17:40;10;17:45;10;17:45;10;17:50;10;17:50;10;17:55;10;17:55;10;18:00;10;18:00;10;18:20;
S20254;240;32.31;189.9;7.0;0;0;0;9;01:35;0.0;0.0;0.0;0.0;TIPLAM - GSA - E;GSA - E;62;BERÇO TIPLAM 3;9;01:35;9;01:55;9;01:55;9;02:00;9;02:00;9;02:05;9;02:05;9;02:10;9;02:10;9;02:15;9;02:15;9;02:20;9;02:20;9;02:25;9;02:25;9;02:30;9;02:30;9;02:35;9;02:35;9;02:40;9;02:40;9;02:45;9;02:45;9;02:50;9;02:50;9;02:55;9;02:55;9;03:00;9;03:00;9;03:05;9;03:05;9;03:20;9;03:20;9;04:05;9;04:05;9;04:05;12;03:40;;;;;;;;;;;;;;;;;;;;;;;;;;;;;;;;;;;;;;;;;;;;;;;;;;;;;;;;;;;;;;;;;;;;;;;
S20254;242;50.0;305.0;8.52;0;1;0;9;05:42;0.25;0.0;0.0;0.25;CONCAIS;PASSAGEIROS;76;BERÇO OUT 1;9;06:00;9;06:20;9;06:20;9;06:25;9;06:25;9;06:30;9;06:30;9;06:35;9;06:35;9;06:40;9;06:40;9;06:45;9;06:45;9;07:20;;;;;;;;;;;;;;;;;;;;;;;;;;;;;;;;;;;;;;;;;9;07:20;9;07:20;9;18:40;9;19:20;;;;;;;;;;;;;;;;;;;;;;;;;;;;;;;;;;;;;;;;;9;19:20;9;19:30;9;19:30;9;19:35;9;19:35;9;19:40;9;19:40;9;19:45;9;19:45;9;19:50;9;19:50;9;19:55;9;19:55;9;20:15;
S20254;243;37.0;229.0;7.5;0;0;0;9;06:00;0.0;14.33;0.0;14.33;TGG;GSA - E;59;BERÇO TGG;9;20:20;9;20:40;9;20:40;9;20:45;9;20:45;9;20:50;9;20:50;9;20:55;9;20:55;9;21:30;;;;;;;;;;;;;;;;;;;;;;;;;;;;;;;;;;;;;;;;;;;;;;;;;9;21:30;9;21:30;12;15:15;;;;;;;;;;;;;;;;;;;;;;;;;;;;;;;;;;;;;;;;;;;;;;;;;;;;;;;;;;;;;;;;;;;;;;;
S20254;244;52.0;331.43;8.65;0;1;0;9;06:15;0.0;0.0;0.0;0.0;CONCAIS;PASSAGEIROS;22;BERÇO ARM 31/32;9;06:15;9;06:35;9;06:35;9;06:40;9;06:40;9;06:45;9;06:45;9;06:50;9;06:50;9;06:55;9;06:55;9;07:30;;;;;;;;;;;;;;;;;;;;;;;;;;;;;;;;;;;;;;;;;;;;;9;07:30;9;07:30;9;18:35;9;18:50;;;;;;;;;;;;;;;;;;;;;;;;;;;;;;;;;;;;;;;;;;;;;9;18:50;9;19:20;9;19:20;9;19:25;9;19:25;9;19:30;9;19:30;9;19:35;9;19:35;9;19:40;9;19:40;9;20:00;
S20254;245;40.0;272.05;10.7;0;0;0;9;07:00;0.92;26.08;0.0;27.0;SANTOSBR;CGC;54;BERÇO TECON 2;10;10:00;10;10:20;10;10:20;10;10:25;10;10:25;10;10:30;10;10:30;10;10:35;10;10:35;10;10:40;10;10:40;10;10:55;;;;;;;;;;;;;;;;;;;;;;;;;;;;;;;;;;;;;;;;;;;;;10;10:55;10;10:55;11;04:15;;;;;;;;;;;;;;;;;;;;;;;;;;;;;;;;;;;;;;;;;;;;;;;;;;;;;;;;;;;;;;;;;;;;;;;
S20254;246;32.0;260.66;11.4;0;0;0;9;07:15;1.33;27.5;0.0;28.83;DPW - CGC;CGC;42;BERÇO DPW 1;10;12:05;10;12:25;10;12:25;10;12:30;10;12:30;10;12:35;10;12:35;10;12:40;10;12:40;10;12:45;10;12:45;10;12:50;10;12:50;10;12:55;10;12:55;10;13:00;10;13:00;10;13:05;10;13:05;10;13:10;10;13:10;10;13:25;;;;;;;;;;;;;;;;;;;;;;;;;10;13:25;10;13:25;11;07:45;;;;;;;;;;;;;;;;;;;;;;;;;;;;;;;;;;;;;;;;;;;;;;;;;;;;;;;;;;;;;;;;;;;;;;;
S20254;248;51.0;335.93;10.0;0;0;0;9;08:30;0.83;0.0;0.0;0.83;SANTOSBR;CGC;54;BERÇO TECON 2;9;09:20;9;09:40;9;09:40;9;09:45;9;09:45;9;09:50;9;09:50;9;09:55;9;09:55;9;10:00;9;10:00;9;10:35;;;;;;;;;;;;;;;;;;;;;;;;;;;;;;;;;;;;;;;;;;;;;9;10:35;9;10:35;10;10:50;10;10:50;;;;;;;;;;;;;;;;;;;;;;;;;;;;;;;;;;;;;;;;;;;;;10;10:50;10;11:00;10;11:00;10;11:05;10;11:05;10;11:10;10;11:10;10;11:15;10;11:15;10;11:20;10;11:20;10;11:40;
S20254;250;45.0;299.9;10.75;0;0;0;9;14:00;0.0;1.42;0.0;1.42;SANTOSBR;CGC;55;BERÇO TECON 3;9;15:25;9;15:45;9;15:45;9;15:50;9;15:50;9;15:55;9;15:55;9;16:00;9;16:00;9;16:05;9;16:05;9;16:20;;;;;;;;;;;;;;;;;;;;;;;;;;;;;;;;;;;;;;;;;;;;;9;16:20;9;16:20;11;19:40;;;;;;;;;;;;;;;;;;;;;;;;;;;;;;;;;;;;;;;;;;;;;;;;;;;;;;;;;;;;;;;;;;;;;;;
S20254;251;18.0;116.9;4.6;0;0;0;9;14:06;0.0;0.0;0.08;0.08;AGEO_TERMINAIS;GL;47;BERÇO IB SP;9;14:15;9;14:35;9;14:35;9;14:40;9;14:40;9;14:45;9;14:45;9;14:50;9;14:50;9;14:55;9;14:55;9;15:00;9;15:00;9;15:05;9;15:05;9;15:10;9;15:10;9;15:15;9;15:15;9;15:20;9;15:20;9;15:25;9;15:25;9;16:00;;;;;;;;;;;;;;;;;;;;;9;16:00;9;16:00;10;13:50;10;13:50;;;;;;;;;;;;;;;;;;;;;10;13:50;10;14:00;10;14:00;10;14:05;10;14:05;10;14:10;10;14:10;10;14:15;10;14:15;10;14:20;10;14:20;10;14:25;10;14:25;10;14:30;10;14:30;10;14:35;10;14:35;10;14:40;10;14:40;10;14:45;10;14:45;10;14:50;10;14:50;10;15:10;
S20254;252;32.0;199.97;9.0;0;0;1;9;15:00;0.0;0.08;0.0;0.08;TEV;RORO;58;BERÇO TEV;9;15:05;9;15:25;9;15:25;9;15:30;9;15:30;9;15:35;9;15:35;9;15:40;9;15:40;9;15:45;9;15:45;9;15:50;9;15:50;9;16:25;;;;;;;;;;;;;;;;;;;;;;;;;;;;;;;;;;;;;;;;;9;16:25;9;16:25;10;04:50;10;08:10;;;;;;;;;;;;;;;;;;;;;;;;;;;;;;;;;;;;;;;;;10;08:10;10;08:20;10;08:20;10;08:25;10;08:25;10;08:30;10;08:30;10;08:35;10;08:35;10;08:40;10;08:40;10;08:45;10;08:45;10;09:05;
S20254;253;40.0;272.02;13.2;0;0;0;9;16:20;0.0;0.0;4.67;4.67;BTP;CGC;33;BERÇO BTP 2;9;21:00;9;21:20;9;21:20;9;21:25;9;21:25;9;21:30;9;21:30;9;21:35;9;21:35;9;21:40;9;21:40;9;21:45;9;21:45;9;21:50;9;21:50;9;21:55;9;21:55;9;22:00;9;22:00;9;22:05;9;22:05;9;22:10;9;22:10;9;22:15;9;22:15;9;22:30;;;;;;;;;;;;;;;;;9;22:30;9;22:30;11;04:50;;;;;;;;;;;;;;;;;;;;;;;;;;;;;;;;;;;;;;;;;;;;;;;;;;;;;;;;;;;;;;;;;;;;;;;
S20254;254;32.0;199.0;8.8;0;0;1;9;17:30;1.33;27.33;0.0;28.67;TEV;RORO;58;BERÇO TEV;10;22:10;10;22:30;10;22:30;10;22:35;10;22:35;10;22:40;10;22:40;10;22:45;10;22:45;10;22:50;10;22:50;10;22:55;10;22:55;10;23:30;;;;;;;;;;;;;;;;;;;;;;;;;;;;;;;;;;;;;;;;;10;23:30;10;23:30;11;13:25;;;;;;;;;;;;;;;;;;;;;;;;;;;;;;;;;;;;;;;;;;;;;;;;;;;;;;;;;;;;;;;;;;;;;;;
S20254;259;32.0;188.0;6.4;0;0;0;10;02:23;0.0;0.0;0.25;0.25;AUTORIDADE_OUT;CGNC;14;BERÇO ARM 20/21;10;02:40;10;03:00;10;03:00;10;03:05;10;03:05;10;03:10;10;03:10;10;03:15;10;03:15;10;03:20;10;03:20;10;03:25;10;03:25;10;03:30;10;03:30;10;04:05;;;;;;;;;;;;;;;;;;;;;;;;;;;;;;;;;;;;;10;04:05;10;04:05;11;12:00;;;;;;;;;;;;;;;;;;;;;;;;;;;;;;;;;;;;;;;;;;;;;;;;;;;;;;;;;;;;;;;;;;;;;;;
S20254;260;44.0;323.0;8.5;0;1;0;10;05:00;0.0;0.0;0.0;0.0;CONCAIS;PASSAGEIROS;22;BERÇO ARM 31/32;10;05:00;10;05:20;10;05:20;10;05:25;10;05:25;10;05:30;10;05:30;10;05:35;10;05:35;10;05:40;10;05:40;10;06:15;;;;;;;;;;;;;;;;;;;;;;;;;;;;;;;;;;;;;;;;;;;;;10;06:15;10;06:15;10;18:50;10;18:50;;;;;;;;;;;;;;;;;;;;;;;;;;;;;;;;;;;;;;;;;;;;;10;18:50;10;19:20;10;19:20;10;19:25;10;19:25;10;19:30;10;19:30;10;19:35;10;19:35;10;19:40;10;19:40;10;20:00;
S20254;261;44.0;289.59;8.3;0;1;0;10;06:30;0.0;0.0;0.0;0.0;CONCAIS;PASSAGEIROS;17;BERÇO ARM 25;10;06:30;10;06:50;10;06:50;10;06:55;10;06:55;10;07:00;10;07:00;10;07:05;10;07:05;10;07:10;10;07:10;10;07:15;10;07:15;10;07:50;;;;;;;;;;;;;;;;;;;;;;;;;;;;;;;;;;;;;;;;;10;07:50;10;07:50;10;19:15;10;19:15;;;;;;;;;;;;;;;;;;;;;;;;;;;;;;;;;;;;;;;;;10;19:15;10;19:45;10;19:45;10;19:50;10;19:50;10;19:55;10;19:55;10;20:00;10;20:00;10;20:05;10;20:05;10;20:10;10;20:10;10;20:30;
S20254;265;48.0;333.2;14.4;0;0;0;10;15:30;0.0;0.92;0.0;0.92;SANTOSBR;CGC;53;BERÇO TECON 1.2;10;16:25;10;16:45;10;16:45;10;16:50;10;16:50;10;16:55;10;16:55;10;17:00;10;17:00;10;17:05;10;17:05;10;17:20;;;;;;;;;;;;;;;;;;;;;;;;;;;;;;;;;;;;;;;;;;;;;10;17:20;10;17:20;12;09:10;;;;;;;;;;;;;;;;;;;;;;;;;;;;;;;;;;;;;;;;;;;;;;;;;;;;;;;;;;;;;;;;;;;;;;;
S20254;268;33.0;183.1;7.9;0;0;0;10;16:10;0.0;0.0;0.0;0.0;OUTROS_ALAMOA;CGNC;5;BERÇO AL 04;10;16:10;10;16:30;10;16:30;10;16:35;10;16:35;10;16:40;10;16:40;10;16:45;10;16:45;10;16:50;10;16:50;10;16:55;10;16:55;10;17:00;10;17:00;10;17:05;10;17:05;10;17:10;10;17:10;10;17:15;10;17:15;10;17:20;10;17:20;10;17:25;10;17:25;10;17:30;10;17:30;10;17:45;;;;;;;;;;;;;10;17:45;10;17:45;12;12:05;;;;;;;;;;;;;;;;;;;;;;;;;;;;;;;;;;;;;;;;;;;;;;;;;;;;;;;;;;;;;;;;;;;;;;;
S20254;269;32.0;183.1;9.5;0;0;0;10;16:10;0.0;0.0;4.67;4.67;ADONAI;GL;46;BERÇO IB BC;10;20:50;10;21:10;10;21:10;10;21:15;10;21:15;10;21:20;10;21:20;10;21:25;10;21:25;10;21:30;10;21:30;10;21:35;10;21:35;10;21:40;10;21:40;10;21:45;10;21:45;10;21:50;10;21:50;10;21:55;10;21:55;10;22:00;10;22:00;10;22:15;;;;;;;;;;;;;;;;;;;;;10;22:15;10;22:15;14;02:40;;;;;;;;;;;;;;;;;;;;;;;;;;;;;;;;;;;;;;;;;;;;;;;;;;;;;;;;;;;;;;;;;;;;;;;
S20254;271;19.0;88.8;5.3;0;0;0;10;21:10;0.0;0.0;0.0;0.0;SAIPEM;CGNC;50;BERÇO SAIPEM 3;10;21:10;10;21:30;10;21:30;10;22:05;;;;;;;;;;;;;;;;;;;;;;;;;;;;;;;;;;;;;;;;;;;;;;;;;;;;;;;;;;;;;10;22:05;10;22:05;11;16:50;;;;;;;;;;;;;;;;;;;;;;;;;;;;;;;;;;;;;;;;;;;;;;;;;;;;;;;;;;;;;;;;;;;;;;;
S20254;24;32.0;199.9;6.6;0;0;0;-7;14:00;0.0;0.0;0.0;0.0;AUTORIDADE_OUT;CGNC;14;BERÇO ARM 20/21;;;;;;;;;;;;;;;;;;;;;;;;;;;;;;;;;;;;;;;;;;;;;;;;;;;;;;;;;;;;;;;;;;;;;;;;;;;2;11:25;;;;;;;;;;;;;;;;;;;;;;;;;;;;;;;;;;;;;2;11:25;2;11:35;2;11:35;2;11:40;2;11:40;2;11:45;2;11:45;2;11:50;2;11:50;2;11:55;2;11:55;2;12:00;2;12:00;2;12:05;2;12:05;2;12:25;
S20254;29;32.0;225.0;8.0;0;0;0;-6;03:00;0.0;0.0;0.0;0.0;AUTORIDADE_MACUCO;CGNC;23;BERÇO ARM 32;;;;;;;;;;;;;;;;;;;;;;;;;;;;;;;;;;;;;;;;;;;;;;;;;;;;;;;;;;;;;;;;;;;;;;;;;;;1;19:55;;;;;;;;;;;;;;;;;;;;;;;;;;;;;;;;;;;;;;;;;;;;;1;19:55;1;20:05;1;20:05;1;20:10;1;20:10;1;20:15;1;20:15;1;20:20;1;20:20;1;20:25;1;20:25;1;20:45;
S20254;38;33.0;224.96;7.0;0;0;0;-6;11:36;0.0;0.0;0.0;0.0;TGRAO;GSA - E;72;BERÇO OUT 3;;;;;;;;;;;;;;;;;;;;;;;;;;;;;;;;;;;;;;;;;;;;;;;;;;;;;;;;;;;;;;;;;;;;;;;;;;;1;10:50;;;;;;;;;;;;;;;;;;;;;;;;;;;;;;;;;;;;;;;;;1;10:50;1;11:00;1;11:00;1;11:05;1;11:05;1;11:10;1;11:10;1;11:15;1;11:15;1;11:20;1;11:20;1;11:25;1;11:25;1;11:45;
S20254;76;32.0;204.35;11.6;0;0;0;-3;08:30;0.0;0.0;0.0;0.0;DPW - CGNC;CGNC;45;BERÇO DPW 4;;;;;;;;;;;;;;;;;;;;;;;;;;;;;;;;;;;;;;;;;;;;;;;;;;;;;;;;;;;;;;;;;;;;;;;;;;;1;16:00;;;;;;;;;;;;;;;;;;;;;;;;;;;;;1;16:00;1;16:10;1;16:10;1;16:15;1;16:15;1;16:20;1;16:20;1;16:25;1;16:25;1;16:30;1;16:30;1;16:35;1;16:35;1;16:40;1;16:40;1;16:45;1;16:45;1;16:50;1;16:50;1;17:10;
S20254;77;23.0;142.4;7.0;0;0;0;-3;09:30;0.0;0.0;0.0;0.0;AGEO_TERMINAIS;GL;77;BERÇO IB OE;;;;;;;;;;;;;;;;;;;;;;;;;;;;;;;;;;;;;;;;;;;;;;;;;;;;;;;;;;;;;;;;;;;;;;;;;;;2;09:20;;;;;;;;;;;;;;;;;;;;;2;09:20;2;09:50;2;09:50;2;09:55;2;09:55;2;10:00;2;10:00;2;10:05;2;10:05;2;10:10;2;10:10;2;10:15;2;10:15;2;10:20;2;10:20;2;10:25;2;10:25;2;10:30;2;10:30;2;10:35;2;10:35;2;10:40;2;10:40;2;11:00;
S20254;79;32.0;183.06;11.4;0;0;0;-3;12:00;0.0;0.0;0.0;0.0;AGEO_TERMINAIS;GL;1;BERÇO Ageo I;;;;;;;;;;;;;;;;;;;;;;;;;;;;;;;;;;;;;;;;;;;;;;;;;;;;;;;;;;;;;;;;;;;;;;;;;;;1;16:05;;;;;;;;;;;;;;;;;;;;;1;16:05;1;16:35;1;16:35;1;16:40;1;16:40;1;16:45;1;16:45;1;16:50;1;16:50;1;16:55;1;16:55;1;17:00;1;17:00;1;17:05;1;17:05;1;17:10;1;17:10;1;17:15;1;17:15;1;17:20;1;17:20;1;17:25;1;17:25;1;17:45;
S20254;87;51.0;335.93;13.3;0;0;0;-3;21:18;0.0;0.0;0.0;0.0;SANTOSBR;CGC;55;BERÇO TECON 3;;;;;;;;;;;;;;;;;;;;;;;;;;;;;;;;;;;;;;;;;;;;;;;;;;;;;;;;;;;;;;;;;;;;;;;;;;;1;09:35;;;;;;;;;;;;;;;;;;;;;;;;;;;;;;;;;;;;;;;;;;;;;1;09:35;1;10:05;1;10:05;1;10:10;1;10:10;1;10:15;1;10:15;1;10:20;1;10:20;1;10:25;1;10:25;1;10:45;
S20254;92;43.0;270.9;10.8;0;0;0;-2;03:00;0.0;0.0;0.0;0.0;DPW - CGC;CGC;42;BERÇO DPW 1;;;;;;;;;;;;;;;;;;;;;;;;;;;;;;;;;;;;;;;;;;;;;;;;;;;;;;;;;;;;;;;;;;;;;;;;;;;2;10:30;;;;;;;;;;;;;;;;;;;;;;;;;2;10:30;2;11:00;2;11:00;2;11:05;2;11:05;2;11:10;2;11:10;2;11:15;2;11:15;2;11:20;2;11:20;2;11:25;2;11:25;2;11:30;2;11:30;2;11:35;2;11:35;2;11:40;2;11:40;2;11:45;2;11:45;2;12:05;
S20254;98;32.0;186.07;8.2;0;0;0;-2;20:04;0.0;0.0;0.0;0.0;AGEO_TERMINAIS;GL;47;BERÇO IB SP;;;;;;;;;;;;;;;;;;;;;;;;;;;;;;;;;;;;;;;;;;;;;;;;;;;;;;;;;;;;;;;;;;;;;;;;;;;1;19:40;;;;;;;;;;;;;;;;;;;;;1;19:40;1;20:10;1;20:10;1;20:15;1;20:15;1;20:20;1;20:20;1;20:25;1;20:25;1;20:30;1;20:30;1;20:35;1;20:35;1;20:40;1;20:40;1;20:45;1;20:45;1;20:50;1;20:50;1;20:55;1;20:55;1;21:00;1;21:00;1;21:20;
S20254;105;32.0;213.88;8.5;0;0;0;-1;07:30;0.0;0.0;0.0;0.0;BTP;CGC;70;BERÇO VAL;;;;;;;;;;;;;;;;;;;;;;;;;;;;;;;;;;;;;;;;;;;;;;;;;;;;;;;;;;;;;;;;;;;;;;;;;;;1;04:55;;;;;;;;;;;;;;;;;;;;;1;04:55;1;05:25;1;05:25;1;05:30;1;05:30;1;05:35;1;05:35;1;05:40;1;05:40;1;05:45;1;05:45;1;05:50;1;05:50;1;05:55;1;05:55;1;06:00;1;06:00;1;06:05;1;06:05;1;06:10;1;06:10;1;06:15;1;06:15;1;06:35;
S20254;106;38.0;229.2;7.9;0;0;0;-1;07:45;0.0;0.0;0.0;0.0;OUTROS_PAQUETA;CGNC;9;BERÇO ARM 12A;;;;;;;;;;;;;;;;;;;;;;;;;;;;;;;;;;;;;;;;;;;;;;;;;;;;;;;;;;;;;;;;;;;;;;;;;;;5;16:00;;;;;;;;;;;;;;;;;;;;;;;;;;;;;;;;;5;16:00;5;16:10;5;16:10;5;16:15;5;16:15;5;16:20;5;16:20;5;16:25;5;16:25;5;16:30;5;16:30;5;16:35;5;16:35;5;16:40;5;16:40;5;16:45;5;16:45;5;17:05;
S20254;108;32.0;231.0;11.5;0;0;0;-1;10:00;0.0;0.0;0.0;0.0;SANTOSBR;CGC;54;BERÇO TECON 2;;;;;;;;;;;;;;;;;;;;;;;;;;;;;;;;;;;;;;;;;;;;;;;;;;;;;;;;;;;;;;;;;;;;;;;;;;;1;13:05;;;;;;;;;;;;;;;;;;;;;;;;;;;;;;;;;;;;;;;;;;;;;1;13:05;1;13:35;1;13:35;1;13:40;1;13:40;1;13:45;1;13:45;1;13:50;1;13:50;1;13:55;1;13:55;1;14:15;
S20254;111;25.0;182.47;7.6;0;0;0;-1;13:00;0.0;0.0;0.0;0.0;SANTOSBR;CGC;52;BERÇO TECON 1.1;;;;;;;;;;;;;;;;;;;;;;;;;;;;;;;;;;;;;;;;;;;;;;;;;;;;;;;;;;;;;;;;;;;;;;;;;;;1;07:30;;;;;;;;;;;;;;;;;;;;;;;;;;;;;;;;;;;;;;;;;;;;;1;07:30;1;08:00;1;08:00;1;08:05;1;08:05;1;08:10;1;08:10;1;08:15;1;08:15;1;08:20;1;08:20;1;08:40;
S20254;112;33.0;177.9;8.2;0;0;0;-1;13:20;0.0;0.0;0.0;0.0;SAIPEM;CGNC;48;BERÇO SAIPEM 1;;;;;;;;;;;;;;;;;;;;;;;;;;;;;;;;;;;;;;;;;;;;;;;;;;;;;;;;;;;;;;;;;;;;;;;;;;;5;15:10;;;;;;;;;;;;;;;;;;;;;;;;;;;;;;;;;;;;;;;;;;;;;;;;;;;;;;;;;;;;;5;15:10;5;15:20;5;15:20;5;15:40;
S20254;113;32.25;294.1;12.55;0;0;0;-1;17:00;0.0;0.0;0.0;0.0;DPW - CGC;CGC;43;BERÇO DPW 2;;;;;;;;;;;;;;;;;;;;;;;;;;;;;;;;;;;;;;;;;;;;;;;;;;;;;;;;;;;;;;;;;;;;;;;;;;;1;13:00;;;;;;;;;;;;;;;;;;;;;;;;;1;13:00;1;13:30;1;13:30;1;13:35;1;13:35;1;13:40;1;13:40;1;13:45;1;13:45;1;13:50;1;13:50;1;13:55;1;13:55;1;14:00;1;14:00;1;14:05;1;14:05;1;14:10;1;14:10;1;14:15;1;14:15;1;14:35;
S20254;117;48.0;329.86;12.4;0;0;0;0;00:01;0.0;0.0;0.0;0.0;BTP;CGC;33;BERÇO BTP 2;;;;;;;;;;;;;;;;;;;;;;;;;;;;;;;;;;;;;;;;;;;;;;;;;;;;;;;;;;;;;;;;;;;;;;;;;;;2;03:10;;;;;;;;;;;;;;;;;2;03:10;2;03:40;2;03:40;2;03:45;2;03:45;2;03:50;2;03:50;2;03:55;2;03:55;2;04:00;2;04:00;2;04:05;2;04:05;2;04:10;2;04:10;2;04:15;2;04:15;2;04:20;2;04:20;2;04:25;2;04:25;2;04:30;2;04:30;2;04:35;2;04:35;2;04:55;
S20254;119;21.0;134.75;7.9;0;0;0;0;04:23;0.0;0.0;0.0;0.0;AGEO_TERMINAIS;GL;46;BERÇO IB BC;;;;;;;;;;;;;;;;;;;;;;;;;;;;;;;;;;;;;;;;;;;;;;;;;;;;;;;;;;;;;;;;;;;;;;;;;;;2;14:30;;;;;;;;;;;;;;;;;;;;;2;14:30;2;15:00;2;15:00;2;15:05;2;15:05;2;15:10;2;15:10;2;15:15;2;15:15;2;15:20;2;15:20;2;15:25;2;15:25;2;15:30;2;15:30;2;15:35;2;15:35;2;15:40;2;15:40;2;15:45;2;15:45;2;15:50;2;15:50;2;16:10;
S20254;121;37.0;255.0;10.3;0;0;0;0;05:30;0.0;0.0;0.0;0.0;SANTOSBR;CGC;53;BERÇO TECON 1.2;;;;;;;;;;;;;;;;;;;;;;;;;;;;;;;;;;;;;;;;;;;;;;;;;;;;;;;;;;;;;;;;;;;;;;;;;;;1;02:20;;;;;;;;;;;;;;;;;;;;;;;;;;;;;;;;;;;;;;;;;;;;;1;02:20;1;02:50;1;02:50;1;02:55;1;02:55;1;03:00;1;03:00;1;03:05;1;03:05;1;03:10;1;03:10;1;03:30;
S20254;123;32.23;183.05;8.8;0;0;0;0;07:45;0.0;0.0;0.0;0.0;TRANSPETRO;GL;2;BERÇO AL 01;;;;;;;;;;;;;;;;;;;;;;;;;;;;;;;;;;;;;;;;;;;;;;;;;;;;;;;;;;;;;;;;;;;;;;;;;;;2;22:30;;;;;;;;;;;;;2;22:30;2;22:40;2;22:40;2;22:45;2;22:45;2;22:50;2;22:50;2;22:55;2;22:55;2;23:00;2;23:00;2;23:05;2;23:05;2;23:10;2;23:10;2;23:15;2;23:15;2;23:20;2;23:20;2;23:25;2;23:25;2;23:30;2;23:30;2;23:35;2;23:35;2;23:40;2;23:40;3;00:00;
S20254;124;19.0;88.8;4.9;0;0;0;0;14:05;0.0;0.0;0.0;0.0;SAIPEM;CGNC;49;BERÇO SAIPEM 2;;;;;;;;;;;;;;;;;;;;;;;;;;;;;;;;;;;;;;;;;;;;;;;;;;;;;;;;;;;;;;;;;;;;;;;;;;;3;01:20;;;;;;;;;;;;;;;;;;;;;;;;;;;;;;;;;;;;;;;;;;;;;;;;;;;;;;;;;;;;;3;01:20;3;01:30;3;01:30;3;01:50;
S20254;127;36.0;199.99;8.65;0;0;0;0;17:30;0.0;0.0;0.0;0.0;OUTROS_LIBRA;CGNC;26;BERÇO ARM 34;;;;;;;;;;;;;;;;;;;;;;;;;;;;;;;;;;;;;;;;;;;;;;;;;;;;;;;;;;;;;;;;;;;;;;;;;;;2;15:05;;;;;;;;;;;;;;;;;;;;;;;;;;;;;;;;;;;;;;;;;;;;;2;15:05;2;15:15;2;15:15;2;15:20;2;15:20;2;15:25;2;15:25;2;15:30;2;15:30;2;15:35;2;15:35;2;15:55;
