SCENARIO_ID;ARRIVAL_ID;BEAM;LENGTH;DRAFT;IS_NEW_PANAMAX;IS_PASSENGER;IS_RORO;ARRIVAL_D;ARRIVAL_H;METOCEAN_QUEUE_TIME;BERTH_QUEUE_TIME;CHANNEL_QUEUE_TIME;TOTAL_QUEUE_TIME;METOCEAN_UNDOCK_QUEUE_TIME;CHANNEL_UNDOCK_QUEUE_TIME;TOTAL_UNDOCK_QUEUE_TIME;OPERATION_DURATION;REAL_DOCK_D;REAL_DOCK_H;REAL_UNDOCK_D;REAL_UNDOCK_H;REAL_BERTH;TERMINAL;MARKET_CATEGORY;SIZE_CATEGORY;BERTH;TRANSIT_IN_START_D;TRANSIT_IN_START_H;BERTH_ARRIVAL_D;BERTH_ARRIVAL_H;OPERATION_START_D;OPERATION_START_H;OPERATION_END_D;OPERATION_END_H;BERTH_DEPARTURE_D;BERTH_DEPARTURE_H;TRANSIT_OUT_END_D;TRANSIT_OUT_END_H
S20254;1;32.0;229.07;7.56;0;0;0;-8;03:04;260.17;0.0;1.58;261.75;0.0;0.0;0.0;65.83333333333333;4;11:10;7;09:55;BERÇO ARM 37;AUTORIDADE_PONTA;CGNC;;BERÇO ARM 37;3;00:50;3;01:55;3;01:55;5;19:45;5;19:45;5;20:25
S20254;6;33.0;209.75;11.0;0;0;0;-8;11:24;204.58;12.08;0.0;216.67;0.0;1.17;1.17;17.833333333333332;1;21:00;2;18:05;BERÇO TECON 1.2;SANTOSBR;CGC;;BERÇO TECON 1.2;1;12:05;1;13:00;1;13:00;2;06:50;2;08:00;2;09:10
S20254;15;32.0;189.99;12.74;0;0;0;-7;03:18;380.67;0.0;0.5;381.17;0.0;0.0;0.0;135.83333333333334;10;13:42;16;07:23;BERÇO TERMAG;TERMAG;GSM - I;;BERÇO TERMAG;9;00:30;9;01:20;9;01:20;14;17:10;;;;;;
S20254;30;32.0;225.0;9.0;0;0;0;-6;03:00;165.0;16.75;1.33;183.08;0.0;1.67;1.67;164.66666666666666;1;21:00;8;17:50;BERÇO DPW 4;DPW - CGNC;CGNC;;BERÇO DPW 4;1;18:05;1;19:40;1;19:40;8;16:20;8;18:00;8;19:10
S20254;73;32.3;189.99;6.19;0;0;0;-3;07:00;89.0;0.0;0.0;89.0;0.0;0.5;0.5;65.33333333333333;2;04:42;5;03:14;BERÇO TIPLAM 3;TIPLAM - GSA - E;GSA - E;;BERÇO TIPLAM 2;1;00:00;1;02:30;1;02:30;3;19:50;3;20:20;3;22:15
S20254;81;33.0;180.4;10.28;0;0;0;-3;13:00;83.0;0.0;0.75;83.75;0.0;0.0;0.0;160.41666666666666;1;18:20;8;13:30;BERÇO ARM 30;BRACELL;CGNC;;BERÇO ARM 35P2;1;00:45;1;01:40;1;01:40;7;18:05;7;18:05;7;19:15
S20254;83;32.0;263.23;10.1;0;0;0;-3;13:30;106.5;9.25;0.0;115.75;0.0;0.17;0.17;11.333333333333334;3;12:31;4;06:33;BERÇO DPW 1;DPW - CGC;CGC;;BERÇO DPW 1;2;09:15;2;10:35;2;10:35;2;21:55;2;22:05;2;23:40
S20254;85;33.0;199.9;7.5;0;0;0;-3;16:30;79.5;0.0;5.0;84.5;0.0;0.0;0.0;102.41666666666667;1;07:40;5;23:42;BERÇO VAL;AUTORIDADE_SABOO;CGNC;;BERÇO CS 04;1;05:00;1;06:45;1;06:45;5;13:10;5;13:10;5;14:30
S20254;90;28.0;179.99;8.0;0;0;0;-3;22:48;73.17;17.83;0.0;91.0;0.0;0.0;0.0;73.66666666666667;1;18:05;5;18:18;BERÇO Ageo I;AGEO_TERMINAIS;GL;;BERÇO Ageo I;1;17:50;1;19:35;1;19:35;4;21:15;4;21:15;4;22:35
S20254;91;29.0;175.53;9.94;0;0;0;-2;01:00;191.0;0.0;0.0;191.0;0.0;0.0;0.0;161.91666666666666;7;19:25;14;15:35;BERÇO TIPLAM 1;TIPLAM - GSM - I;GSM - I;;BERÇO TIPLAM 2;6;00:00;6;02:00;6;02:00;12;19:55;;;;;;
S20254;96;37.0;227.92;9.9;0;0;0;-2;12:30;59.5;6.92;0.0;66.42;0.0;0.83;0.83;7.083333333333333;1;03:40;1;18:10;BERÇO TECON 1.2;SANTOSBR;CGC;;BERÇO TECON 1.1;1;06:55;1;08:10;1;08:10;1;15:15;1;16:05;1;16:55
S20254;100;43.0;346.98;9.8;1;0;0;-2;23:06;57.92;3.33;0.0;61.25;0.17;0.0;0.17;11.333333333333334;1;15:10;2;08:39;BERÇO TECON 2;SANTOSBR;CGC;;BERÇO TECON 2;1;12:25;1;13:25;1;13:25;2;00:45;2;00:55;2;02:10
S20254;103;48.0;328.46;14.5;0;0;0;-1;05:06;42.83;0.0;0.25;43.08;0.0;6.58;6.58;30.416666666666668;1;02:40;2;09:45;BERÇO BTP 3;BTP;CGC;;BERÇO BTP 1;1;00:15;1;01:45;1;01:45;2;08:10;2;14:45;2;16:30
S20254;107;28.0;179.99;9.33;0;0;0;-1;09:00;39.0;0.0;0.5;39.5;0.0;4.33;4.33;168.25;1;21:10;8;23:40;BERÇO CS 03;OUTROS_SABOO;CGNC;;BERÇO CS 01;1;00:30;1;01:55;1;01:55;8;02:10;8;06:30;8;08:10
S20254;109;32.0;189.99;6.25;0;0;0;-1;10:06;61.83;12.67;0.0;74.5;0.0;0.0;0.0;38.5;3;14:50;5;09:15;BERÇO ARM 20/21;AUTORIDADE_OUT;CGNC;;BERÇO ARM 20/21;2;12:40;2;14:05;2;14:05;4;04:35;4;04:35;4;05:35
S20254;110;30.0;199.08;7.5;0;0;0;-1;12:55;107.08;0.0;0.25;107.33;0.0;0.42;0.42;92.5;5;23:15;9;22:10;BERÇO ARM 23;OUTROS_OUT;CGNC;;BERÇO ARM 23;4;00:15;4;01:15;4;01:15;7;21:45;7;22:10;7;23:25
S20254;114;24.0;146.6;5.8;0;0;0;-1;19:54;148.08;19.92;0.0;168.0;0.0;1.0;1.0;23.333333333333332;7;14:28;8;22:00;BERÇO AL 04;STOLTHAVEN;GL;;BERÇO AL 03;6;19:55;6;21:50;6;21:50;7;21:10;7;22:10;7;23:40
S20254;115;35.0;228.95;7.3;0;0;0;-1;21:00;243.17;0.0;1.83;245.0;0.0;0.0;0.0;48.583333333333336;11;04:25;13;10:05;BERÇO ARM 37;AUTORIDADE_PONTA;CGNC;;BERÇO ARM 37;10;02:00;10;03:05;10;03:05;12;03:40;;;;;;
S20254;116;45.86;334.8;13.9;0;0;0;-1;23:36;24.33;11.83;0.0;36.17;0.0;0.25;0.25;36.0;1;15:07;3;04:14;BERÇO DPW 2;DPW - CGC;CGC;;BERÇO DPW 2;1;11:50;1;13:10;1;13:10;3;01:10;3;01:25;3;03:00
S20254;118;40.0;284.71;10.1;0;0;0;0;04:12;163.75;9.42;0.0;173.17;0.0;0.0;0.0;20.5;8;21:25;9;18:37;BERÇO DPW 2;DPW - CGC;CGC;;BERÇO DPW 1;7;09:25;7;10:45;7;10:45;8;07:15;8;07:15;8;08:50
S20254;122;27.4;183.98;7.4;0;0;0;0;06:06;185.83;0.0;0.33;186.17;0.0;2.75;2.75;35.666666666666664;9;15:15;11;19:19;BERÇO AL 02;TRANSPETRO;GL;;BERÇO AL 02;8;00:20;8;02:15;8;02:15;9;13:55;9;16:40;9;18:10
S20254;125;51.0;336.0;10.8;0;0;0;0;15:00;9.0;8.75;0.0;17.75;0.0;0.75;0.75;34.916666666666664;2;00:55;3;14:55;BERÇO TECON 3;SANTOSBR;CGC;;BERÇO TECON 3;1;08:45;1;10:00;1;10:00;2;20:55;2;21:40;2;22:30
S20254;128;46.0;334.8;10.1;0;0;0;0;19:12;50.83;1.92;0.33;53.08;4.42;1.0;5.42;31.916666666666668;4;10:00;5;19:10;BERÇO DPW 1;DPW - CGC;CGC;;BERÇO DPW 2;3;00:20;3;02:00;3;02:00;4;09:55;4;15:20;4;16:35
S20254;129;45.0;299.9;10.1;0;0;0;0;20:54;3.08;19.17;2.58;24.83;0.0;0.0;0.0;18.166666666666668;2;13:20;3;08:57;BERÇO BTP 3;BTP;CGC;;BERÇO BTP 3;1;21:45;1;23:15;1;23:15;2;17:25;2;17:25;2;19:10
S20254;130;48.0;299.99;11.3;0;0;0;1;00:45;0.0;0.0;0.33;0.33;0.0;0.0;0.0;17.25;2;04:25;2;22:13;BERÇO BTP 2;BTP;CGC;;BERÇO BTP 3;1;01:05;1;02:35;1;02:35;1;19:50;1;19:50;1;21:35
S20254;131;32.0;225.0;9.25;0;0;0;1;01:10;0.0;0.0;0.17;0.17;0.0;0.33;0.33;61.583333333333336;1;09:00;3;23:36;BERÇO DPW 3;DPW - CGNC;CGNC;;BERÇO DPW 3;1;01:20;1;02:55;1;02:55;3;16:30;3;16:50;3;18:00
S20254;132;32.0;258.89;9.0;0;0;0;1;01:42;0.0;0.0;0.0;0.0;0.0;3.92;3.92;3.5833333333333335;1;11:17;1;21:30;BERÇO TECON 3;SANTOSBR;CGC;;BERÇO TECON 1.2;1;01:45;1;02:40;1;02:40;1;06:15;1;10:10;1;11:20
S20254;133;32.0;199.9;7.6;0;0;0;1;03:12;0.33;0.0;0.0;0.33;4.42;0.08;4.5;99.33333333333333;2;20:35;7;02:47;BERÇO TEAG;TEAG;GSA - E;;BERÇO TEAG;1;03:35;1;04:45;1;04:45;5;08:05;5;12:35;5;13:20
S20254;134;28.0;186.36;9.0;0;0;0;1;06:00;0.0;12.58;0.0;12.58;0.0;0.58;0.58;14.083333333333334;1;08:25;1;22:30;BERÇO TECON 1.1;SANTOSBR;CGC;;BERÇO TECON 1.1;1;18:35;1;19:50;1;19:50;2;09:55;2;10:30;2;11:20
S20254;135;38.0;333.33;8.6;0;1;0;1;06:25;0.0;0.0;0.25;0.25;0.0;0.0;0.0;12.166666666666666;1;07:25;1;18:50;BERÇO OUT 1;CONCAIS;PASSAGEIROS;;BERÇO OUT 2;1;06:40;1;08:00;1;08:00;1;20:10;1;20:10;1;21:05
S20254;136;32.31;189.99;9.18;0;0;0;1;07:00;17.0;0.0;0.0;17.0;0.0;0.0;0.0;129.41666666666666;1;16:45;7;06:03;BERÇO USIMINAS 3;USIMINAS;GSM - E;;BERÇO USIMINAS 3;2;00:00;2;02:00;2;02:00;7;11:25;7;11:25;7;13:40
S20254;137;28.0;179.87;8.5;0;0;0;1;08:45;63.25;0.0;0.0;63.25;0.0;1.92;1.92;26.5;5;02:48;6;09:20;BERÇO TIPLAM 1;TIPLAM - GL;GL;;BERÇO TIPLAM 1;4;00:00;4;02:00;4;02:00;5;04:30;5;06:25;5;08:50
S20254;138;32.0;231.0;12.0;0;0;0;1;13:54;1.33;29.58;0.0;30.92;0.0;0.0;0.0;16.0;2;13:42;3;08:24;BERÇO DPW 1;DPW - CGC;CGC;;BERÇO DPW 1;2;20:50;2;22:10;2;22:10;3;14:10;3;14:10;3;15:45
S20254;139;30.0;199.2;11.15;0;0;0;1;15:00;0.0;0.0;0.0;0.0;0.0;3.42;3.42;14.416666666666666;1;18:25;2;13:32;BERÇO ARM 35P2;OUTROS_MACUCO;CGNC;;BERÇO ARM 35P1;1;15:00;1;16:10;1;16:10;2;06:35;2;10:00;2;10:45
S20254;140;32.0;199.98;6.48;0;0;0;1;15:36;104.33;0.0;0.92;105.25;0.0;0.67;0.67;76.25;7;19:05;11;02:10;BERÇO ARM 37;AUTORIDADE_PONTA;CGNC;;BERÇO ARM 37;6;00:55;6;02:00;6;02:00;9;06:15;9;06:55;9;07:35
S20254;141;32.0;190.0;11.71;0;0;0;1;17:00;0.0;0.0;1.33;1.33;0.0;2.25;2.25;5.833333333333333;1;18:10;2;03:35;BERÇO ARM 16/17;TGRAO;GSA - E;;BERÇO OUT 3;1;18:20;1;19:40;1;19:40;2;01:30;2;03:45;2;04:40
S20254;142;38.0;230.0;10.92;0;0;0;2;01:10;0.17;0.0;1.17;1.33;0.0;0.83;0.83;33.25;2;02:30;3;14:40;BERÇO ARM 39;ADM;GSA - E;;BERÇO ARM 39;2;02:30;2;03:35;2;03:35;3;12:50;3;13:40;3;14:20
S20254;143;23.0;164.34;8.0;0;0;0;2;03:00;0.0;0.0;0.25;0.25;0.0;1.75;1.75;27.916666666666668;2;04:40;3;13:30;BERÇO DOW;DOW;GL;;BERÇO DOW;2;03:15;2;04:00;2;04:00;3;07:55;3;09:40;3;10:40
S20254;144;50.0;305.0;8.6;0;1;0;2;06:00;0.0;0.0;0.0;0.0;0.0;0.33;0.33;11.166666666666666;2;06:50;2;17:15;BERÇO ARM 31/32;CONCAIS;PASSAGEIROS;;BERÇO 25 + FRIG;2;06:00;2;07:20;2;07:20;2;18:30;2;18:50;2;20:05
S20254;145;52.0;331.43;8.65;0;1;0;2;06:45;0.0;0.0;0.0;0.0;0.0;0.17;0.17;10.333333333333334;2;07:55;2;17:30;BERÇO OUT 1;CONCAIS;PASSAGEIROS;;BERÇO OUT 1;2;06:45;2;08:05;2;08:05;2;18:25;2;18:35;2;19:30
S20254;146;40.0;272.08;10.2;0;0;0;2;07:00;0.0;0.5;0.0;0.5;0.0;0.67;0.67;16.5;2;13:20;3;08:28;BERÇO TECON 2;SANTOSBR;CGC;;BERÇO TECON 1.2;2;07:30;2;08:25;2;08:25;3;00:55;3;01:35;3;02:45
S20254;147;51.0;336.0;14.3;0;0;0;2;09:48;14.17;0.0;0.58;14.75;0.0;0.0;0.0;25.583333333333332;4;15:15;5;17:40;BERÇO TECON 3;SANTOSBR;CGC;;BERÇO TECON 3;3;00:35;3;01:30;3;01:30;4;03:05;4;03:05;4;04:15
S20254;148;40.0;306.0;12.0;0;0;0;2;12:30;22.33;12.08;15.0;49.42;0.0;0.83;0.83;21.166666666666668;3;07:22;4;11:46;BERÇO DPW 2;DPW - CGC;CGC;;BERÇO DPW 2;4;13:55;4;15:35;4;15:35;5;12:45;5;13:35;5;14:50
S20254;149;36.0;199.99;9.85;0;0;0;2;14:15;0.0;0.0;0.0;0.0;0.0;3.58;3.58;26.5;2;14:35;3;18:40;BERÇO ARM 35P2;OUTROS_MACUCO;CGNC;;BERÇO ARM 29;2;14:15;2;15:35;2;15:35;3;18:05;3;21:40;3;22:35
S20254;151;28.0;183.2;8.5;0;0;0;2;16:00;176.0;0.0;0.0;176.0;0.0;0.0;0.0;25.666666666666668;11;20:54;13;01:50;BERÇO AL 02;TRANSPETRO;GL;;BERÇO AL 02;10;00:00;10;01:55;10;01:55;11;03:35;;;;;;
S20254;152;32.0;180.0;7.4;0;0;0;2;18:00;174.0;1.75;0.0;175.75;0.0;0.0;0.0;148.66666666666666;11;07:09;17;16:42;BERÇO ARM 34;OUTROS_LIBRA;CGNC;;BERÇO ARM 34;10;01:45;10;03:00;10;03:00;16;07:40;;;;;;
S20254;153;37.0;228.41;7.42;0;0;0;2;18:24;53.58;0.0;0.0;53.58;0.0;3.83;3.83;73.66666666666667;6;19:57;10;00:12;BERÇO ARM 20/21;AUTORIDADE_OUT;CGNC;;BERÇO ARM 20/21;5;00:00;5;01:25;5;01:25;8;03:05;8;06:55;8;07:55
S20254;154;48.0;333.17;11.4;0;0;0;2;19:30;0.0;0.67;0.0;0.67;17.08;1.33;18.42;24.833333333333332;2;20:15;3;23:20;BERÇO TECON 1.2;SANTOSBR;CGC;;BERÇO TECON 2;2;20:10;2;21:05;2;21:05;3;21:55;4;16:20;4;17:30
S20254;155;48.0;299.88;9.8;0;0;0;2;23:50;0.0;0.0;0.25;0.25;21.67;1.08;22.75;14.75;3;01:25;4;02:55;BERÇO BTP 2;BTP;CGC;;BERÇO BTP 1;3;00:05;3;01:55;3;01:55;3;16:40;4;15:25;4;16:50
S20254;156;48.0;330.03;14.0;0;0;0;3;05:48;0.0;0.0;0.0;0.0;0.0;0.0;0.0;24.0;3;12:26;4;14:48;BERÇO BTP 3;BTP;CGC;;BERÇO BTP 3;3;05:50;3;07:20;3;07:20;4;07:20;4;07:20;4;09:05
S20254;157;44.0;289.59;8.3;0;1;0;3;06:30;0.0;0.0;0.0;0.0;0.0;0.08;0.08;11.333333333333334;3;07:25;3;18:00;BERÇO ARM 25;CONCAIS;PASSAGEIROS;;BERÇO ARM 31/32;3;06:30;3;07:45;3;07:45;3;19:05;3;19:10;3;20:20
S20254;158;32.0;190.0;6.06;0;0;0;3;07:30;16.5;0.0;0.5;17.0;0.0;0.0;0.0;31.833333333333332;5;07:30;6;19:20;BERÇO ARM 38;OUTROS_PONTA;CGNC;;BERÇO ARM 38;4;00:30;4;01:35;4;01:35;5;09:25;5;09:25;5;10:05
S20254;159;44.0;323.0;8.65;0;1;0;3;07:30;0.0;0.0;0.0;0.0;19.25;1.0;20.25;10.25;3;08:15;3;17:45;BERÇO OUT 1;CONCAIS;PASSAGEIROS;;BERÇO OUT 2;3;07:30;3;08:50;3;08:50;3;19:05;4;15:20;4;16:15
S20254;160;30.0;218.45;7.6;0;0;0;3;09:00;0.0;0.0;0.0;0.0;0.0;0.0;0.0;20.333333333333332;3;17:00;4;14:25;BERÇO TECON 3;SANTOSBR;CGC;;BERÇO TECON 1.1;3;09:00;3;09:55;3;09:55;4;06:15;4;06:15;4;07:25
S20254;161;32.0;229.0;6.8;0;0;0;3;11:00;109.17;0.0;0.67;109.83;0.0;0.0;0.0;60.666666666666664;9;21:55;12;13:45;BERÇO ARM 19;TGRAO;GSA - E;;BERÇO OUT 2;8;00:50;8;02:10;8;02:10;10;14:50;10;14:50;10;15:45
S20254;162;45.0;299.9;14.5;0;0;0;3;13:00;0.0;0.0;0.0;0.0;0.0;0.75;0.75;24.083333333333332;3;13:55;4;17:00;BERÇO TECON 2;SANTOSBR;CGC;;BERÇO TECON 1.2;3;13:00;3;13:55;3;13:55;4;14:00;4;14:45;4;15:55
S20254;163;43.0;270.9;10.5;0;0;0;3;15:48;0.0;2.42;0.0;2.42;0.0;0.0;0.0;35.416666666666664;4;14:49;6;02:51;BERÇO DPW 2;DPW - CGC;CGC;;BERÇO DPW 1;3;18:15;3;19:35;3;19:35;5;07:00;5;07:00;5;08:35
S20254;164;27.0;170.7;9.81;0;0;0;3;17:00;79.0;19.33;0.0;98.33;0.0;0.0;0.0;128.66666666666666;8;14:40;14;03:40;BERÇO ARM 30;BRACELL;CGNC;;BERÇO ARM 35P2;7;19:20;7;20:15;7;20:15;13;04:55;;;;;;
S20254;165;26.0;168.03;9.4;0;0;0;3;18:40;29.33;5.75;0.0;35.08;0.0;0.67;0.67;14.25;6;12:55;7;05:43;BERÇO DPW 3;DPW - CGC;CGC;;BERÇO DPW 1;5;05:45;5;07:05;5;07:05;5;21:20;5;22:00;5;23:35
S20254;166;44.0;248.97;9.3;0;0;0;3;20:04;0.0;0.33;0.0;0.33;0.0;0.58;0.58;80.33333333333333;3;21:28;7;11:25;BERÇO AL 01;TRANSPETRO;GL;;BERÇO AL 01;3;20:25;3;22:20;3;22:20;7;06:40;7;07:15;7;08:45
S20254;167;32.0;199.98;11.7;0;0;0;3;20:13;0.0;0.0;0.42;0.42;0.0;0.0;0.0;234.66666666666666;3;21:05;13;18:30;BERÇO ARM 33;OUTROS_MACUCO;CGNC;;BERÇO ARM 35P1;3;20:40;3;21:30;3;21:30;13;16:10;;;;;;
S20254;169;32.2;225.0;7.24;0;0;0;4;05:30;44.33;0.0;0.08;44.42;0.0;0.0;0.0;133.16666666666666;7;06:00;12;22:55;BERÇO TEAG;TEAG;GSA - E;;BERÇO TEAG;6;01:55;6;03:05;6;03:05;11;16:15;;;;;;
S20254;170;48.0;300.07;13.4;0;0;0;4;05:30;7.5;0.0;0.33;7.83;0.0;0.33;0.33;17.833333333333332;4;07:20;5;02:50;BERÇO BTP 2;BTP;CGC;;BERÇO BTP 2;4;13:20;4;14:50;4;14:50;5;08:40;5;09:00;5;10:45
S20254;171;36.0;200.0;10.9;0;0;0;4;05:46;0.0;0.0;0.0;0.0;0.0;2.75;2.75;21.083333333333332;4;06:40;5;08:20;BERÇO TECON 1.2;SANTOSBR;CGC;;BERÇO TECON 1.1;4;05:50;4;06:45;4;06:45;5;03:50;5;06:35;5;07:45
S20254;173;32.0;182.5;9.5;0;0;0;4;15:00;34.92;30.92;0.0;65.83;0.0;1.17;1.17;27.083333333333332;7;15:10;8;23:00;BERÇO AL 01;TRANSPETRO;GL;;BERÇO AL 01;7;08:50;7;10:45;7;10:45;8;13:50;8;15:00;8;16:30
S20254;175;30.0;222.14;10.1;0;0;0;4;19:00;0.0;0.0;0.0;0.0;0.0;0.0;0.0;12.5;4;20:05;5;10:03;BERÇO TECON 1.1;SANTOSBR;CGC;;BERÇO TECON 1.2;4;19:00;4;19:55;4;19:55;5;08:25;5;08:25;5;09:35
S20254;177;48.0;299.95;8.9;0;0;0;4;22:36;25.33;4.42;0.0;29.75;0.0;0.0;0.0;21.416666666666668;7;17:50;8;15:42;BERÇO BTP 3;BTP;CGC;;BERÇO BTP 3;6;04:25;6;06:15;6;06:15;7;03:40;7;03:40;7;05:05
S20254;178;25.0;156.53;7.8;0;0;0;5;03:00;0.0;0.0;0.0;0.0;0.0;0.0;0.0;37.416666666666664;5;07:20;7;09:47;BERÇO AL 04;ULTRACARGO;GL;;BERÇO AL 03;5;03:00;5;04:35;5;04:35;6;18:00;6;18:00;6;19:50
S20254;179;49.0;299.97;11.0;0;0;0;5;05:00;0.0;0.0;0.0;0.0;0.0;0.0;0.0;23.166666666666668;5;07:48;6;09:24;BERÇO BTP 2;BTP;CGC;;BERÇO BTP 3;5;05:00;5;06:50;5;06:50;6;06:00;6;06:00;6;07:25
S20254;180;29.0;180.0;7.8;0;0;0;5;05:30;0.0;0.0;1.5;1.5;0.0;0.5;0.5;9.916666666666666;5;07:00;5;20:10;BERÇO AL 02;TRANSPETRO;GL;;BERÇO AL 02;5;07:00;5;08:35;5;08:35;5;18:30;5;19:00;5;20:50
S20254;181;42.0;334.07;10.7;0;0;0;5;07:00;0.0;0.0;3.83;3.83;0.5;0.0;0.5;24.5;5;09:00;6;13:50;BERÇO BTP 3;BTP;CGC;;BERÇO BTP 2;5;10:50;5;12:20;5;12:20;6;12:50;6;13:20;6;15:05
S20254;182;48.0;333.2;11.7;0;0;0;5;08:00;0.0;0.0;3.42;3.42;0.58;0.75;1.33;23.166666666666668;5;09:00;6;12:39;BERÇO TECON 2;SANTOSBR;CGC;;BERÇO TECON 2;5;11:25;5;12:20;5;12:20;6;11:30;6;12:50;6;14:00
S20254;183;48.0;328.46;10.7;0;0;0;5;08:42;0.0;0.0;2.42;2.42;0.0;1.0;1.0;32.5;6;13:10;8;01:43;BERÇO BTP 2;BTP;CGC;;BERÇO BTP 1;5;11:10;5;13:00;5;13:00;6;21:30;6;22:30;6;23:55
S20254;184;30.0;208.85;10.3;0;0;0;5;09:54;0.0;2.67;0.0;2.67;0.0;1.42;1.42;14.0;5;22:35;6;17:04;BERÇO DPW 1;DPW - CGC;CGC;;BERÇO DPW 2;5;12:35;5;14:15;5;14:15;6;04:15;6;05:40;6;06:55
S20254;185;32.0;189.99;7.62;0;0;0;5;14:11;0.0;0.0;0.67;0.67;0.0;1.08;1.08;51.583333333333336;5;14:41;7;20:00;BERÇO ARM 31;OUTROS_MACUCO;CGNC;;BERÇO ARM 31;5;14:55;5;15:50;5;15:50;7;19:25;7;20:30;7;21:40
S20254;186;42.0;333.99;9.7;0;0;0;5;15:00;82.67;0.0;0.33;83.0;0.0;0.0;0.0;34.0;10;21:45;12;10:16;BERÇO DPW 2;DPW - CGC;CGC;;BERÇO DPW 1;9;02:00;9;03:20;9;03:20;10;13:20;10;13:20;10;14:55
S20254;187;25.0;160.0;7.5;0;0;0;5;22:00;0.0;0.0;0.0;0.0;0.0;0.08;0.08;44.75;5;23:30;7;22:20;BERÇO AL 03;ULTRACARGO;GL;;BERÇO AL 02;5;22:00;5;23:55;5;23:55;7;20:40;7;20:45;7;22:15
S20254;188;32.0;189.99;6.54;0;0;0;5;22:00;0.0;0.0;0.83;0.83;0.0;0.0;0.0;139.58333333333334;5;23:40;12;00:40;BERÇO ARM 39;ADM;GSA - E;;BERÇO ARM 39;5;22:50;5;23:55;5;23:55;11;19:30;;;;;;
S20254;189;32.0;228.99;6.6;0;0;0;5;23:12;0.75;0.0;0.25;1.0;0.0;0.0;0.0;86.83333333333333;6;16:55;10;13:17;BERÇO TGG;TGG;GSA - E;;BERÇO TGG;6;00:15;6;01:25;6;01:25;9;16:15;9;16:15;9;17:00
S20254;190;40.0;275.0;13.3;0;0;0;6;03:43;0.0;0.0;0.0;0.0;0.0;1.92;1.92;15.25;6;04:53;6;22:40;BERÇO TECON 3;SANTOSBR;CGC;;BERÇO TECON 1.2;6;03:45;6;04:40;6;04:40;6;19:55;6;21:50;6;23:00
S20254;191;32.0;228.62;8.3;0;0;0;6;05:00;1.33;32.83;4.5;38.67;0.0;0.0;0.0;16.0;6;07:30;7;09:38;BERÇO DPW 2;DPW - CGC;CGC;;BERÇO DPW 2;7;19:40;7;21:00;7;21:00;8;13:00;8;13:00;8;14:35
S20254;192;48.0;299.9;11.3;0;0;0;6;06:12;0.0;5.5;0.0;5.5;0.0;4.42;4.42;22.833333333333332;6;17:25;7;15:45;BERÇO BTP 3;BTP;CGC;;BERÇO BTP 2;6;11:45;6;13:35;6;13:35;7;12:25;7;16:50;7;18:15
S20254;193;44.0;323.0;8.6;0;1;0;6;06:30;0.5;0.0;0.5;1.0;0.0;1.42;1.42;15.833333333333334;6;07:15;6;22:20;BERÇO OUT 1;CONCAIS;PASSAGEIROS;;BERÇO OUT 2;6;07:30;6;08:50;6;08:50;7;00:40;7;02:05;7;03:00
S20254;194;40.04;275.0;12.0;0;0;0;6;07:24;0.0;0.0;0.75;0.75;0.0;0.25;0.25;24.916666666666668;7;14:22;8;16:40;BERÇO DPW 2;DPW - CGC;CGC;;BERÇO DPW 1;6;08:10;6;09:30;6;09:30;7;10:25;7;10:40;7;12:15
S20254;195;19.0;88.8;5.0;0;0;0;6;08:20;0.0;0.0;0.08;0.08;0.0;0.0;0.0;19.583333333333332;6;08:30;7;03:30;BERÇO SAIPEM 1;SAIPEM;CGNC;;BERÇO SAIPEM 1;6;08:25;6;09:20;6;09:20;7;04:55;7;04:55;7;05:25
S20254;196;42.0;270.07;10.9;0;0;0;6;10:30;61.5;0.0;0.25;61.75;0.0;3.67;3.67;25.583333333333332;10;18:43;11;21:10;BERÇO BTP 2;BTP;CGC;;BERÇO BTP 1;9;00:15;9;01:45;9;01:45;10;03:20;10;07:00;10;08:45
S20254;199;32.0;183.1;10.0;0;0;0;6;16:00;0.0;0.0;0.0;0.0;0.08;0.08;0.17;20.833333333333332;6;17:36;7;22:30;BERÇO DOW;DOW;GL;;BERÇO DOW;6;16:00;6;16:45;6;16:45;7;13:35;7;13:45;7;14:45
S20254;200;35.0;185.97;8.35;0;0;0;6;17:00;0.0;0.0;0.33;0.33;0.0;1.17;1.17;14.833333333333334;7;05:44;7;23:30;BERÇO TECON 1.2;SANTOSBR;CGC;;BERÇO TECON 1.1;6;17:20;6;18:15;6;18:15;7;09:05;7;10:15;7;11:25
S20254;201;25.0;182.47;7.5;0;0;0;6;17:00;0.0;0.0;0.0;0.0;0.0;0.0;0.0;10.916666666666666;6;17:50;7;10:50;BERÇO TECON 2;SANTOSBR;CGC;;BERÇO TECON 2;6;17:00;6;17:55;6;17:55;7;04:50;7;04:50;7;06:00
S20254;202;37.0;255.4;12.9;0;0;0;6;18:00;0.0;3.0;0.0;3.0;0.0;2.17;2.17;19.833333333333332;6;19:38;7;19:05;BERÇO DPW 1;DPW - CGC;CGC;;BERÇO DPW 2;6;21:00;6;22:40;6;22:40;7;18:30;7;20:40;7;21:55
S20254;203;32.0;228.99;7.16;0;0;0;6;19:30;0.33;0.0;0.42;0.75;0.0;0.0;0.0;115.75;7;14:40;12;13:15;BERÇO ARM 38;OUTROS_PONTA;CGNC;;BERÇO ARM 38;6;20:15;6;21:20;6;21:20;11;17:05;;;;;;
S20254;205;37.0;254.73;10.8;0;0;0;6;23:50;0.17;0.0;0.0;0.17;0.0;0.58;0.58;9.333333333333334;7;01:18;7;19:14;BERÇO TECON 3;SANTOSBR;CGC;;BERÇO TECON 1.2;7;00:00;7;00:55;7;00:55;7;10:15;7;10:50;7;12:00
S20254;206;32.0;229.0;8.98;0;0;0;7;00:01;0.33;0.0;0.25;0.58;4.0;2.5;6.5;56.5;7;01:00;9;17:20;BERÇO ARM 16/17;TGRAO;GSA - E;;BERÇO OUT 3;7;00:40;7;02:00;7;02:00;9;10:30;9;17:00;9;17:55
S20254;207;27.0;169.37;5.33;0;0;0;7;00:01;0.0;0.0;0.25;0.25;0.0;0.0;0.0;118.5;7;02:00;12;10:46;BERÇO USIMINAS 4;USIMINAS;GSM - E;;BERÇO USIMINAS 4;7;00:20;7;02:40;7;02:40;12;01:10;;;;;;
S20254;208;32.0;199.94;7.6;0;0;1;7;06:30;0.0;0.0;0.0;0.0;0.0;0.0;0.0;44.333333333333336;7;09:55;9;08:45;BERÇO TEV;TEV;RORO;;BERÇO TEV;7;06:30;7;07:50;7;07:50;9;04:10;9;04:10;9;05:05
S20254;209;18.0;85.34;5.0;0;0;0;7;09:05;0.0;0.0;0.58;0.58;0.0;0.0;0.0;72.91666666666667;7;09:15;10;09:30;BERÇO SAIPEM 3;SAIPEM;CGNC;;BERÇO SAIPEM 3;7;09:40;7;10:35;7;10:35;10;11:30;10;11:30;10;12:00
S20254;212;30.0;179.97;10.46;0;0;0;7;14:00;0.0;0.0;0.0;0.0;0.0;0.0;0.0;92.66666666666667;7;18:51;11;18:04;BERÇO CS 02;OUTROS_SABOO;CGNC;;BERÇO CS 02;7;14:00;7;15:25;7;15:25;11;12:05;;;;;;
S20254;213;28.0;177.85;10.16;0;0;0;7;14:30;0.0;0.0;0.33;0.33;0.0;0.0;0.0;304.6666666666667;7;19:05;20;14:59;BERÇO ARM 13/14;OUTROS_PAQUETA;CGNC;;BERÇO ARM 13/14;7;14:50;7;16:00;7;16:00;20;08:40;;;;;;
S20254;214;22.0;119.9;7.6;0;0;0;7;15:00;0.0;0.0;0.17;0.17;0.0;0.0;0.0;49.083333333333336;7;19:03;10;02:46;BERÇO IB BC;AGEO_TERMINAIS;GL;;BERÇO Ageo I;7;15:10;7;16:55;7;16:55;9;18:00;9;18:00;9;19:20
S20254;216;43.0;270.93;10.0;0;0;0;7;21:00;1.25;0.0;3.0;4.25;0.0;0.33;0.33;16.0;7;22:25;8;16:41;BERÇO TECON 2;SANTOSBR;CGC;;BERÇO TECON 2;8;01:15;8;02:30;8;02:30;8;18:30;8;18:50;8;19:40
S20254;217;25.0;160.0;6.8;0;0;0;7;22:20;1.67;0.0;0.58;2.25;0.0;0.0;0.0;90.83333333333333;7;23:00;12;03:30;BERÇO Ageo I;AGEO_TERMINAIS;GL;;BERÇO IB OE;8;00:35;8;02:20;8;02:20;11;21:10;;;;;;
S20254;218;17.0;82.3;4.4;0;0;0;7;22:40;0.0;0.0;0.0;0.0;0.0;1.58;1.58;19.083333333333332;7;22:50;8;17:20;BERÇO SAIPEM 1;SAIPEM;CGNC;;BERÇO SAIPEM 2;7;22:40;7;23:35;7;23:35;8;18:40;8;20:15;8;21:05
S20254;219;32.0;183.1;9.8;0;0;0;7;22:52;1.08;0.0;0.0;1.08;0.0;4.17;4.17;61.166666666666664;7;23:59;10;16:10;BERÇO AL 03;OUTROS_ALAMOA;CGNC;;BERÇO AL 03;8;00:00;8;01:35;8;01:35;10;14:45;10;18:55;10;20:45
S20254;221;36.0;266.65;12.3;0;0;0;8;01:00;0.0;4.08;14.67;18.75;0.0;0.25;0.25;13.583333333333334;8;01:48;8;15:48;BERÇO TECON 3;SANTOSBR;CGC;;BERÇO TECON 2;8;19:45;8;20:40;8;20:40;9;10:15;9;10:30;9;11:40
S20254;222;35.0;185.97;9.45;0;0;0;8;02:00;0.0;4.33;0.0;4.33;0.0;0.08;0.08;12.833333333333334;8;12:29;9;07:35;BERÇO DPW 3;DPW - CGC;CGC;;BERÇO DPW 1;8;06:20;8;07:40;8;07:40;8;20:30;8;20:35;8;22:10
S20254;223;48.0;299.99;10.6;0;0;0;8;02:18;0.0;0.0;0.0;0.0;0.67;0.67;1.33;21.666666666666668;9;04:34;10;03:13;BERÇO BTP 2;BTP;CGC;;BERÇO BTP 2;8;02:20;8;04:10;8;04:10;9;01:50;9;03:10;9;04:35
S20254;224;33.0;183.1;9.6;0;0;0;8;03:48;0.0;0.0;0.0;0.0;0.0;0.25;0.25;60.0;8;04:56;10;16:10;BERÇO IB SP;AGEO_TERMINAIS;GL;;BERÇO IB BC;8;03:50;8;05:15;8;05:15;10;17:15;10;17:30;10;19:10
S20254;225;30.0;222.15;10.0;0;0;0;8;04:00;0.0;0.0;0.08;0.08;0.0;0.92;0.92;6.916666666666667;8;04:42;8;12:40;BERÇO TECON 1.2;SANTOSBR;CGC;;BERÇO TECON 1.2;8;04:05;8;05:00;8;05:00;8;11:55;8;12:50;8;14:00
S20254;226;28.0;172.0;7.7;0;0;0;8;05:00;0.0;0.0;0.0;0.0;0.0;0.58;0.58;20.333333333333332;8;05:47;9;07:57;BERÇO TECON 1.1;SANTOSBR;CGC;;BERÇO TECON 1.1;8;05:00;8;05:55;8;05:55;9;02:15;9;02:50;9;04:00
S20254;227;32.0;199.9;8.12;0;0;0;8;05:05;0.0;0.0;0.5;0.5;0.0;0.17;0.17;41.833333333333336;8;05:50;10;01:18;BERÇO ARM 34;OUTROS_LIBRA;CGNC;;BERÇO ARM 34;8;05:35;8;06:50;8;06:50;10;00:40;10;00:50;10;01:40
S20254;228;38.0;333.33;8.55;0;1;0;8;06:25;2.42;0.0;0.08;2.5;0.0;0.0;0.0;12.166666666666666;8;07:20;8;18:45;BERÇO OUT 1;CONCAIS;PASSAGEIROS;;BERÇO OUT 1;8;08:55;8;10:15;8;10:15;8;22:25;8;22:25;8;23:20
S20254;229;51.0;336.0;13.3;0;0;0;8;07:00;3.33;1.67;0.0;5.0;0.0;0.0;0.0;77.25;8;08:50;11;17:18;BERÇO DPW 1;DPW - CGC;CGC;;BERÇO DPW 2;8;12:00;8;13:20;8;13:20;11;18:35;;;;;;
S20254;232;51.0;336.0;14.4;0;0;0;8;09:52;4.25;0.0;0.58;4.83;0.0;1.92;1.92;22.666666666666668;9;04:57;10;07:40;BERÇO TECON 3;SANTOSBR;CGC;;BERÇO TECON 3;8;14:45;8;15:40;8;15:40;9;14:20;9;16:15;9;17:25
S20254;233;37.0;227.97;10.0;0;0;0;8;12:00;0.0;0.0;0.42;0.42;0.0;1.67;1.67;21.416666666666668;8;13:12;9;12:48;BERÇO TECON 1.2;SANTOSBR;CGC;;BERÇO TECON 1.2;8;12:25;8;13:20;8;13:20;9;10:45;9;12:25;9;13:35
S20254;234;40.0;300.4;11.5;0;0;0;8;15:00;0.0;0.0;1.83;1.83;0.0;0.0;0.0;13.0;8;21:40;9;11:55;BERÇO BTP 3;BTP;CGC;;BERÇO BTP 3;8;16:50;8;18:20;8;18:20;9;07:20;9;07:20;9;09:05
S20254;237;17.0;82.3;5.0;0;0;0;8;21:20;0.0;0.0;0.0;0.0;0.0;0.0;0.0;89.33333333333333;8;21:35;12;14:15;BERÇO SAIPEM 1;SAIPEM;CGNC;;BERÇO SAIPEM 1;8;21:20;8;22:15;8;22:15;12;15:35;;;;;;
S20254;238;32.0;183.0;8.0;0;0;0;8;23:10;0.83;0.0;0.0;0.83;0.0;1.33;1.33;32.916666666666664;9;00:50;10;18:22;BERÇO AL 01;TRANSPETRO;GL;;BERÇO AL 01;9;00:00;9;01:55;9;01:55;10;10:50;10;12:10;10;13:40
S20254;239;48.0;333.2;11.8;0;0;0;9;00:50;3.83;7.5;0.0;11.33;0.0;0.0;0.0;28.083333333333332;9;01:54;10;08:40;BERÇO TECON 2;SANTOSBR;CGC;;BERÇO TECON 1.2;9;12:10;9;13:05;9;13:05;10;17:10;10;17:10;10;18:20
S20254;240;32.31;189.9;7.0;0;0;0;9;01:35;0.0;0.0;0.0;0.0;0.0;0.0;0.0;71.58333333333333;9;22:42;13;04:10;BERÇO TIPLAM 3;TIPLAM - GSA - E;GSA - E;;BERÇO TIPLAM 3;9;01:35;9;04:05;9;04:05;12;03:40;;;;;;
S20254;242;50.0;305.0;8.52;0;1;0;9;05:42;0.25;0.0;0.0;0.25;0.0;0.67;0.67;11.333333333333334;9;06:35;9;17:10;BERÇO ARM 31/32;CONCAIS;PASSAGEIROS;;BERÇO OUT 1;9;06:00;9;07:20;9;07:20;9;18:40;9;19:20;9;20:15
S20254;243;37.0;229.0;7.5;0;0;0;9;06:00;0.0;14.33;0.0;14.33;0.0;0.0;0.0;65.75;10;15:10;13;12:10;BERÇO TGG;TGG;GSA - E;;BERÇO TGG;9;20:20;9;21:30;9;21:30;12;15:15;;;;;;
S20254;244;52.0;331.43;8.65;0;1;0;9;06:15;0.0;0.0;0.0;0.0;0.0;0.25;0.25;11.083333333333334;9;07:10;9;17:30;BERÇO OUT 1;CONCAIS;PASSAGEIROS;;BERÇO ARM 31/32;9;06:15;9;07:30;9;07:30;9;18:35;9;18:50;9;20:00
S20254;245;40.0;272.05;10.7;0;0;0;9;07:00;0.92;26.08;0.0;27.0;0.0;0.0;0.0;17.333333333333332;9;14:50;10;09:15;BERÇO TECON 1.2;SANTOSBR;CGC;;BERÇO TECON 2;10;10:00;10;10:55;10;10:55;11;04:15;;;;;;
S20254;246;32.0;260.66;11.4;0;0;0;9;07:15;1.33;27.5;0.0;28.83;0.0;0.0;0.0;18.333333333333332;9;21:40;10;18:13;BERÇO DPW 2;DPW - CGC;CGC;;BERÇO DPW 1;10;12:05;10;13:25;10;13:25;11;07:45;;;;;;
S20254;248;51.0;335.93;10.0;0;0;0;9;08:30;0.83;0.0;0.0;0.83;0.0;0.0;0.0;24.25;10;11:20;11;14:25;BERÇO TECON 3;SANTOSBR;CGC;;BERÇO TECON 2;9;09:20;9;10:35;9;10:35;10;10:50;10;10:50;10;11:40
S20254;250;45.0;299.9;10.75;0;0;0;9;14:00;0.0;1.42;0.0;1.42;0.0;0.0;0.0;51.333333333333336;10;12:25;12;17:35;BERÇO TECON 1.2;SANTOSBR;CGC;;BERÇO TECON 3;9;15:25;9;16:20;9;16:20;11;19:40;;;;;;
S20254;251;18.0;116.9;4.6;0;0;0;9;14:06;0.0;0.0;0.08;0.08;0.0;0.0;0.0;21.833333333333332;10;06:00;11;15:35;BERÇO IB BC;AGEO_TERMINAIS;GL;;BERÇO IB SP;9;14:15;9;16:00;9;16:00;10;13:50;10;13:50;10;15:10
S20254;252;32.0;199.97;9.0;0;0;1;9;15:00;0.0;0.08;0.0;0.08;0.0;3.33;3.33;12.416666666666666;9;15:50;10;08:10;BERÇO TEV;TEV;RORO;;BERÇO TEV;9;15:05;9;16:25;9;16:25;10;04:50;10;08:10;10;09:05
S20254;253;40.0;272.02;13.2;0;0;0;9;16:20;0.0;0.0;4.67;4.67;0.0;0.0;0.0;30.333333333333332;9;17:40;11;00:40;BERÇO BTP 3;BTP;CGC;;BERÇO BTP 2;9;21:00;9;22:30;9;22:30;11;04:50;;;;;;
S20254;254;32.0;199.0;8.8;0;0;1;9;17:30;1.33;27.33;0.0;28.67;0.0;0.0;0.0;13.916666666666666;10;13:23;11;08:27;BERÇO TEV;TEV;RORO;;BERÇO TEV;10;22:10;10;23:30;10;23:30;11;13:25;;;;;;
S20254;259;32.0;188.0;6.4;0;0;0;10;02:23;0.0;0.0;0.25;0.25;0.0;0.0;0.0;31.916666666666668;10;03:15;11;12:50;BERÇO ARM 20/21;AUTORIDADE_OUT;CGNC;;BERÇO ARM 20/21;10;02:40;10;04:05;10;04:05;11;12:00;;;;;;
S20254;260;44.0;323.0;8.5;0;1;0;10;05:00;0.0;0.0;0.0;0.0;0.0;0.0;0.0;12.583333333333334;10;05:55;10;17:45;BERÇO OUT 1;CONCAIS;PASSAGEIROS;;BERÇO ARM 31/32;10;05:00;10;06:15;10;06:15;10;18:50;10;18:50;10;20:00
S20254;261;44.0;289.59;8.3;0;1;0;10;06:30;0.0;0.0;0.0;0.0;0.0;0.0;0.0;11.416666666666666;10;07:25;10;18:05;BERÇO ARM 25;CONCAIS;PASSAGEIROS;;BERÇO ARM 25;10;06:30;10;07:50;10;07:50;10;19:15;10;19:15;10;20:30
S20254;265;48.0;333.2;14.4;0;0;0;10;15:30;0.0;0.92;0.0;0.92;0.0;0.0;0.0;39.833333333333336;10;16:22;12;11:40;BERÇO TECON 2;SANTOSBR;CGC;;BERÇO TECON 1.2;10;16:25;10;17:20;10;17:20;12;09:10;;;;;;
S20254;268;33.0;183.1;7.9;0;0;0;10;16:10;0.0;0.0;0.0;0.0;0.0;0.0;0.0;42.333333333333336;10;16:48;12;13:41;BERÇO AL 03;OUTROS_ALAMOA;CGNC;;BERÇO AL 04;10;16:10;10;17:45;10;17:45;12;12:05;;;;;;
S20254;269;32.0;183.1;9.5;0;0;0;10;16:10;0.0;0.0;4.67;4.67;0.0;0.0;0.0;76.41666666666667;10;16:50;13;21:34;BERÇO IB SP;ADONAI;GL;;BERÇO IB BC;10;20:50;10;22:15;10;22:15;14;02:40;;;;;;
S20254;271;19.0;88.8;5.3;0;0;0;10;21:10;0.0;0.0;0.0;0.0;0.0;0.0;0.0;18.75;10;21:20;11;15:30;BERÇO SAIPEM 2;SAIPEM;CGNC;;BERÇO SAIPEM 3;10;21:10;10;22:05;10;22:05;11;16:50;;;;;;
S20254;24;32.0;199.9;6.6;0;0;0;-7;14:00;0.0;0.0;0.0;0.0;0.75;0.08;0.83;34.583333333333336;0;12:30;2;09:50;BERÇO ARM 20/21;AUTORIDADE_OUT;CGNC;;BERÇO ARM 20/21;;;;;;;;;2;11:25;2;12:25
S20254;29;32.0;225.0;8.0;0;0;0;-6;03:00;0.0;0.0;0.0;0.0;0.0;0.08;0.08;19.833333333333332;0;21:10;1;19:05;BERÇO ARM 32;AUTORIDADE_MACUCO;CGNC;;BERÇO ARM 32;;;;;;;;;1;19:55;1;20:45
S20254;38;33.0;224.96;7.0;0;0;0;-6;11:36;0.0;0.0;0.0;0.0;1.0;0.0;1.0;9.833333333333334;-3;01:10;1;09:05;BERÇO OUT 3;TGRAO;GSA - E;;BERÇO OUT 3;;;;;;;;;1;10:50;1;11:45
S20254;76;32.0;204.35;11.6;0;0;0;-3;08:30;0.0;0.0;0.0;0.0;0.0;0.17;0.17;15.833333333333334;-1;17:24;1;15:04;BERÇO DPW 4;DPW - CGNC;CGNC;;BERÇO DPW 4;;;;;;;;;1;16:00;1;17:10
S20254;77;23.0;142.4;7.0;0;0;0;-3;09:30;0.0;0.0;0.0;0.0;0.0;2.42;2.42;30.916666666666668;-3;13:40;2;06:10;BERÇO IB OE;AGEO_TERMINAIS;GL;;BERÇO IB OE;;;;;;;;;2;09:20;2;11:00
S20254;79;32.0;183.06;11.4;0;0;0;-3;12:00;0.0;0.0;0.0;0.0;0.0;0.0;0.0;16.083333333333332;-2;18:45;1;15:18;BERÇO Ageo I;AGEO_TERMINAIS;GL;;BERÇO Ageo I;;;;;;;;;1;16:05;1;17:45
S20254;87;51.0;335.93;13.3;0;0;0;-3;21:18;0.0;0.0;0.0;0.0;0.0;0.0;0.0;9.583333333333334;-1;18:32;1;08:50;BERÇO TECON 3;SANTOSBR;CGC;;BERÇO TECON 3;;;;;;;;;1;09:35;1;10:45
S20254;92;43.0;270.9;10.8;0;0;0;-2;03:00;0.0;0.0;0.0;0.0;0.0;0.0;0.0;34.5;0;14:26;2;09:43;BERÇO DPW 1;DPW - CGC;CGC;;BERÇO DPW 1;;;;;;;;;2;10:30;2;12:05
S20254;98;32.0;186.07;8.2;0;0;0;-2;20:04;0.0;0.0;0.0;0.0;0.0;0.25;0.25;19.416666666666668;-2;21:25;1;18:40;BERÇO IB SP;AGEO_TERMINAIS;GL;;BERÇO IB SP;;;;;;;;;1;19:40;1;21:20
S20254;105;32.0;213.88;8.5;0;0;0;-1;07:30;0.0;0.0;0.0;0.0;0.0;0.0;0.0;4.916666666666667;0;08:08;1;04:10;BERÇO VAL;BTP;CGC;;BERÇO VAL;;;;;;;;;1;04:55;1;06:35
S20254;106;38.0;229.2;7.9;0;0;0;-1;07:45;0.0;0.0;0.0;0.0;0.0;0.0;0.0;112.0;-1;11:40;5;15:15;BERÇO ARM 12A;OUTROS_PAQUETA;CGNC;;BERÇO ARM 12A;;;;;;;;;5;16:00;5;17:05
S20254;108;32.0;231.0;11.5;0;0;0;-1;10:00;0.0;0.0;0.0;0.0;0.0;0.33;0.33;12.75;0;07:35;1;12:00;BERÇO TECON 2;SANTOSBR;CGC;;BERÇO TECON 2;;;;;;;;;1;13:05;1;14:15
S20254;111;25.0;182.47;7.6;0;0;0;-1;13:00;0.0;0.0;0.0;0.0;0.0;1.83;1.83;5.666666666666667;-1;13:25;1;04:55;BERÇO TECON 1.1;SANTOSBR;CGC;;BERÇO TECON 1.1;;;;;;;;;1;07:30;1;08:40
S20254;112;33.0;177.9;8.2;0;0;0;-1;13:20;0.0;0.0;0.0;0.0;0.0;0.5;0.5;110.66666666666667;-1;13:30;5;13:55;BERÇO SAIPEM 1;SAIPEM;CGNC;;BERÇO SAIPEM 1;;;;;;;;;5;15:10;5;15:40
S20254;113;32.25;294.1;12.55;0;0;0;-1;17:00;0.0;0.0;0.0;0.0;0.0;0.0;0.0;13.0;0;06:13;1;12:13;BERÇO DPW 2;DPW - CGC;CGC;;BERÇO DPW 2;;;;;;;;;1;13:00;1;14:35
S20254;117;48.0;329.86;12.4;0;0;0;0;00:01;0.0;0.0;0.0;0.0;0.0;1.92;1.92;25.25;0;09:49;2;00:30;BERÇO BTP 2;BTP;CGC;;BERÇO BTP 2;;;;;;;;;2;03:10;2;04:55
S20254;119;21.0;134.75;7.9;0;0;0;0;04:23;0.0;0.0;0.0;0.0;0.0;0.0;0.0;38.5;0;05:52;2;13:45;BERÇO IB BC;AGEO_TERMINAIS;GL;;BERÇO IB BC;;;;;;;;;2;14:30;2;16:10
S20254;121;37.0;255.0;10.3;0;0;0;0;05:30;0.0;0.0;0.0;0.0;0.0;0.0;0.0;2.3333333333333335;0;06:30;1;01:35;BERÇO TECON 1.2;SANTOSBR;CGC;;BERÇO TECON 1.2;;;;;;;;;1;02:20;1;03:30
S20254;123;32.23;183.05;8.8;0;0;0;0;07:45;0.0;0.0;0.0;0.0;0.0;0.0;0.0;46.5;0;12:20;2;21:42;BERÇO AL 01;TRANSPETRO;GL;;BERÇO AL 01;;;;;;;;;2;22:30;3;00:00
S20254;124;19.0;88.8;4.9;0;0;0;0;14:05;0.0;0.0;0.0;0.0;0.0;0.08;0.08;49.25;0;14:15;3;00:30;BERÇO SAIPEM 2;SAIPEM;CGNC;;BERÇO SAIPEM 2;;;;;;;;;3;01:20;3;01:50
S20254;127;36.0;199.99;8.65;0;0;0;0;17:30;0.0;0.0;0.0;0.0;0.0;0.08;0.08;39.0;0;20:05;2;14:15;BERÇO ARM 34;OUTROS_LIBRA;CGNC;;BERÇO ARM 34;;;;;;;;;2;15:05;2;15:55
